[2026-09-03 20:28:28.794] [5584] [HailoRT] [error] [file_utils.cpp:124] [open] CHECK failed - Failed opening file, path: yolo26n.hef
[2026-09-03 20:28:28.800] [5584] [HailoRT] [error] [hef.cpp:560] [parse_hef_file] CHECK_SUCCESS failed with status=HAILO_OPEN_FILE_FAILURE(13)
[2026-09-03 20:28:28.801] [5584] [HailoRT] [error] [hef.cpp:1060] [Impl] Failed parsing HEF file
[2026-09-03 20:28:28.801] [5584] [HailoRT] [error] [hef.cpp:333] [create] Failed creating HEF
[2026-09-03 20:28:28.803] [5584] [HailoRT] [error] [hef.cpp:168] [create] CHECK_SUCCESS failed with status=HAILO_OPEN_FILE_FAILURE(13)
[2026-09-03 21:15:55.976] [7906] [HailoRT] [error] [file_utils.cpp:124] [open] CHECK failed - Failed opening file, path: yolov26n_coco.hef
[2026-09-03 21:15:55.981] [7906] [HailoRT] [error] [hef.cpp:560] [parse_hef_file] CHECK_SUCCESS failed with status=HAILO_OPEN_FILE_FAILURE(13)
[2026-09-03 21:15:55.983] [7906] [HailoRT] [error] [hef.cpp:1060] [Impl] Failed parsing HEF file
[2026-09-03 21:15:55.983] [7906] [HailoRT] [error] [hef.cpp:333] [create] Failed creating HEF
[2026-09-03 21:15:55.984] [7906] [HailoRT] [error] [hef.cpp:168] [create] CHECK_SUCCESS failed with status=HAILO_OPEN_FILE_FAILURE(13)
[2026-09-03 21:16:27.917] [7952] [HailoRT] [info] [vdevice.cpp:535] [create] Creating vdevice with params: device_count: 1, scheduling_algorithm: NONE, multi_process_service: false
[2026-09-03 21:16:27.935] [7952] [HailoRT] [info] [device.cpp:51] [Device] OS Version: Linux 6.18.39+rpt-rpi-2712 #1 SMP PREEMPT Debian 1:6.18.39-1+rpt1 (2026-07-29) aarch64
[2026-09-03 21:16:27.935] [7952] [HailoRT] [info] [control.cpp:113] [control__parse_identify_results] firmware_version is: 4.23.0
[2026-09-03 21:16:27.935] [7952] [HailoRT] [info] [vdevice.cpp:682] [create] VDevice Infos: 0001:01:00.0
[2026-09-03 21:16:27.946] [7952] [HailoRT] [info] [internal_buffer_manager.cpp:77] [print_execution_results] Planned internal buffer memory: CMA=0 CMA-Desc=720896 Pinned=1390080. memory to edge layer usage factor is 1
[2026-09-03 21:16:27.946] [7952] [HailoRT] [info] [internal_buffer_manager.cpp:86] [print_execution_results] Default Internal buffer planner executed successfully
[2026-09-03 21:16:27.975] [7952] [HailoRT] [info] [device_internal.cpp:57] [configure] Configuring HEF took 39.28109 milliseconds
[2026-09-03 21:16:27.975] [7952] [HailoRT] [info] [vdevice.cpp:780] [configure] Configuring HEF on VDevice took 39.938312 milliseconds
[2026-09-03 21:16:27.975] [7952] [HailoRT] [info] [hef.cpp:1994] [get_network_group_and_network_name] No name was given. Addressing all networks of default network_group: yolo26n
[2026-09-03 21:16:27.976] [7952] [HailoRT] [info] [hef.cpp:1994] [get_network_group_and_network_name] No name was given. Addressing all networks of default network_group: yolo26n
[2026-09-03 21:16:27.979] [7952] [HailoRT] [info] [edge_elements.cpp:52] [create] Created (HwWriteEl3yolo26n/input_layer1 | hw_frame_size: 1228800)
[2026-09-03 21:16:27.980] [7952] [HailoRT] [info] [queue_elements.cpp:284] [create] Created (PushQEl3yolo26n/input_layer1 | timeout: 10s)
[2026-09-03 21:16:27.980] [7952] [HailoRT] [info] [filter_elements.cpp:101] [create] Created (PreInferEl3yolo26n/input_layer1 | Reorder - src_order: NHWC, src_shape: (640, 640, 3), dst_order: NHCW, dst_shape: (640, 640, 3))
[2026-09-03 21:16:27.980] [7952] [HailoRT] [info] [vstream.cpp:754] [InputVStreamImpl] Creating yolo26n/input_layer1...
[2026-09-03 21:16:27.980] [7952] [HailoRT] [info] [vstream_builder.cpp:102] [create_inputs] Input pipeline 'yolo26n/input_layer1': (PreInferEl3yolo26n/input_layer1 | Reorder - src_order: NHWC, src_shape: (640, 640, 3), dst_order: NHCW, dst_shape: (640, 640, 3)) >> (PushQEl3yolo26n/input_layer1 | timeout: 10s) >> (HwWriteEl3yolo26n/input_layer1 | hw_frame_size: 1228800) >> HW
[2026-09-03 21:16:27.980] [7952] [HailoRT] [info] [edge_elements.cpp:287] [create] Created (HwReadEl14yolo26n/conv61 | hw_frame_size: 51200)
[2026-09-03 21:16:27.980] [7952] [HailoRT] [info] [queue_elements.cpp:657] [create] Created (PullQEl_hw_read14yolo26n/conv61)
[2026-09-03 21:16:27.980] [7952] [HailoRT] [info] [filter_elements.cpp:372] [create] Created (PostInferEl14yolo26n/conv61 | Quantization - src_type: UINT16, dst_type FLOAT32, limvals_min: -0.825702, limvals_max: 9.2735)
[2026-09-03 21:16:27.980] [7952] [HailoRT] [info] [queue_elements.cpp:800] [create] Created (UserBuffQEl14yolo26n/conv61 | timeout: 10s)
[2026-09-03 21:16:27.980] [7952] [HailoRT] [info] [vstream.cpp:1114] [OutputVStreamImpl] Creating yolo26n/conv61...
[2026-09-03 21:16:27.980] [7952] [HailoRT] [info] [vstream_builder.cpp:220] [create_outputs] Output pipeline 'yolo26n/conv61': HW >> (HwReadEl14yolo26n/conv61 | hw_frame_size: 51200) >> (PullQEl_hw_read14yolo26n/conv61) >> (PostInferEl14yolo26n/conv61 | Quantization - src_type: UINT16, dst_type FLOAT32, limvals_min: -0.825702, limvals_max: 9.2735) >> (UserBuffQEl14yolo26n/conv61 | timeout: 10s)
[2026-09-03 21:16:27.980] [7952] [HailoRT] [info] [edge_elements.cpp:287] [create] Created (HwReadEl15yolo26n/conv64 | hw_frame_size: 1024000)
[2026-09-03 21:16:27.980] [7952] [HailoRT] [info] [queue_elements.cpp:657] [create] Created (PullQEl_hw_read15yolo26n/conv64)
[2026-09-03 21:16:27.980] [7952] [HailoRT] [info] [filter_elements.cpp:372] [create] Created (PostInferEl15yolo26n/conv64 | Quantization - src_type: UINT16, dst_type FLOAT32, limvals_min: -46.6097, limvals_max: 2.33623)
[2026-09-03 21:16:27.980] [7952] [HailoRT] [info] [queue_elements.cpp:800] [create] Created (UserBuffQEl15yolo26n/conv64 | timeout: 10s)
[2026-09-03 21:16:27.980] [7952] [HailoRT] [info] [vstream.cpp:1114] [OutputVStreamImpl] Creating yolo26n/conv64...
[2026-09-03 21:16:27.980] [7952] [HailoRT] [info] [vstream_builder.cpp:220] [create_outputs] Output pipeline 'yolo26n/conv64': HW >> (HwReadEl15yolo26n/conv64 | hw_frame_size: 1024000) >> (PullQEl_hw_read15yolo26n/conv64) >> (PostInferEl15yolo26n/conv64 | Quantization - src_type: UINT16, dst_type FLOAT32, limvals_min: -46.6097, limvals_max: 2.33623) >> (UserBuffQEl15yolo26n/conv64 | timeout: 10s)
[2026-09-03 21:16:27.980] [7952] [HailoRT] [info] [edge_elements.cpp:287] [create] Created (HwReadEl11yolo26n/conv77 | hw_frame_size: 12800)
[2026-09-03 21:16:27.980] [7952] [HailoRT] [info] [queue_elements.cpp:657] [create] Created (PullQEl_hw_read11yolo26n/conv77)
[2026-09-03 21:16:27.980] [7952] [HailoRT] [info] [filter_elements.cpp:372] [create] Created (PostInferEl11yolo26n/conv77 | Quantization - src_type: UINT16, dst_type FLOAT32, limvals_min: -0.188352, limvals_max: 16.492)
[2026-09-03 21:16:27.980] [7952] [HailoRT] [info] [queue_elements.cpp:800] [create] Created (UserBuffQEl11yolo26n/conv77 | timeout: 10s)
[2026-09-03 21:16:27.980] [7952] [HailoRT] [info] [vstream.cpp:1114] [OutputVStreamImpl] Creating yolo26n/conv77...
[2026-09-03 21:16:27.980] [7952] [HailoRT] [info] [vstream_builder.cpp:220] [create_outputs] Output pipeline 'yolo26n/conv77': HW >> (HwReadEl11yolo26n/conv77 | hw_frame_size: 12800) >> (PullQEl_hw_read11yolo26n/conv77) >> (PostInferEl11yolo26n/conv77 | Quantization - src_type: UINT16, dst_type FLOAT32, limvals_min: -0.188352, limvals_max: 16.492) >> (UserBuffQEl11yolo26n/conv77 | timeout: 10s)
[2026-09-03 21:16:27.980] [7952] [HailoRT] [info] [edge_elements.cpp:287] [create] Created (HwReadEl13yolo26n/conv80 | hw_frame_size: 256000)
[2026-09-03 21:16:27.981] [7952] [HailoRT] [info] [queue_elements.cpp:657] [create] Created (PullQEl_hw_read13yolo26n/conv80)
[2026-09-03 21:16:27.981] [7952] [HailoRT] [info] [filter_elements.cpp:372] [create] Created (PostInferEl13yolo26n/conv80 | Quantization - src_type: UINT16, dst_type FLOAT32, limvals_min: -191.15, limvals_max: 3.18485)
[2026-09-03 21:16:27.981] [7952] [HailoRT] [info] [queue_elements.cpp:800] [create] Created (UserBuffQEl13yolo26n/conv80 | timeout: 10s)
[2026-09-03 21:16:27.981] [7952] [HailoRT] [info] [vstream.cpp:1114] [OutputVStreamImpl] Creating yolo26n/conv80...
[2026-09-03 21:16:27.981] [7952] [HailoRT] [info] [vstream_builder.cpp:220] [create_outputs] Output pipeline 'yolo26n/conv80': HW >> (HwReadEl13yolo26n/conv80 | hw_frame_size: 256000) >> (PullQEl_hw_read13yolo26n/conv80) >> (PostInferEl13yolo26n/conv80 | Quantization - src_type: UINT16, dst_type FLOAT32, limvals_min: -191.15, limvals_max: 3.18485) >> (UserBuffQEl13yolo26n/conv80 | timeout: 10s)
[2026-09-03 21:16:27.981] [7952] [HailoRT] [info] [edge_elements.cpp:287] [create] Created (HwReadEl0yolo26n/conv91 | hw_frame_size: 6400)
[2026-09-03 21:16:27.981] [7952] [HailoRT] [info] [queue_elements.cpp:657] [create] Created (PullQEl_hw_read0yolo26n/conv91)
[2026-09-03 21:16:27.981] [7952] [HailoRT] [info] [filter_elements.cpp:372] [create] Created (PostInferEl0yolo26n/conv91 | Quantization - src_type: UINT16, dst_type FLOAT32, limvals_min: -0.0952498, limvals_max: 18.8202 | Reorder - src_order: FCR, src_shape: (20, 20, 8), dst_order: FCR, dst_shape: (20, 20, 4))
[2026-09-03 21:16:27.981] [7952] [HailoRT] [info] [queue_elements.cpp:800] [create] Created (UserBuffQEl0yolo26n/conv91 | timeout: 10s)
[2026-09-03 21:16:27.981] [7952] [HailoRT] [info] [vstream.cpp:1114] [OutputVStreamImpl] Creating yolo26n/conv91...
[2026-09-03 21:16:27.981] [7952] [HailoRT] [info] [vstream_builder.cpp:220] [create_outputs] Output pipeline 'yolo26n/conv91': HW >> (HwReadEl0yolo26n/conv91 | hw_frame_size: 6400) >> (PullQEl_hw_read0yolo26n/conv91) >> (PostInferEl0yolo26n/conv91 | Quantization - src_type: UINT16, dst_type FLOAT32, limvals_min: -0.0952498, limvals_max: 18.8202 | Reorder - src_order: FCR, src_shape: (20, 20, 8), dst_order: FCR, dst_shape: (20, 20, 4)) >> (UserBuffQEl0yolo26n/conv91 | timeout: 10s)
[2026-09-03 21:16:27.981] [7952] [HailoRT] [info] [edge_elements.cpp:287] [create] Created (HwReadEl1yolo26n/conv94 | hw_frame_size: 64000)
[2026-09-03 21:16:27.981] [7952] [HailoRT] [info] [queue_elements.cpp:657] [create] Created (PullQEl_hw_read1yolo26n/conv94)
[2026-09-03 21:16:27.981] [7952] [HailoRT] [info] [filter_elements.cpp:372] [create] Created (PostInferEl1yolo26n/conv94 | Quantization - src_type: UINT16, dst_type FLOAT32, limvals_min: -156.296, limvals_max: 3.59132)
[2026-09-03 21:16:27.981] [7952] [HailoRT] [info] [queue_elements.cpp:800] [create] Created (UserBuffQEl1yolo26n/conv94 | timeout: 10s)
[2026-09-03 21:16:27.981] [7952] [HailoRT] [info] [vstream.cpp:1114] [OutputVStreamImpl] Creating yolo26n/conv94...
[2026-09-03 21:16:27.981] [7952] [HailoRT] [info] [vstream_builder.cpp:220] [create_outputs] Output pipeline 'yolo26n/conv94': HW >> (HwReadEl1yolo26n/conv94 | hw_frame_size: 64000) >> (PullQEl_hw_read1yolo26n/conv94) >> (PostInferEl1yolo26n/conv94 | Quantization - src_type: UINT16, dst_type FLOAT32, limvals_min: -156.296, limvals_max: 3.59132) >> (UserBuffQEl1yolo26n/conv94 | timeout: 10s)
[2026-09-03 21:16:27.982] [7952] [HailoRT] [info] [core_op.cpp:156] [activate] Activating yolo26n took 0.775851 milliseconds. Note that the function is asynchronous and thus the network is not fully activated yet.
[2026-09-03 21:16:27.982] [7952] [HailoRT] [info] [core_op.cpp:156] [activate] Activating yolo26n took 0.795703 milliseconds. Note that the function is asynchronous and thus the network is not fully activated yet.
[2026-09-07 13:53:40.903] [3266] [HailoRT] [error] [file_utils.cpp:124] [open] CHECK failed - Failed opening file, path: yolov26n_coco.hef
[2026-09-07 13:53:40.907] [3266] [HailoRT] [error] [hef.cpp:560] [parse_hef_file] CHECK_SUCCESS failed with status=HAILO_OPEN_FILE_FAILURE(13)
[2026-09-07 13:53:40.907] [3266] [HailoRT] [error] [hef.cpp:1060] [Impl] Failed parsing HEF file
[2026-09-07 13:53:40.907] [3266] [HailoRT] [error] [hef.cpp:333] [create] Failed creating HEF
[2026-09-07 13:53:40.908] [3266] [HailoRT] [error] [hef.cpp:168] [create] CHECK_SUCCESS failed with status=HAILO_OPEN_FILE_FAILURE(13)
[2026-09-07 13:58:37.306] [3841] [HailoRT] [error] [file_utils.cpp:124] [open] CHECK failed - Failed opening file, path: yolov26n_sincalib_opt1.hef
[2026-09-07 13:58:37.306] [3841] [HailoRT] [error] [hef.cpp:560] [parse_hef_file] CHECK_SUCCESS failed with status=HAILO_OPEN_FILE_FAILURE(13)
[2026-09-07 13:58:37.306] [3841] [HailoRT] [error] [hef.cpp:1060] [Impl] Failed parsing HEF file
[2026-09-07 13:58:37.306] [3841] [HailoRT] [error] [hef.cpp:333] [create] Failed creating HEF
[2026-09-07 13:58:37.306] [3841] [HailoRT] [error] [hef.cpp:168] [create] CHECK_SUCCESS failed with status=HAILO_OPEN_FILE_FAILURE(13)
[2026-09-07 13:59:18.709] [3905] [HailoRT] [info] [vdevice.cpp:535] [create] Creating vdevice with params: device_count: 1, scheduling_algorithm: NONE, multi_process_service: false
[2026-09-07 13:59:18.721] [3905] [HailoRT] [info] [device.cpp:51] [Device] OS Version: Linux 6.18.39+rpt-rpi-2712 #1 SMP PREEMPT Debian 1:6.18.39-1+rpt1 (2026-07-29) aarch64
[2026-09-07 13:59:18.722] [3905] [HailoRT] [info] [control.cpp:113] [control__parse_identify_results] firmware_version is: 4.23.0
[2026-09-07 13:59:18.722] [3905] [HailoRT] [info] [vdevice.cpp:682] [create] VDevice Infos: 0001:01:00.0
[2026-09-07 13:59:18.732] [3905] [HailoRT] [info] [internal_buffer_manager.cpp:77] [print_execution_results] Planned internal buffer memory: CMA=0 CMA-Desc=917504 Pinned=2956800. memory to edge layer usage factor is 0.9621793
[2026-09-07 13:59:18.732] [3905] [HailoRT] [info] [internal_buffer_manager.cpp:86] [print_execution_results] Default Internal buffer planner executed successfully
[2026-09-07 13:59:18.761] [3905] [HailoRT] [info] [device_internal.cpp:57] [configure] Configuring HEF took 38.507579 milliseconds
[2026-09-07 13:59:18.761] [3905] [HailoRT] [info] [vdevice.cpp:780] [configure] Configuring HEF on VDevice took 39.166039 milliseconds
[2026-09-07 13:59:18.761] [3905] [HailoRT] [info] [hef.cpp:1994] [get_network_group_and_network_name] No name was given. Addressing all networks of default network_group: yolo26n
[2026-09-07 13:59:18.761] [3905] [HailoRT] [info] [hef.cpp:1994] [get_network_group_and_network_name] No name was given. Addressing all networks of default network_group: yolo26n
[2026-09-07 13:59:18.764] [3905] [HailoRT] [info] [edge_elements.cpp:52] [create] Created (HwWriteEl2yolo26n/input_layer1 | hw_frame_size: 2211840)
[2026-09-07 13:59:18.765] [3905] [HailoRT] [info] [vstream.cpp:754] [InputVStreamImpl] Creating yolo26n/input_layer1...
[2026-09-07 13:59:18.765] [3905] [HailoRT] [info] [vstream_builder.cpp:102] [create_inputs] Input pipeline 'yolo26n/input_layer1': (HwWriteEl2yolo26n/input_layer1 | hw_frame_size: 2211840) >> HW
[2026-09-07 13:59:18.765] [3905] [HailoRT] [info] [edge_elements.cpp:287] [create] Created (HwReadEl3yolo26n/conv61 | hw_frame_size: 92160)
[2026-09-07 13:59:18.765] [3905] [HailoRT] [info] [queue_elements.cpp:657] [create] Created (PullQEl_hw_read3yolo26n/conv61)
[2026-09-07 13:59:18.765] [3905] [HailoRT] [info] [filter_elements.cpp:372] [create] Created (PostInferEl3yolo26n/conv61 | Quantization - src_type: UINT16, dst_type FLOAT32, limvals_min: -0.881752, limvals_max: 6.27869)
[2026-09-07 13:59:18.765] [3905] [HailoRT] [info] [queue_elements.cpp:800] [create] Created (UserBuffQEl3yolo26n/conv61 | timeout: 10s)
[2026-09-07 13:59:18.765] [3905] [HailoRT] [info] [vstream.cpp:1114] [OutputVStreamImpl] Creating yolo26n/conv61...
[2026-09-07 13:59:18.765] [3905] [HailoRT] [info] [vstream_builder.cpp:220] [create_outputs] Output pipeline 'yolo26n/conv61': HW >> (HwReadEl3yolo26n/conv61 | hw_frame_size: 92160) >> (PullQEl_hw_read3yolo26n/conv61) >> (PostInferEl3yolo26n/conv61 | Quantization - src_type: UINT16, dst_type FLOAT32, limvals_min: -0.881752, limvals_max: 6.27869) >> (UserBuffQEl3yolo26n/conv61 | timeout: 10s)
[2026-09-07 13:59:18.765] [3905] [HailoRT] [info] [edge_elements.cpp:287] [create] Created (HwReadEl2yolo26n/conv64 | hw_frame_size: 23040)
[2026-09-07 13:59:18.766] [3905] [HailoRT] [info] [queue_elements.cpp:657] [create] Created (PullQEl_hw_read2yolo26n/conv64)
[2026-09-07 13:59:18.766] [3905] [HailoRT] [info] [filter_elements.cpp:372] [create] Created (PostInferEl2yolo26n/conv64 | Quantization - src_type: UINT16, dst_type FLOAT32, limvals_min: -164.817, limvals_max: 3.19963)
[2026-09-07 13:59:18.766] [3905] [HailoRT] [info] [queue_elements.cpp:800] [create] Created (UserBuffQEl2yolo26n/conv64 | timeout: 10s)
[2026-09-07 13:59:18.766] [3905] [HailoRT] [info] [vstream.cpp:1114] [OutputVStreamImpl] Creating yolo26n/conv64...
[2026-09-07 13:59:18.766] [3905] [HailoRT] [info] [vstream_builder.cpp:220] [create_outputs] Output pipeline 'yolo26n/conv64': HW >> (HwReadEl2yolo26n/conv64 | hw_frame_size: 23040) >> (PullQEl_hw_read2yolo26n/conv64) >> (PostInferEl2yolo26n/conv64 | Quantization - src_type: UINT16, dst_type FLOAT32, limvals_min: -164.817, limvals_max: 3.19963) >> (UserBuffQEl2yolo26n/conv64 | timeout: 10s)
[2026-09-07 13:59:18.766] [3905] [HailoRT] [info] [edge_elements.cpp:287] [create] Created (HwReadEl2yolo26n/conv77 | hw_frame_size: 23040)
[2026-09-07 13:59:18.766] [3905] [HailoRT] [info] [queue_elements.cpp:657] [create] Created (PullQEl_hw_read2yolo26n/conv77)
[2026-09-07 13:59:18.766] [3905] [HailoRT] [info] [filter_elements.cpp:372] [create] Created (PostInferEl2yolo26n/conv77 | Quantization - src_type: UINT16, dst_type FLOAT32, limvals_min: -0.67052, limvals_max: 17.2357)
[2026-09-07 13:59:18.766] [3905] [HailoRT] [info] [queue_elements.cpp:800] [create] Created (UserBuffQEl2yolo26n/conv77 | timeout: 10s)
[2026-09-07 13:59:18.766] [3905] [HailoRT] [info] [vstream.cpp:1114] [OutputVStreamImpl] Creating yolo26n/conv77...
[2026-09-07 13:59:18.766] [3905] [HailoRT] [info] [vstream_builder.cpp:220] [create_outputs] Output pipeline 'yolo26n/conv77': HW >> (HwReadEl2yolo26n/conv77 | hw_frame_size: 23040) >> (PullQEl_hw_read2yolo26n/conv77) >> (PostInferEl2yolo26n/conv77 | Quantization - src_type: UINT16, dst_type FLOAT32, limvals_min: -0.67052, limvals_max: 17.2357) >> (UserBuffQEl2yolo26n/conv77 | timeout: 10s)
[2026-09-07 13:59:18.766] [3905] [HailoRT] [info] [edge_elements.cpp:287] [create] Created (HwReadEl0yolo26n/conv80 | hw_frame_size: 5760)
[2026-09-07 13:59:18.766] [3905] [HailoRT] [info] [queue_elements.cpp:657] [create] Created (PullQEl_hw_read0yolo26n/conv80)
[2026-09-07 13:59:18.766] [3905] [HailoRT] [info] [filter_elements.cpp:372] [create] Created (PostInferEl0yolo26n/conv80 | Quantization - src_type: UINT16, dst_type FLOAT32, limvals_min: -67.4827, limvals_max: 0)
[2026-09-07 13:59:18.766] [3905] [HailoRT] [info] [queue_elements.cpp:800] [create] Created (UserBuffQEl0yolo26n/conv80 | timeout: 10s)
[2026-09-07 13:59:18.766] [3905] [HailoRT] [info] [vstream.cpp:1114] [OutputVStreamImpl] Creating yolo26n/conv80...
[2026-09-07 13:59:18.766] [3905] [HailoRT] [info] [vstream_builder.cpp:220] [create_outputs] Output pipeline 'yolo26n/conv80': HW >> (HwReadEl0yolo26n/conv80 | hw_frame_size: 5760) >> (PullQEl_hw_read0yolo26n/conv80) >> (PostInferEl0yolo26n/conv80 | Quantization - src_type: UINT16, dst_type FLOAT32, limvals_min: -67.4827, limvals_max: 0) >> (UserBuffQEl0yolo26n/conv80 | timeout: 10s)
[2026-09-07 13:59:18.766] [3905] [HailoRT] [info] [edge_elements.cpp:287] [create] Created (HwReadEl3yolo26n/conv91 | hw_frame_size: 11520)
[2026-09-07 13:59:18.766] [3905] [HailoRT] [info] [queue_elements.cpp:657] [create] Created (PullQEl_hw_read3yolo26n/conv91)
[2026-09-07 13:59:18.766] [3905] [HailoRT] [info] [filter_elements.cpp:372] [create] Created (PostInferEl3yolo26n/conv91 | Quantization - src_type: UINT16, dst_type FLOAT32, limvals_min: 0, limvals_max: 8.46146 | Reorder - src_order: FCR, src_shape: (20, 36, 8), dst_order: FCR, dst_shape: (20, 36, 4))
[2026-09-07 13:59:18.766] [3905] [HailoRT] [info] [queue_elements.cpp:800] [create] Created (UserBuffQEl3yolo26n/conv91 | timeout: 10s)
[2026-09-07 13:59:18.766] [3905] [HailoRT] [info] [vstream.cpp:1114] [OutputVStreamImpl] Creating yolo26n/conv91...
[2026-09-07 13:59:18.766] [3905] [HailoRT] [info] [vstream_builder.cpp:220] [create_outputs] Output pipeline 'yolo26n/conv91': HW >> (HwReadEl3yolo26n/conv91 | hw_frame_size: 11520) >> (PullQEl_hw_read3yolo26n/conv91) >> (PostInferEl3yolo26n/conv91 | Quantization - src_type: UINT16, dst_type FLOAT32, limvals_min: 0, limvals_max: 8.46146 | Reorder - src_order: FCR, src_shape: (20, 36, 8), dst_order: FCR, dst_shape: (20, 36, 4)) >> (UserBuffQEl3yolo26n/conv91 | timeout: 10s)
[2026-09-07 13:59:18.766] [3905] [HailoRT] [info] [edge_elements.cpp:287] [create] Created (HwReadEl0yolo26n/conv94 | hw_frame_size: 11520)
[2026-09-07 13:59:18.766] [3905] [HailoRT] [info] [queue_elements.cpp:657] [create] Created (PullQEl_hw_read0yolo26n/conv94)
[2026-09-07 13:59:18.766] [3905] [HailoRT] [info] [filter_elements.cpp:372] [create] Created (PostInferEl0yolo26n/conv94 | Quantization - src_type: UINT16, dst_type FLOAT32, limvals_min: -64.0772, limvals_max: 0 | Reorder - src_order: FCR, src_shape: (20, 36, 8), dst_order: FCR, dst_shape: (20, 36, 1))
[2026-09-07 13:59:18.766] [3905] [HailoRT] [info] [queue_elements.cpp:800] [create] Created (UserBuffQEl0yolo26n/conv94 | timeout: 10s)
[2026-09-07 13:59:18.766] [3905] [HailoRT] [info] [vstream.cpp:1114] [OutputVStreamImpl] Creating yolo26n/conv94...
[2026-09-07 13:59:18.767] [3905] [HailoRT] [info] [vstream_builder.cpp:220] [create_outputs] Output pipeline 'yolo26n/conv94': HW >> (HwReadEl0yolo26n/conv94 | hw_frame_size: 11520) >> (PullQEl_hw_read0yolo26n/conv94) >> (PostInferEl0yolo26n/conv94 | Quantization - src_type: UINT16, dst_type FLOAT32, limvals_min: -64.0772, limvals_max: 0 | Reorder - src_order: FCR, src_shape: (20, 36, 8), dst_order: FCR, dst_shape: (20, 36, 1)) >> (UserBuffQEl0yolo26n/conv94 | timeout: 10s)
[2026-09-07 13:59:18.767] [3905] [HailoRT] [info] [core_op.cpp:156] [activate] Activating yolo26n took 0.492548 milliseconds. Note that the function is asynchronous and thus the network is not fully activated yet.
[2026-09-07 13:59:18.767] [3905] [HailoRT] [info] [core_op.cpp:156] [activate] Activating yolo26n took 0.504585 milliseconds. Note that the function is asynchronous and thus the network is not fully activated yet.
[2026-09-07 13:59:54.222] [3911] [HailoRT] [info] [vdevice_native_stream.cpp:331] [read_impl] Failed read from stream HAILO_STREAM_NOT_ACTIVATED(72) (device: 0001:01:00.0)
[2026-09-07 13:59:54.222] [3913] [HailoRT] [info] [vdevice_native_stream.cpp:331] [read_impl] Failed read from stream HAILO_STREAM_NOT_ACTIVATED(72) (device: 0001:01:00.0)
[2026-09-07 13:59:54.222] [3915] [HailoRT] [info] [vdevice_native_stream.cpp:331] [read_impl] Failed read from stream HAILO_STREAM_NOT_ACTIVATED(72) (device: 0001:01:00.0)
[2026-09-07 13:59:54.222] [3917] [HailoRT] [info] [vdevice_native_stream.cpp:331] [read_impl] Failed read from stream HAILO_STREAM_NOT_ACTIVATED(72) (device: 0001:01:00.0)
[2026-09-07 13:59:54.222] [3919] [HailoRT] [info] [vdevice_native_stream.cpp:331] [read_impl] Failed read from stream HAILO_STREAM_NOT_ACTIVATED(72) (device: 0001:01:00.0)
[2026-09-07 13:59:54.222] [3921] [HailoRT] [info] [vdevice_native_stream.cpp:331] [read_impl] Failed read from stream HAILO_STREAM_NOT_ACTIVATED(72) (device: 0001:01:00.0)
[2026-09-07 13:59:54.223] [3905] [HailoRT] [info] [core_op.cpp:186] [deactivate] Deactivating took 0.516178 ms
[2026-09-07 13:59:54.223] [3905] [HailoRT] [info] [core_op.cpp:186] [deactivate] Deactivating took 0.531179 ms
[2026-09-07 13:59:54.223] [3911] [HailoRT] [info] [queue_elements.cpp:734] [run_in_thread] Shutdown event was signaled in run_pull of queue element PullQEl_hw_read3yolo26n/conv61!
[2026-09-07 13:59:54.223] [3912] [HailoRT] [info] [queue_elements.cpp:855] [run_in_thread] Shutdown event was signaled in dequeue of UserBuffQEl3yolo26n/conv61!
[2026-09-07 13:59:54.223] [3911] [HailoRT] [info] [queue_elements.cpp:68] [operator()] Thread in element PullQEl_hw_read3yolo26n/conv61 is not running anymore, exiting..
[2026-09-07 13:59:54.223] [3905] [HailoRT] [info] [queue_elements.cpp:46] [~BaseQueueElement] Queue element PullQEl_hw_read3yolo26n/conv61 has 0 frames in his Queue on destruction
[2026-09-07 13:59:54.223] [3912] [HailoRT] [info] [queue_elements.cpp:68] [operator()] Thread in element UserBuffQEl3yolo26n/conv61 is not running anymore, exiting..
[2026-09-07 13:59:54.223] [3905] [HailoRT] [info] [queue_elements.cpp:46] [~BaseQueueElement] Queue element UserBuffQEl3yolo26n/conv61 has 0 frames in his Queue on destruction
[2026-09-07 13:59:54.223] [3914] [HailoRT] [info] [queue_elements.cpp:855] [run_in_thread] Shutdown event was signaled in dequeue of UserBuffQEl2yolo26n/conv64!
[2026-09-07 13:59:54.223] [3913] [HailoRT] [info] [queue_elements.cpp:734] [run_in_thread] Shutdown event was signaled in run_pull of queue element PullQEl_hw_read2yolo26n/conv64!
[2026-09-07 13:59:54.223] [3913] [HailoRT] [info] [queue_elements.cpp:68] [operator()] Thread in element PullQEl_hw_read2yolo26n/conv64 is not running anymore, exiting..
[2026-09-07 13:59:54.223] [3905] [HailoRT] [info] [queue_elements.cpp:46] [~BaseQueueElement] Queue element PullQEl_hw_read2yolo26n/conv64 has 0 frames in his Queue on destruction
[2026-09-07 13:59:54.223] [3914] [HailoRT] [info] [queue_elements.cpp:68] [operator()] Thread in element UserBuffQEl2yolo26n/conv64 is not running anymore, exiting..
[2026-09-07 13:59:54.223] [3905] [HailoRT] [info] [queue_elements.cpp:46] [~BaseQueueElement] Queue element UserBuffQEl2yolo26n/conv64 has 0 frames in his Queue on destruction
[2026-09-07 13:59:54.223] [3916] [HailoRT] [info] [queue_elements.cpp:855] [run_in_thread] Shutdown event was signaled in dequeue of UserBuffQEl2yolo26n/conv77!
[2026-09-07 13:59:54.223] [3915] [HailoRT] [info] [queue_elements.cpp:734] [run_in_thread] Shutdown event was signaled in run_pull of queue element PullQEl_hw_read2yolo26n/conv77!
[2026-09-07 13:59:54.223] [3915] [HailoRT] [info] [queue_elements.cpp:68] [operator()] Thread in element PullQEl_hw_read2yolo26n/conv77 is not running anymore, exiting..
[2026-09-07 13:59:54.223] [3905] [HailoRT] [info] [queue_elements.cpp:46] [~BaseQueueElement] Queue element PullQEl_hw_read2yolo26n/conv77 has 0 frames in his Queue on destruction
[2026-09-07 13:59:54.223] [3916] [HailoRT] [info] [queue_elements.cpp:68] [operator()] Thread in element UserBuffQEl2yolo26n/conv77 is not running anymore, exiting..
[2026-09-07 13:59:54.223] [3905] [HailoRT] [info] [queue_elements.cpp:46] [~BaseQueueElement] Queue element UserBuffQEl2yolo26n/conv77 has 0 frames in his Queue on destruction
[2026-09-07 13:59:54.223] [3918] [HailoRT] [info] [queue_elements.cpp:855] [run_in_thread] Shutdown event was signaled in dequeue of UserBuffQEl0yolo26n/conv80!
[2026-09-07 13:59:54.223] [3917] [HailoRT] [info] [queue_elements.cpp:734] [run_in_thread] Shutdown event was signaled in run_pull of queue element PullQEl_hw_read0yolo26n/conv80!
[2026-09-07 13:59:54.223] [3917] [HailoRT] [info] [queue_elements.cpp:68] [operator()] Thread in element PullQEl_hw_read0yolo26n/conv80 is not running anymore, exiting..
[2026-09-07 13:59:54.223] [3905] [HailoRT] [info] [queue_elements.cpp:46] [~BaseQueueElement] Queue element PullQEl_hw_read0yolo26n/conv80 has 0 frames in his Queue on destruction
[2026-09-07 13:59:54.223] [3918] [HailoRT] [info] [queue_elements.cpp:68] [operator()] Thread in element UserBuffQEl0yolo26n/conv80 is not running anymore, exiting..
[2026-09-07 13:59:54.223] [3905] [HailoRT] [info] [queue_elements.cpp:46] [~BaseQueueElement] Queue element UserBuffQEl0yolo26n/conv80 has 0 frames in his Queue on destruction
[2026-09-07 13:59:54.223] [3919] [HailoRT] [info] [queue_elements.cpp:734] [run_in_thread] Shutdown event was signaled in run_pull of queue element PullQEl_hw_read3yolo26n/conv91!
[2026-09-07 13:59:54.223] [3920] [HailoRT] [info] [queue_elements.cpp:855] [run_in_thread] Shutdown event was signaled in dequeue of UserBuffQEl3yolo26n/conv91!
[2026-09-07 13:59:54.223] [3919] [HailoRT] [info] [queue_elements.cpp:68] [operator()] Thread in element PullQEl_hw_read3yolo26n/conv91 is not running anymore, exiting..
[2026-09-07 13:59:54.223] [3905] [HailoRT] [info] [queue_elements.cpp:46] [~BaseQueueElement] Queue element PullQEl_hw_read3yolo26n/conv91 has 0 frames in his Queue on destruction
[2026-09-07 13:59:54.223] [3920] [HailoRT] [info] [queue_elements.cpp:68] [operator()] Thread in element UserBuffQEl3yolo26n/conv91 is not running anymore, exiting..
[2026-09-07 13:59:54.223] [3905] [HailoRT] [info] [queue_elements.cpp:46] [~BaseQueueElement] Queue element UserBuffQEl3yolo26n/conv91 has 0 frames in his Queue on destruction
[2026-09-07 13:59:54.223] [3922] [HailoRT] [info] [queue_elements.cpp:855] [run_in_thread] Shutdown event was signaled in dequeue of UserBuffQEl0yolo26n/conv94!
[2026-09-07 13:59:54.223] [3921] [HailoRT] [info] [queue_elements.cpp:734] [run_in_thread] Shutdown event was signaled in run_pull of queue element PullQEl_hw_read0yolo26n/conv94!
[2026-09-07 13:59:54.223] [3921] [HailoRT] [info] [queue_elements.cpp:68] [operator()] Thread in element PullQEl_hw_read0yolo26n/conv94 is not running anymore, exiting..
[2026-09-07 13:59:54.223] [3905] [HailoRT] [info] [queue_elements.cpp:46] [~BaseQueueElement] Queue element PullQEl_hw_read0yolo26n/conv94 has 0 frames in his Queue on destruction
[2026-09-07 13:59:54.223] [3922] [HailoRT] [info] [queue_elements.cpp:68] [operator()] Thread in element UserBuffQEl0yolo26n/conv94 is not running anymore, exiting..
[2026-09-07 13:59:54.223] [3905] [HailoRT] [info] [queue_elements.cpp:46] [~BaseQueueElement] Queue element UserBuffQEl0yolo26n/conv94 has 0 frames in his Queue on destruction
[2026-09-07 14:45:14.947] [4317] [HailoRT] [info] [vdevice.cpp:535] [create] Creating vdevice with params: device_count: 1, scheduling_algorithm: NONE, multi_process_service: false
[2026-09-07 14:45:14.966] [4317] [HailoRT] [info] [device.cpp:51] [Device] OS Version: Linux 6.18.39+rpt-rpi-2712 #1 SMP PREEMPT Debian 1:6.18.39-1+rpt1 (2026-07-29) aarch64
[2026-09-07 14:45:14.969] [4317] [HailoRT] [info] [control.cpp:113] [control__parse_identify_results] firmware_version is: 4.23.0
[2026-09-07 14:45:14.969] [4317] [HailoRT] [info] [vdevice.cpp:682] [create] VDevice Infos: 0001:01:00.0
[2026-09-07 14:45:14.979] [4317] [HailoRT] [info] [internal_buffer_manager.cpp:77] [print_execution_results] Planned internal buffer memory: CMA=0 CMA-Desc=917504 Pinned=2956800. memory to edge layer usage factor is 0.9621793
[2026-09-07 14:45:14.979] [4317] [HailoRT] [info] [internal_buffer_manager.cpp:86] [print_execution_results] Default Internal buffer planner executed successfully
[2026-09-07 14:45:15.009] [4317] [HailoRT] [info] [device_internal.cpp:57] [configure] Configuring HEF took 39.75571 milliseconds
[2026-09-07 14:45:15.009] [4317] [HailoRT] [info] [vdevice.cpp:780] [configure] Configuring HEF on VDevice took 40.426691 milliseconds
[2026-09-07 14:45:15.011] [4317] [HailoRT] [info] [hef.cpp:1994] [get_network_group_and_network_name] No name was given. Addressing all networks of default network_group: yolo26n
[2026-09-07 14:45:15.011] [4317] [HailoRT] [info] [hef.cpp:1994] [get_network_group_and_network_name] No name was given. Addressing all networks of default network_group: yolo26n
[2026-09-07 14:45:15.014] [4317] [HailoRT] [info] [edge_elements.cpp:52] [create] Created (HwWriteEl2yolo26n/input_layer1 | hw_frame_size: 2211840)
[2026-09-07 14:45:15.015] [4317] [HailoRT] [info] [vstream.cpp:754] [InputVStreamImpl] Creating yolo26n/input_layer1...
[2026-09-07 14:45:15.015] [4317] [HailoRT] [info] [vstream_builder.cpp:102] [create_inputs] Input pipeline 'yolo26n/input_layer1': (HwWriteEl2yolo26n/input_layer1 | hw_frame_size: 2211840) >> HW
[2026-09-07 14:45:15.015] [4317] [HailoRT] [info] [edge_elements.cpp:287] [create] Created (HwReadEl3yolo26n/conv61 | hw_frame_size: 92160)
[2026-09-07 14:45:15.015] [4317] [HailoRT] [info] [queue_elements.cpp:657] [create] Created (PullQEl_hw_read3yolo26n/conv61)
[2026-09-07 14:45:15.015] [4317] [HailoRT] [info] [filter_elements.cpp:372] [create] Created (PostInferEl3yolo26n/conv61 | Quantization - src_type: UINT16, dst_type FLOAT32, limvals_min: -0.881752, limvals_max: 6.27869)
[2026-09-07 14:45:15.016] [4317] [HailoRT] [info] [queue_elements.cpp:800] [create] Created (UserBuffQEl3yolo26n/conv61 | timeout: 10s)
[2026-09-07 14:45:15.016] [4317] [HailoRT] [info] [vstream.cpp:1114] [OutputVStreamImpl] Creating yolo26n/conv61...
[2026-09-07 14:45:15.016] [4317] [HailoRT] [info] [vstream_builder.cpp:220] [create_outputs] Output pipeline 'yolo26n/conv61': HW >> (HwReadEl3yolo26n/conv61 | hw_frame_size: 92160) >> (PullQEl_hw_read3yolo26n/conv61) >> (PostInferEl3yolo26n/conv61 | Quantization - src_type: UINT16, dst_type FLOAT32, limvals_min: -0.881752, limvals_max: 6.27869) >> (UserBuffQEl3yolo26n/conv61 | timeout: 10s)
[2026-09-07 14:45:15.016] [4317] [HailoRT] [info] [edge_elements.cpp:287] [create] Created (HwReadEl2yolo26n/conv64 | hw_frame_size: 23040)
[2026-09-07 14:45:15.017] [4317] [HailoRT] [info] [queue_elements.cpp:657] [create] Created (PullQEl_hw_read2yolo26n/conv64)
[2026-09-07 14:45:15.017] [4317] [HailoRT] [info] [filter_elements.cpp:372] [create] Created (PostInferEl2yolo26n/conv64 | Quantization - src_type: UINT16, dst_type FLOAT32, limvals_min: -164.817, limvals_max: 3.19963)
[2026-09-07 14:45:15.017] [4317] [HailoRT] [info] [queue_elements.cpp:800] [create] Created (UserBuffQEl2yolo26n/conv64 | timeout: 10s)
[2026-09-07 14:45:15.017] [4317] [HailoRT] [info] [vstream.cpp:1114] [OutputVStreamImpl] Creating yolo26n/conv64...
[2026-09-07 14:45:15.017] [4317] [HailoRT] [info] [vstream_builder.cpp:220] [create_outputs] Output pipeline 'yolo26n/conv64': HW >> (HwReadEl2yolo26n/conv64 | hw_frame_size: 23040) >> (PullQEl_hw_read2yolo26n/conv64) >> (PostInferEl2yolo26n/conv64 | Quantization - src_type: UINT16, dst_type FLOAT32, limvals_min: -164.817, limvals_max: 3.19963) >> (UserBuffQEl2yolo26n/conv64 | timeout: 10s)
[2026-09-07 14:45:15.017] [4317] [HailoRT] [info] [edge_elements.cpp:287] [create] Created (HwReadEl2yolo26n/conv77 | hw_frame_size: 23040)
[2026-09-07 14:45:15.018] [4317] [HailoRT] [info] [queue_elements.cpp:657] [create] Created (PullQEl_hw_read2yolo26n/conv77)
[2026-09-07 14:45:15.018] [4317] [HailoRT] [info] [filter_elements.cpp:372] [create] Created (PostInferEl2yolo26n/conv77 | Quantization - src_type: UINT16, dst_type FLOAT32, limvals_min: -0.67052, limvals_max: 17.2357)
[2026-09-07 14:45:15.018] [4317] [HailoRT] [info] [queue_elements.cpp:800] [create] Created (UserBuffQEl2yolo26n/conv77 | timeout: 10s)
[2026-09-07 14:45:15.018] [4317] [HailoRT] [info] [vstream.cpp:1114] [OutputVStreamImpl] Creating yolo26n/conv77...
[2026-09-07 14:45:15.018] [4317] [HailoRT] [info] [vstream_builder.cpp:220] [create_outputs] Output pipeline 'yolo26n/conv77': HW >> (HwReadEl2yolo26n/conv77 | hw_frame_size: 23040) >> (PullQEl_hw_read2yolo26n/conv77) >> (PostInferEl2yolo26n/conv77 | Quantization - src_type: UINT16, dst_type FLOAT32, limvals_min: -0.67052, limvals_max: 17.2357) >> (UserBuffQEl2yolo26n/conv77 | timeout: 10s)
[2026-09-07 14:45:15.018] [4317] [HailoRT] [info] [edge_elements.cpp:287] [create] Created (HwReadEl0yolo26n/conv80 | hw_frame_size: 5760)
[2026-09-07 14:45:15.018] [4317] [HailoRT] [info] [queue_elements.cpp:657] [create] Created (PullQEl_hw_read0yolo26n/conv80)
[2026-09-07 14:45:15.018] [4317] [HailoRT] [info] [filter_elements.cpp:372] [create] Created (PostInferEl0yolo26n/conv80 | Quantization - src_type: UINT16, dst_type FLOAT32, limvals_min: -67.4827, limvals_max: 0)
[2026-09-07 14:45:15.018] [4317] [HailoRT] [info] [queue_elements.cpp:800] [create] Created (UserBuffQEl0yolo26n/conv80 | timeout: 10s)
[2026-09-07 14:45:15.018] [4317] [HailoRT] [info] [vstream.cpp:1114] [OutputVStreamImpl] Creating yolo26n/conv80...
[2026-09-07 14:45:15.018] [4317] [HailoRT] [info] [vstream_builder.cpp:220] [create_outputs] Output pipeline 'yolo26n/conv80': HW >> (HwReadEl0yolo26n/conv80 | hw_frame_size: 5760) >> (PullQEl_hw_read0yolo26n/conv80) >> (PostInferEl0yolo26n/conv80 | Quantization - src_type: UINT16, dst_type FLOAT32, limvals_min: -67.4827, limvals_max: 0) >> (UserBuffQEl0yolo26n/conv80 | timeout: 10s)
[2026-09-07 14:45:15.018] [4317] [HailoRT] [info] [edge_elements.cpp:287] [create] Created (HwReadEl3yolo26n/conv91 | hw_frame_size: 11520)
[2026-09-07 14:45:15.018] [4317] [HailoRT] [info] [queue_elements.cpp:657] [create] Created (PullQEl_hw_read3yolo26n/conv91)
[2026-09-07 14:45:15.018] [4317] [HailoRT] [info] [filter_elements.cpp:372] [create] Created (PostInferEl3yolo26n/conv91 | Quantization - src_type: UINT16, dst_type FLOAT32, limvals_min: 0, limvals_max: 8.46146 | Reorder - src_order: FCR, src_shape: (20, 36, 8), dst_order: FCR, dst_shape: (20, 36, 4))
[2026-09-07 14:45:15.018] [4317] [HailoRT] [info] [queue_elements.cpp:800] [create] Created (UserBuffQEl3yolo26n/conv91 | timeout: 10s)
[2026-09-07 14:45:15.018] [4317] [HailoRT] [info] [vstream.cpp:1114] [OutputVStreamImpl] Creating yolo26n/conv91...
[2026-09-07 14:45:15.018] [4317] [HailoRT] [info] [vstream_builder.cpp:220] [create_outputs] Output pipeline 'yolo26n/conv91': HW >> (HwReadEl3yolo26n/conv91 | hw_frame_size: 11520) >> (PullQEl_hw_read3yolo26n/conv91) >> (PostInferEl3yolo26n/conv91 | Quantization - src_type: UINT16, dst_type FLOAT32, limvals_min: 0, limvals_max: 8.46146 | Reorder - src_order: FCR, src_shape: (20, 36, 8), dst_order: FCR, dst_shape: (20, 36, 4)) >> (UserBuffQEl3yolo26n/conv91 | timeout: 10s)
[2026-09-07 14:45:15.018] [4317] [HailoRT] [info] [edge_elements.cpp:287] [create] Created (HwReadEl0yolo26n/conv94 | hw_frame_size: 11520)
[2026-09-07 14:45:15.018] [4317] [HailoRT] [info] [queue_elements.cpp:657] [create] Created (PullQEl_hw_read0yolo26n/conv94)
[2026-09-07 14:45:15.018] [4317] [HailoRT] [info] [filter_elements.cpp:372] [create] Created (PostInferEl0yolo26n/conv94 | Quantization - src_type: UINT16, dst_type FLOAT32, limvals_min: -64.0772, limvals_max: 0 | Reorder - src_order: FCR, src_shape: (20, 36, 8), dst_order: FCR, dst_shape: (20, 36, 1))
[2026-09-07 14:45:15.018] [4317] [HailoRT] [info] [queue_elements.cpp:800] [create] Created (UserBuffQEl0yolo26n/conv94 | timeout: 10s)
[2026-09-07 14:45:15.018] [4317] [HailoRT] [info] [vstream.cpp:1114] [OutputVStreamImpl] Creating yolo26n/conv94...
[2026-09-07 14:45:15.018] [4317] [HailoRT] [info] [vstream_builder.cpp:220] [create_outputs] Output pipeline 'yolo26n/conv94': HW >> (HwReadEl0yolo26n/conv94 | hw_frame_size: 11520) >> (PullQEl_hw_read0yolo26n/conv94) >> (PostInferEl0yolo26n/conv94 | Quantization - src_type: UINT16, dst_type FLOAT32, limvals_min: -64.0772, limvals_max: 0 | Reorder - src_order: FCR, src_shape: (20, 36, 8), dst_order: FCR, dst_shape: (20, 36, 1)) >> (UserBuffQEl0yolo26n/conv94 | timeout: 10s)
[2026-09-07 14:45:15.019] [4317] [HailoRT] [info] [core_op.cpp:156] [activate] Activating yolo26n took 0.468814 milliseconds. Note that the function is asynchronous and thus the network is not fully activated yet.
[2026-09-07 14:45:15.019] [4317] [HailoRT] [info] [core_op.cpp:156] [activate] Activating yolo26n took 0.47826 milliseconds. Note that the function is asynchronous and thus the network is not fully activated yet.
[2026-09-07 14:45:31.925] [4327] [HailoRT] [info] [vdevice_native_stream.cpp:331] [read_impl] Failed read from stream HAILO_STREAM_NOT_ACTIVATED(72) (device: 0001:01:00.0)
[2026-09-07 14:45:31.925] [4333] [HailoRT] [info] [vdevice_native_stream.cpp:331] [read_impl] Failed read from stream HAILO_STREAM_NOT_ACTIVATED(72) (device: 0001:01:00.0)
[2026-09-07 14:45:31.925] [4325] [HailoRT] [info] [vdevice_native_stream.cpp:331] [read_impl] Failed read from stream HAILO_STREAM_NOT_ACTIVATED(72) (device: 0001:01:00.0)
[2026-09-07 14:45:31.926] [4329] [HailoRT] [info] [vdevice_native_stream.cpp:331] [read_impl] Failed read from stream HAILO_STREAM_NOT_ACTIVATED(72) (device: 0001:01:00.0)
[2026-09-07 14:45:31.925] [4323] [HailoRT] [info] [vdevice_native_stream.cpp:331] [read_impl] Failed read from stream HAILO_STREAM_NOT_ACTIVATED(72) (device: 0001:01:00.0)
[2026-09-07 14:45:31.925] [4331] [HailoRT] [info] [vdevice_native_stream.cpp:331] [read_impl] Failed read from stream HAILO_STREAM_NOT_ACTIVATED(72) (device: 0001:01:00.0)
[2026-09-07 14:45:31.926] [4317] [HailoRT] [info] [core_op.cpp:186] [deactivate] Deactivating took 0.488314 ms
[2026-09-07 14:45:31.926] [4317] [HailoRT] [info] [core_op.cpp:186] [deactivate] Deactivating took 0.506981 ms
[2026-09-07 14:45:31.926] [4324] [HailoRT] [info] [queue_elements.cpp:855] [run_in_thread] Shutdown event was signaled in dequeue of UserBuffQEl3yolo26n/conv61!
[2026-09-07 14:45:31.926] [4323] [HailoRT] [info] [queue_elements.cpp:734] [run_in_thread] Shutdown event was signaled in run_pull of queue element PullQEl_hw_read3yolo26n/conv61!
[2026-09-07 14:45:31.926] [4323] [HailoRT] [info] [queue_elements.cpp:68] [operator()] Thread in element PullQEl_hw_read3yolo26n/conv61 is not running anymore, exiting..
[2026-09-07 14:45:31.926] [4317] [HailoRT] [info] [queue_elements.cpp:46] [~BaseQueueElement] Queue element PullQEl_hw_read3yolo26n/conv61 has 0 frames in his Queue on destruction
[2026-09-07 14:45:31.926] [4324] [HailoRT] [info] [queue_elements.cpp:68] [operator()] Thread in element UserBuffQEl3yolo26n/conv61 is not running anymore, exiting..
[2026-09-07 14:45:31.926] [4317] [HailoRT] [info] [queue_elements.cpp:46] [~BaseQueueElement] Queue element UserBuffQEl3yolo26n/conv61 has 0 frames in his Queue on destruction
[2026-09-07 14:45:31.926] [4325] [HailoRT] [info] [queue_elements.cpp:734] [run_in_thread] Shutdown event was signaled in run_pull of queue element PullQEl_hw_read2yolo26n/conv64!
[2026-09-07 14:45:31.926] [4326] [HailoRT] [info] [queue_elements.cpp:855] [run_in_thread] Shutdown event was signaled in dequeue of UserBuffQEl2yolo26n/conv64!
[2026-09-07 14:45:31.926] [4325] [HailoRT] [info] [queue_elements.cpp:68] [operator()] Thread in element PullQEl_hw_read2yolo26n/conv64 is not running anymore, exiting..
[2026-09-07 14:45:31.926] [4317] [HailoRT] [info] [queue_elements.cpp:46] [~BaseQueueElement] Queue element PullQEl_hw_read2yolo26n/conv64 has 0 frames in his Queue on destruction
[2026-09-07 14:45:31.926] [4326] [HailoRT] [info] [queue_elements.cpp:68] [operator()] Thread in element UserBuffQEl2yolo26n/conv64 is not running anymore, exiting..
[2026-09-07 14:45:31.926] [4317] [HailoRT] [info] [queue_elements.cpp:46] [~BaseQueueElement] Queue element UserBuffQEl2yolo26n/conv64 has 0 frames in his Queue on destruction
[2026-09-07 14:45:31.926] [4327] [HailoRT] [info] [queue_elements.cpp:734] [run_in_thread] Shutdown event was signaled in run_pull of queue element PullQEl_hw_read2yolo26n/conv77!
[2026-09-07 14:45:31.926] [4328] [HailoRT] [info] [queue_elements.cpp:855] [run_in_thread] Shutdown event was signaled in dequeue of UserBuffQEl2yolo26n/conv77!
[2026-09-07 14:45:31.926] [4327] [HailoRT] [info] [queue_elements.cpp:68] [operator()] Thread in element PullQEl_hw_read2yolo26n/conv77 is not running anymore, exiting..
[2026-09-07 14:45:31.926] [4317] [HailoRT] [info] [queue_elements.cpp:46] [~BaseQueueElement] Queue element PullQEl_hw_read2yolo26n/conv77 has 0 frames in his Queue on destruction
[2026-09-07 14:45:31.927] [4328] [HailoRT] [info] [queue_elements.cpp:68] [operator()] Thread in element UserBuffQEl2yolo26n/conv77 is not running anymore, exiting..
[2026-09-07 14:45:31.927] [4317] [HailoRT] [info] [queue_elements.cpp:46] [~BaseQueueElement] Queue element UserBuffQEl2yolo26n/conv77 has 0 frames in his Queue on destruction
[2026-09-07 14:45:31.927] [4329] [HailoRT] [info] [queue_elements.cpp:734] [run_in_thread] Shutdown event was signaled in run_pull of queue element PullQEl_hw_read0yolo26n/conv80!
[2026-09-07 14:45:31.927] [4330] [HailoRT] [info] [queue_elements.cpp:855] [run_in_thread] Shutdown event was signaled in dequeue of UserBuffQEl0yolo26n/conv80!
[2026-09-07 14:45:31.927] [4329] [HailoRT] [info] [queue_elements.cpp:68] [operator()] Thread in element PullQEl_hw_read0yolo26n/conv80 is not running anymore, exiting..
[2026-09-07 14:45:31.927] [4317] [HailoRT] [info] [queue_elements.cpp:46] [~BaseQueueElement] Queue element PullQEl_hw_read0yolo26n/conv80 has 0 frames in his Queue on destruction
[2026-09-07 14:45:31.927] [4330] [HailoRT] [info] [queue_elements.cpp:68] [operator()] Thread in element UserBuffQEl0yolo26n/conv80 is not running anymore, exiting..
[2026-09-07 14:45:31.927] [4317] [HailoRT] [info] [queue_elements.cpp:46] [~BaseQueueElement] Queue element UserBuffQEl0yolo26n/conv80 has 0 frames in his Queue on destruction
[2026-09-07 14:45:31.927] [4331] [HailoRT] [info] [queue_elements.cpp:734] [run_in_thread] Shutdown event was signaled in run_pull of queue element PullQEl_hw_read3yolo26n/conv91!
[2026-09-07 14:45:31.927] [4332] [HailoRT] [info] [queue_elements.cpp:855] [run_in_thread] Shutdown event was signaled in dequeue of UserBuffQEl3yolo26n/conv91!
[2026-09-07 14:45:31.927] [4331] [HailoRT] [info] [queue_elements.cpp:68] [operator()] Thread in element PullQEl_hw_read3yolo26n/conv91 is not running anymore, exiting..
[2026-09-07 14:45:31.927] [4317] [HailoRT] [info] [queue_elements.cpp:46] [~BaseQueueElement] Queue element PullQEl_hw_read3yolo26n/conv91 has 0 frames in his Queue on destruction
[2026-09-07 14:45:31.927] [4332] [HailoRT] [info] [queue_elements.cpp:68] [operator()] Thread in element UserBuffQEl3yolo26n/conv91 is not running anymore, exiting..
[2026-09-07 14:45:31.927] [4317] [HailoRT] [info] [queue_elements.cpp:46] [~BaseQueueElement] Queue element UserBuffQEl3yolo26n/conv91 has 0 frames in his Queue on destruction
[2026-09-07 14:45:31.927] [4333] [HailoRT] [info] [queue_elements.cpp:734] [run_in_thread] Shutdown event was signaled in run_pull of queue element PullQEl_hw_read0yolo26n/conv94!
[2026-09-07 14:45:31.927] [4334] [HailoRT] [info] [queue_elements.cpp:855] [run_in_thread] Shutdown event was signaled in dequeue of UserBuffQEl0yolo26n/conv94!
[2026-09-07 14:45:31.927] [4333] [HailoRT] [info] [queue_elements.cpp:68] [operator()] Thread in element PullQEl_hw_read0yolo26n/conv94 is not running anymore, exiting..
[2026-09-07 14:45:31.927] [4317] [HailoRT] [info] [queue_elements.cpp:46] [~BaseQueueElement] Queue element PullQEl_hw_read0yolo26n/conv94 has 0 frames in his Queue on destruction
[2026-09-07 14:45:31.927] [4334] [HailoRT] [info] [queue_elements.cpp:68] [operator()] Thread in element UserBuffQEl0yolo26n/conv94 is not running anymore, exiting..
[2026-09-07 14:45:31.927] [4317] [HailoRT] [info] [queue_elements.cpp:46] [~BaseQueueElement] Queue element UserBuffQEl0yolo26n/conv94 has 0 frames in his Queue on destruction
[2026-09-07 14:48:36.633] [6885] [HailoRT] [info] [vdevice.cpp:535] [create] Creating vdevice with params: device_count: 1, scheduling_algorithm: NONE, multi_process_service: false
[2026-09-07 14:48:36.645] [6885] [HailoRT] [info] [device.cpp:51] [Device] OS Version: Linux 6.18.39+rpt-rpi-2712 #1 SMP PREEMPT Debian 1:6.18.39-1+rpt1 (2026-07-29) aarch64
[2026-09-07 14:48:36.645] [6885] [HailoRT] [info] [control.cpp:113] [control__parse_identify_results] firmware_version is: 4.23.0
[2026-09-07 14:48:36.645] [6885] [HailoRT] [info] [vdevice.cpp:682] [create] VDevice Infos: 0001:01:00.0
[2026-09-07 14:48:36.652] [6885] [HailoRT] [info] [internal_buffer_manager.cpp:77] [print_execution_results] Planned internal buffer memory: CMA=0 CMA-Desc=917504 Pinned=2956800. memory to edge layer usage factor is 0.9621793
[2026-09-07 14:48:36.652] [6885] [HailoRT] [info] [internal_buffer_manager.cpp:86] [print_execution_results] Default Internal buffer planner executed successfully
[2026-09-07 14:48:36.681] [6885] [HailoRT] [info] [device_internal.cpp:57] [configure] Configuring HEF took 35.360724 milliseconds
[2026-09-07 14:48:36.681] [6885] [HailoRT] [info] [vdevice.cpp:780] [configure] Configuring HEF on VDevice took 35.665908 milliseconds
[2026-09-07 14:48:36.681] [6885] [HailoRT] [info] [hef.cpp:1994] [get_network_group_and_network_name] No name was given. Addressing all networks of default network_group: yolo26n
[2026-09-07 14:48:36.681] [6885] [HailoRT] [info] [hef.cpp:1994] [get_network_group_and_network_name] No name was given. Addressing all networks of default network_group: yolo26n
[2026-09-07 14:48:36.681] [6885] [HailoRT] [info] [edge_elements.cpp:52] [create] Created (HwWriteEl2yolo26n/input_layer1 | hw_frame_size: 2211840)
[2026-09-07 14:48:36.681] [6885] [HailoRT] [info] [vstream.cpp:754] [InputVStreamImpl] Creating yolo26n/input_layer1...
[2026-09-07 14:48:36.681] [6885] [HailoRT] [info] [vstream_builder.cpp:102] [create_inputs] Input pipeline 'yolo26n/input_layer1': (HwWriteEl2yolo26n/input_layer1 | hw_frame_size: 2211840) >> HW
[2026-09-07 14:48:36.681] [6885] [HailoRT] [info] [edge_elements.cpp:287] [create] Created (HwReadEl3yolo26n/conv61 | hw_frame_size: 92160)
[2026-09-07 14:48:36.682] [6885] [HailoRT] [info] [queue_elements.cpp:657] [create] Created (PullQEl_hw_read3yolo26n/conv61)
[2026-09-07 14:48:36.682] [6885] [HailoRT] [info] [filter_elements.cpp:372] [create] Created (PostInferEl3yolo26n/conv61 | Quantization - src_type: UINT16, dst_type FLOAT32, limvals_min: -0.881752, limvals_max: 6.27869)
[2026-09-07 14:48:36.682] [6885] [HailoRT] [info] [queue_elements.cpp:800] [create] Created (UserBuffQEl3yolo26n/conv61 | timeout: 10s)
[2026-09-07 14:48:36.682] [6885] [HailoRT] [info] [vstream.cpp:1114] [OutputVStreamImpl] Creating yolo26n/conv61...
[2026-09-07 14:48:36.682] [6885] [HailoRT] [info] [vstream_builder.cpp:220] [create_outputs] Output pipeline 'yolo26n/conv61': HW >> (HwReadEl3yolo26n/conv61 | hw_frame_size: 92160) >> (PullQEl_hw_read3yolo26n/conv61) >> (PostInferEl3yolo26n/conv61 | Quantization - src_type: UINT16, dst_type FLOAT32, limvals_min: -0.881752, limvals_max: 6.27869) >> (UserBuffQEl3yolo26n/conv61 | timeout: 10s)
[2026-09-07 14:48:36.682] [6885] [HailoRT] [info] [edge_elements.cpp:287] [create] Created (HwReadEl2yolo26n/conv64 | hw_frame_size: 23040)
[2026-09-07 14:48:36.682] [6885] [HailoRT] [info] [queue_elements.cpp:657] [create] Created (PullQEl_hw_read2yolo26n/conv64)
[2026-09-07 14:48:36.682] [6885] [HailoRT] [info] [filter_elements.cpp:372] [create] Created (PostInferEl2yolo26n/conv64 | Quantization - src_type: UINT16, dst_type FLOAT32, limvals_min: -164.817, limvals_max: 3.19963)
[2026-09-07 14:48:36.682] [6885] [HailoRT] [info] [queue_elements.cpp:800] [create] Created (UserBuffQEl2yolo26n/conv64 | timeout: 10s)
[2026-09-07 14:48:36.682] [6885] [HailoRT] [info] [vstream.cpp:1114] [OutputVStreamImpl] Creating yolo26n/conv64...
[2026-09-07 14:48:36.682] [6885] [HailoRT] [info] [vstream_builder.cpp:220] [create_outputs] Output pipeline 'yolo26n/conv64': HW >> (HwReadEl2yolo26n/conv64 | hw_frame_size: 23040) >> (PullQEl_hw_read2yolo26n/conv64) >> (PostInferEl2yolo26n/conv64 | Quantization - src_type: UINT16, dst_type FLOAT32, limvals_min: -164.817, limvals_max: 3.19963) >> (UserBuffQEl2yolo26n/conv64 | timeout: 10s)
[2026-09-07 14:48:36.682] [6885] [HailoRT] [info] [edge_elements.cpp:287] [create] Created (HwReadEl2yolo26n/conv77 | hw_frame_size: 23040)
[2026-09-07 14:48:36.682] [6885] [HailoRT] [info] [queue_elements.cpp:657] [create] Created (PullQEl_hw_read2yolo26n/conv77)
[2026-09-07 14:48:36.682] [6885] [HailoRT] [info] [filter_elements.cpp:372] [create] Created (PostInferEl2yolo26n/conv77 | Quantization - src_type: UINT16, dst_type FLOAT32, limvals_min: -0.67052, limvals_max: 17.2357)
[2026-09-07 14:48:36.682] [6885] [HailoRT] [info] [queue_elements.cpp:800] [create] Created (UserBuffQEl2yolo26n/conv77 | timeout: 10s)
[2026-09-07 14:48:36.682] [6885] [HailoRT] [info] [vstream.cpp:1114] [OutputVStreamImpl] Creating yolo26n/conv77...
[2026-09-07 14:48:36.682] [6885] [HailoRT] [info] [vstream_builder.cpp:220] [create_outputs] Output pipeline 'yolo26n/conv77': HW >> (HwReadEl2yolo26n/conv77 | hw_frame_size: 23040) >> (PullQEl_hw_read2yolo26n/conv77) >> (PostInferEl2yolo26n/conv77 | Quantization - src_type: UINT16, dst_type FLOAT32, limvals_min: -0.67052, limvals_max: 17.2357) >> (UserBuffQEl2yolo26n/conv77 | timeout: 10s)
[2026-09-07 14:48:36.682] [6885] [HailoRT] [info] [edge_elements.cpp:287] [create] Created (HwReadEl0yolo26n/conv80 | hw_frame_size: 5760)
[2026-09-07 14:48:36.682] [6885] [HailoRT] [info] [queue_elements.cpp:657] [create] Created (PullQEl_hw_read0yolo26n/conv80)
[2026-09-07 14:48:36.682] [6885] [HailoRT] [info] [filter_elements.cpp:372] [create] Created (PostInferEl0yolo26n/conv80 | Quantization - src_type: UINT16, dst_type FLOAT32, limvals_min: -67.4827, limvals_max: 0)
[2026-09-07 14:48:36.682] [6885] [HailoRT] [info] [queue_elements.cpp:800] [create] Created (UserBuffQEl0yolo26n/conv80 | timeout: 10s)
[2026-09-07 14:48:36.682] [6885] [HailoRT] [info] [vstream.cpp:1114] [OutputVStreamImpl] Creating yolo26n/conv80...
[2026-09-07 14:48:36.682] [6885] [HailoRT] [info] [vstream_builder.cpp:220] [create_outputs] Output pipeline 'yolo26n/conv80': HW >> (HwReadEl0yolo26n/conv80 | hw_frame_size: 5760) >> (PullQEl_hw_read0yolo26n/conv80) >> (PostInferEl0yolo26n/conv80 | Quantization - src_type: UINT16, dst_type FLOAT32, limvals_min: -67.4827, limvals_max: 0) >> (UserBuffQEl0yolo26n/conv80 | timeout: 10s)
[2026-09-07 14:48:36.682] [6885] [HailoRT] [info] [edge_elements.cpp:287] [create] Created (HwReadEl3yolo26n/conv91 | hw_frame_size: 11520)
[2026-09-07 14:48:36.682] [6885] [HailoRT] [info] [queue_elements.cpp:657] [create] Created (PullQEl_hw_read3yolo26n/conv91)
[2026-09-07 14:48:36.682] [6885] [HailoRT] [info] [filter_elements.cpp:372] [create] Created (PostInferEl3yolo26n/conv91 | Quantization - src_type: UINT16, dst_type FLOAT32, limvals_min: 0, limvals_max: 8.46146 | Reorder - src_order: FCR, src_shape: (20, 36, 8), dst_order: FCR, dst_shape: (20, 36, 4))
[2026-09-07 14:48:36.682] [6885] [HailoRT] [info] [queue_elements.cpp:800] [create] Created (UserBuffQEl3yolo26n/conv91 | timeout: 10s)
[2026-09-07 14:48:36.682] [6885] [HailoRT] [info] [vstream.cpp:1114] [OutputVStreamImpl] Creating yolo26n/conv91...
[2026-09-07 14:48:36.682] [6885] [HailoRT] [info] [vstream_builder.cpp:220] [create_outputs] Output pipeline 'yolo26n/conv91': HW >> (HwReadEl3yolo26n/conv91 | hw_frame_size: 11520) >> (PullQEl_hw_read3yolo26n/conv91) >> (PostInferEl3yolo26n/conv91 | Quantization - src_type: UINT16, dst_type FLOAT32, limvals_min: 0, limvals_max: 8.46146 | Reorder - src_order: FCR, src_shape: (20, 36, 8), dst_order: FCR, dst_shape: (20, 36, 4)) >> (UserBuffQEl3yolo26n/conv91 | timeout: 10s)
[2026-09-07 14:48:36.682] [6885] [HailoRT] [info] [edge_elements.cpp:287] [create] Created (HwReadEl0yolo26n/conv94 | hw_frame_size: 11520)
[2026-09-07 14:48:36.683] [6885] [HailoRT] [info] [queue_elements.cpp:657] [create] Created (PullQEl_hw_read0yolo26n/conv94)
[2026-09-07 14:48:36.683] [6885] [HailoRT] [info] [filter_elements.cpp:372] [create] Created (PostInferEl0yolo26n/conv94 | Quantization - src_type: UINT16, dst_type FLOAT32, limvals_min: -64.0772, limvals_max: 0 | Reorder - src_order: FCR, src_shape: (20, 36, 8), dst_order: FCR, dst_shape: (20, 36, 1))
[2026-09-07 14:48:36.683] [6885] [HailoRT] [info] [queue_elements.cpp:800] [create] Created (UserBuffQEl0yolo26n/conv94 | timeout: 10s)
[2026-09-07 14:48:36.683] [6885] [HailoRT] [info] [vstream.cpp:1114] [OutputVStreamImpl] Creating yolo26n/conv94...
[2026-09-07 14:48:36.684] [6885] [HailoRT] [info] [vstream_builder.cpp:220] [create_outputs] Output pipeline 'yolo26n/conv94': HW >> (HwReadEl0yolo26n/conv94 | hw_frame_size: 11520) >> (PullQEl_hw_read0yolo26n/conv94) >> (PostInferEl0yolo26n/conv94 | Quantization - src_type: UINT16, dst_type FLOAT32, limvals_min: -64.0772, limvals_max: 0 | Reorder - src_order: FCR, src_shape: (20, 36, 8), dst_order: FCR, dst_shape: (20, 36, 1)) >> (UserBuffQEl0yolo26n/conv94 | timeout: 10s)
[2026-09-07 14:48:36.684] [6885] [HailoRT] [info] [core_op.cpp:156] [activate] Activating yolo26n took 0.480722 milliseconds. Note that the function is asynchronous and thus the network is not fully activated yet.
[2026-09-07 14:48:36.684] [6885] [HailoRT] [info] [core_op.cpp:156] [activate] Activating yolo26n took 0.492611 milliseconds. Note that the function is asynchronous and thus the network is not fully activated yet.
[2026-09-07 14:48:50.549] [6891] [HailoRT] [info] [vdevice_native_stream.cpp:331] [read_impl] Failed read from stream HAILO_STREAM_NOT_ACTIVATED(72) (device: 0001:01:00.0)
[2026-09-07 14:48:50.549] [6893] [HailoRT] [info] [vdevice_native_stream.cpp:331] [read_impl] Failed read from stream HAILO_STREAM_NOT_ACTIVATED(72) (device: 0001:01:00.0)
[2026-09-07 14:48:50.549] [6903] [HailoRT] [info] [vdevice_native_stream.cpp:331] [read_impl] Failed read from stream HAILO_STREAM_NOT_ACTIVATED(72) (device: 0001:01:00.0)
[2026-09-07 14:48:50.549] [6898] [HailoRT] [info] [vdevice_native_stream.cpp:331] [read_impl] Failed read from stream HAILO_STREAM_NOT_ACTIVATED(72) (device: 0001:01:00.0)
[2026-09-07 14:48:50.549] [6895] [HailoRT] [info] [vdevice_native_stream.cpp:331] [read_impl] Failed read from stream HAILO_STREAM_NOT_ACTIVATED(72) (device: 0001:01:00.0)
[2026-09-07 14:48:50.549] [6901] [HailoRT] [info] [vdevice_native_stream.cpp:331] [read_impl] Failed read from stream HAILO_STREAM_NOT_ACTIVATED(72) (device: 0001:01:00.0)
[2026-09-07 14:48:50.550] [6885] [HailoRT] [info] [core_op.cpp:186] [deactivate] Deactivating took 0.486611 ms
[2026-09-07 14:48:50.550] [6885] [HailoRT] [info] [core_op.cpp:186] [deactivate] Deactivating took 0.501666 ms
[2026-09-07 14:48:50.550] [6891] [HailoRT] [info] [queue_elements.cpp:734] [run_in_thread] Shutdown event was signaled in run_pull of queue element PullQEl_hw_read3yolo26n/conv61!
[2026-09-07 14:48:50.550] [6892] [HailoRT] [info] [queue_elements.cpp:855] [run_in_thread] Shutdown event was signaled in dequeue of UserBuffQEl3yolo26n/conv61!
[2026-09-07 14:48:50.550] [6891] [HailoRT] [info] [queue_elements.cpp:68] [operator()] Thread in element PullQEl_hw_read3yolo26n/conv61 is not running anymore, exiting..
[2026-09-07 14:48:50.550] [6885] [HailoRT] [info] [queue_elements.cpp:46] [~BaseQueueElement] Queue element PullQEl_hw_read3yolo26n/conv61 has 0 frames in his Queue on destruction
[2026-09-07 14:48:50.550] [6892] [HailoRT] [info] [queue_elements.cpp:68] [operator()] Thread in element UserBuffQEl3yolo26n/conv61 is not running anymore, exiting..
[2026-09-07 14:48:50.550] [6885] [HailoRT] [info] [queue_elements.cpp:46] [~BaseQueueElement] Queue element UserBuffQEl3yolo26n/conv61 has 0 frames in his Queue on destruction
[2026-09-07 14:48:50.550] [6893] [HailoRT] [info] [queue_elements.cpp:734] [run_in_thread] Shutdown event was signaled in run_pull of queue element PullQEl_hw_read2yolo26n/conv64!
[2026-09-07 14:48:50.550] [6894] [HailoRT] [info] [queue_elements.cpp:855] [run_in_thread] Shutdown event was signaled in dequeue of UserBuffQEl2yolo26n/conv64!
[2026-09-07 14:48:50.550] [6893] [HailoRT] [info] [queue_elements.cpp:68] [operator()] Thread in element PullQEl_hw_read2yolo26n/conv64 is not running anymore, exiting..
[2026-09-07 14:48:50.550] [6885] [HailoRT] [info] [queue_elements.cpp:46] [~BaseQueueElement] Queue element PullQEl_hw_read2yolo26n/conv64 has 0 frames in his Queue on destruction
[2026-09-07 14:48:50.550] [6894] [HailoRT] [info] [queue_elements.cpp:68] [operator()] Thread in element UserBuffQEl2yolo26n/conv64 is not running anymore, exiting..
[2026-09-07 14:48:50.550] [6885] [HailoRT] [info] [queue_elements.cpp:46] [~BaseQueueElement] Queue element UserBuffQEl2yolo26n/conv64 has 0 frames in his Queue on destruction
[2026-09-07 14:48:50.550] [6895] [HailoRT] [info] [queue_elements.cpp:734] [run_in_thread] Shutdown event was signaled in run_pull of queue element PullQEl_hw_read2yolo26n/conv77!
[2026-09-07 14:48:50.550] [6896] [HailoRT] [info] [queue_elements.cpp:855] [run_in_thread] Shutdown event was signaled in dequeue of UserBuffQEl2yolo26n/conv77!
[2026-09-07 14:48:50.550] [6895] [HailoRT] [info] [queue_elements.cpp:68] [operator()] Thread in element PullQEl_hw_read2yolo26n/conv77 is not running anymore, exiting..
[2026-09-07 14:48:50.550] [6885] [HailoRT] [info] [queue_elements.cpp:46] [~BaseQueueElement] Queue element PullQEl_hw_read2yolo26n/conv77 has 0 frames in his Queue on destruction
[2026-09-07 14:48:50.550] [6896] [HailoRT] [info] [queue_elements.cpp:68] [operator()] Thread in element UserBuffQEl2yolo26n/conv77 is not running anymore, exiting..
[2026-09-07 14:48:50.550] [6885] [HailoRT] [info] [queue_elements.cpp:46] [~BaseQueueElement] Queue element UserBuffQEl2yolo26n/conv77 has 0 frames in his Queue on destruction
[2026-09-07 14:48:50.550] [6899] [HailoRT] [info] [queue_elements.cpp:855] [run_in_thread] Shutdown event was signaled in dequeue of UserBuffQEl0yolo26n/conv80!
[2026-09-07 14:48:50.550] [6898] [HailoRT] [info] [queue_elements.cpp:734] [run_in_thread] Shutdown event was signaled in run_pull of queue element PullQEl_hw_read0yolo26n/conv80!
[2026-09-07 14:48:50.550] [6898] [HailoRT] [info] [queue_elements.cpp:68] [operator()] Thread in element PullQEl_hw_read0yolo26n/conv80 is not running anymore, exiting..
[2026-09-07 14:48:50.550] [6885] [HailoRT] [info] [queue_elements.cpp:46] [~BaseQueueElement] Queue element PullQEl_hw_read0yolo26n/conv80 has 0 frames in his Queue on destruction
[2026-09-07 14:48:50.550] [6899] [HailoRT] [info] [queue_elements.cpp:68] [operator()] Thread in element UserBuffQEl0yolo26n/conv80 is not running anymore, exiting..
[2026-09-07 14:48:50.550] [6885] [HailoRT] [info] [queue_elements.cpp:46] [~BaseQueueElement] Queue element UserBuffQEl0yolo26n/conv80 has 0 frames in his Queue on destruction
[2026-09-07 14:48:50.550] [6901] [HailoRT] [info] [queue_elements.cpp:734] [run_in_thread] Shutdown event was signaled in run_pull of queue element PullQEl_hw_read3yolo26n/conv91!
[2026-09-07 14:48:50.550] [6902] [HailoRT] [info] [queue_elements.cpp:855] [run_in_thread] Shutdown event was signaled in dequeue of UserBuffQEl3yolo26n/conv91!
[2026-09-07 14:48:50.550] [6901] [HailoRT] [info] [queue_elements.cpp:68] [operator()] Thread in element PullQEl_hw_read3yolo26n/conv91 is not running anymore, exiting..
[2026-09-07 14:48:50.550] [6885] [HailoRT] [info] [queue_elements.cpp:46] [~BaseQueueElement] Queue element PullQEl_hw_read3yolo26n/conv91 has 0 frames in his Queue on destruction
[2026-09-07 14:48:50.550] [6902] [HailoRT] [info] [queue_elements.cpp:68] [operator()] Thread in element UserBuffQEl3yolo26n/conv91 is not running anymore, exiting..
[2026-09-07 14:48:50.550] [6885] [HailoRT] [info] [queue_elements.cpp:46] [~BaseQueueElement] Queue element UserBuffQEl3yolo26n/conv91 has 0 frames in his Queue on destruction
[2026-09-07 14:48:50.550] [6904] [HailoRT] [info] [queue_elements.cpp:855] [run_in_thread] Shutdown event was signaled in dequeue of UserBuffQEl0yolo26n/conv94!
[2026-09-07 14:48:50.550] [6903] [HailoRT] [info] [queue_elements.cpp:734] [run_in_thread] Shutdown event was signaled in run_pull of queue element PullQEl_hw_read0yolo26n/conv94!
[2026-09-07 14:48:50.550] [6903] [HailoRT] [info] [queue_elements.cpp:68] [operator()] Thread in element PullQEl_hw_read0yolo26n/conv94 is not running anymore, exiting..
[2026-09-07 14:48:50.550] [6885] [HailoRT] [info] [queue_elements.cpp:46] [~BaseQueueElement] Queue element PullQEl_hw_read0yolo26n/conv94 has 0 frames in his Queue on destruction
[2026-09-07 14:48:50.550] [6904] [HailoRT] [info] [queue_elements.cpp:68] [operator()] Thread in element UserBuffQEl0yolo26n/conv94 is not running anymore, exiting..
[2026-09-07 14:48:50.550] [6885] [HailoRT] [info] [queue_elements.cpp:46] [~BaseQueueElement] Queue element UserBuffQEl0yolo26n/conv94 has 0 frames in his Queue on destruction
[2026-09-07 15:35:47.233] [14170] [HailoRT] [info] [vdevice.cpp:535] [create] Creating vdevice with params: device_count: 1, scheduling_algorithm: NONE, multi_process_service: false
[2026-09-07 15:35:47.245] [14170] [HailoRT] [info] [device.cpp:51] [Device] OS Version: Linux 6.18.39+rpt-rpi-2712 #1 SMP PREEMPT Debian 1:6.18.39-1+rpt1 (2026-07-29) aarch64
[2026-09-07 15:35:47.245] [14170] [HailoRT] [info] [control.cpp:113] [control__parse_identify_results] firmware_version is: 4.23.0
[2026-09-07 15:35:47.245] [14170] [HailoRT] [info] [vdevice.cpp:682] [create] VDevice Infos: 0001:01:00.0
[2026-09-07 15:35:47.252] [14170] [HailoRT] [info] [internal_buffer_manager.cpp:77] [print_execution_results] Planned internal buffer memory: CMA=0 CMA-Desc=917504 Pinned=2956800. memory to edge layer usage factor is 0.9621793
[2026-09-07 15:35:47.252] [14170] [HailoRT] [info] [internal_buffer_manager.cpp:86] [print_execution_results] Default Internal buffer planner executed successfully
[2026-09-07 15:35:47.282] [14170] [HailoRT] [info] [device_internal.cpp:57] [configure] Configuring HEF took 36.46425 milliseconds
[2026-09-07 15:35:47.282] [14170] [HailoRT] [info] [vdevice.cpp:780] [configure] Configuring HEF on VDevice took 36.765974 milliseconds
[2026-09-07 15:35:47.282] [14170] [HailoRT] [info] [hef.cpp:1994] [get_network_group_and_network_name] No name was given. Addressing all networks of default network_group: yolo26n
[2026-09-07 15:35:47.282] [14170] [HailoRT] [info] [hef.cpp:1994] [get_network_group_and_network_name] No name was given. Addressing all networks of default network_group: yolo26n
[2026-09-07 15:35:47.282] [14170] [HailoRT] [info] [edge_elements.cpp:52] [create] Created (HwWriteEl2yolo26n/input_layer1 | hw_frame_size: 2211840)
[2026-09-07 15:35:47.282] [14170] [HailoRT] [info] [vstream.cpp:754] [InputVStreamImpl] Creating yolo26n/input_layer1...
[2026-09-07 15:35:47.283] [14170] [HailoRT] [info] [vstream_builder.cpp:102] [create_inputs] Input pipeline 'yolo26n/input_layer1': (HwWriteEl2yolo26n/input_layer1 | hw_frame_size: 2211840) >> HW
[2026-09-07 15:35:47.283] [14170] [HailoRT] [info] [edge_elements.cpp:287] [create] Created (HwReadEl3yolo26n/conv61 | hw_frame_size: 92160)
[2026-09-07 15:35:47.283] [14170] [HailoRT] [info] [queue_elements.cpp:657] [create] Created (PullQEl_hw_read3yolo26n/conv61)
[2026-09-07 15:35:47.283] [14170] [HailoRT] [info] [filter_elements.cpp:372] [create] Created (PostInferEl3yolo26n/conv61 | Quantization - src_type: UINT16, dst_type FLOAT32, limvals_min: -0.881752, limvals_max: 6.27869)
[2026-09-07 15:35:47.283] [14170] [HailoRT] [info] [queue_elements.cpp:800] [create] Created (UserBuffQEl3yolo26n/conv61 | timeout: 10s)
[2026-09-07 15:35:47.283] [14170] [HailoRT] [info] [vstream.cpp:1114] [OutputVStreamImpl] Creating yolo26n/conv61...
[2026-09-07 15:35:47.283] [14170] [HailoRT] [info] [vstream_builder.cpp:220] [create_outputs] Output pipeline 'yolo26n/conv61': HW >> (HwReadEl3yolo26n/conv61 | hw_frame_size: 92160) >> (PullQEl_hw_read3yolo26n/conv61) >> (PostInferEl3yolo26n/conv61 | Quantization - src_type: UINT16, dst_type FLOAT32, limvals_min: -0.881752, limvals_max: 6.27869) >> (UserBuffQEl3yolo26n/conv61 | timeout: 10s)
[2026-09-07 15:35:47.283] [14170] [HailoRT] [info] [edge_elements.cpp:287] [create] Created (HwReadEl2yolo26n/conv64 | hw_frame_size: 23040)
[2026-09-07 15:35:47.283] [14170] [HailoRT] [info] [queue_elements.cpp:657] [create] Created (PullQEl_hw_read2yolo26n/conv64)
[2026-09-07 15:35:47.283] [14170] [HailoRT] [info] [filter_elements.cpp:372] [create] Created (PostInferEl2yolo26n/conv64 | Quantization - src_type: UINT16, dst_type FLOAT32, limvals_min: -164.817, limvals_max: 3.19963)
[2026-09-07 15:35:47.283] [14170] [HailoRT] [info] [queue_elements.cpp:800] [create] Created (UserBuffQEl2yolo26n/conv64 | timeout: 10s)
[2026-09-07 15:35:47.283] [14170] [HailoRT] [info] [vstream.cpp:1114] [OutputVStreamImpl] Creating yolo26n/conv64...
[2026-09-07 15:35:47.283] [14170] [HailoRT] [info] [vstream_builder.cpp:220] [create_outputs] Output pipeline 'yolo26n/conv64': HW >> (HwReadEl2yolo26n/conv64 | hw_frame_size: 23040) >> (PullQEl_hw_read2yolo26n/conv64) >> (PostInferEl2yolo26n/conv64 | Quantization - src_type: UINT16, dst_type FLOAT32, limvals_min: -164.817, limvals_max: 3.19963) >> (UserBuffQEl2yolo26n/conv64 | timeout: 10s)
[2026-09-07 15:35:47.283] [14170] [HailoRT] [info] [edge_elements.cpp:287] [create] Created (HwReadEl2yolo26n/conv77 | hw_frame_size: 23040)
[2026-09-07 15:35:47.283] [14170] [HailoRT] [info] [queue_elements.cpp:657] [create] Created (PullQEl_hw_read2yolo26n/conv77)
[2026-09-07 15:35:47.283] [14170] [HailoRT] [info] [filter_elements.cpp:372] [create] Created (PostInferEl2yolo26n/conv77 | Quantization - src_type: UINT16, dst_type FLOAT32, limvals_min: -0.67052, limvals_max: 17.2357)
[2026-09-07 15:35:47.283] [14170] [HailoRT] [info] [queue_elements.cpp:800] [create] Created (UserBuffQEl2yolo26n/conv77 | timeout: 10s)
[2026-09-07 15:35:47.283] [14170] [HailoRT] [info] [vstream.cpp:1114] [OutputVStreamImpl] Creating yolo26n/conv77...
[2026-09-07 15:35:47.283] [14170] [HailoRT] [info] [vstream_builder.cpp:220] [create_outputs] Output pipeline 'yolo26n/conv77': HW >> (HwReadEl2yolo26n/conv77 | hw_frame_size: 23040) >> (PullQEl_hw_read2yolo26n/conv77) >> (PostInferEl2yolo26n/conv77 | Quantization - src_type: UINT16, dst_type FLOAT32, limvals_min: -0.67052, limvals_max: 17.2357) >> (UserBuffQEl2yolo26n/conv77 | timeout: 10s)
[2026-09-07 15:35:47.283] [14170] [HailoRT] [info] [edge_elements.cpp:287] [create] Created (HwReadEl0yolo26n/conv80 | hw_frame_size: 5760)
[2026-09-07 15:35:47.283] [14170] [HailoRT] [info] [queue_elements.cpp:657] [create] Created (PullQEl_hw_read0yolo26n/conv80)
[2026-09-07 15:35:47.283] [14170] [HailoRT] [info] [filter_elements.cpp:372] [create] Created (PostInferEl0yolo26n/conv80 | Quantization - src_type: UINT16, dst_type FLOAT32, limvals_min: -67.4827, limvals_max: 0)
[2026-09-07 15:35:47.283] [14170] [HailoRT] [info] [queue_elements.cpp:800] [create] Created (UserBuffQEl0yolo26n/conv80 | timeout: 10s)
[2026-09-07 15:35:47.283] [14170] [HailoRT] [info] [vstream.cpp:1114] [OutputVStreamImpl] Creating yolo26n/conv80...
[2026-09-07 15:35:47.283] [14170] [HailoRT] [info] [vstream_builder.cpp:220] [create_outputs] Output pipeline 'yolo26n/conv80': HW >> (HwReadEl0yolo26n/conv80 | hw_frame_size: 5760) >> (PullQEl_hw_read0yolo26n/conv80) >> (PostInferEl0yolo26n/conv80 | Quantization - src_type: UINT16, dst_type FLOAT32, limvals_min: -67.4827, limvals_max: 0) >> (UserBuffQEl0yolo26n/conv80 | timeout: 10s)
[2026-09-07 15:35:47.283] [14170] [HailoRT] [info] [edge_elements.cpp:287] [create] Created (HwReadEl3yolo26n/conv91 | hw_frame_size: 11520)
[2026-09-07 15:35:47.283] [14170] [HailoRT] [info] [queue_elements.cpp:657] [create] Created (PullQEl_hw_read3yolo26n/conv91)
[2026-09-07 15:35:47.283] [14170] [HailoRT] [info] [filter_elements.cpp:372] [create] Created (PostInferEl3yolo26n/conv91 | Quantization - src_type: UINT16, dst_type FLOAT32, limvals_min: 0, limvals_max: 8.46146 | Reorder - src_order: FCR, src_shape: (20, 36, 8), dst_order: FCR, dst_shape: (20, 36, 4))
[2026-09-07 15:35:47.284] [14170] [HailoRT] [info] [queue_elements.cpp:800] [create] Created (UserBuffQEl3yolo26n/conv91 | timeout: 10s)
[2026-09-07 15:35:47.284] [14170] [HailoRT] [info] [vstream.cpp:1114] [OutputVStreamImpl] Creating yolo26n/conv91...
[2026-09-07 15:35:47.284] [14170] [HailoRT] [info] [vstream_builder.cpp:220] [create_outputs] Output pipeline 'yolo26n/conv91': HW >> (HwReadEl3yolo26n/conv91 | hw_frame_size: 11520) >> (PullQEl_hw_read3yolo26n/conv91) >> (PostInferEl3yolo26n/conv91 | Quantization - src_type: UINT16, dst_type FLOAT32, limvals_min: 0, limvals_max: 8.46146 | Reorder - src_order: FCR, src_shape: (20, 36, 8), dst_order: FCR, dst_shape: (20, 36, 4)) >> (UserBuffQEl3yolo26n/conv91 | timeout: 10s)
[2026-09-07 15:35:47.284] [14170] [HailoRT] [info] [edge_elements.cpp:287] [create] Created (HwReadEl0yolo26n/conv94 | hw_frame_size: 11520)
[2026-09-07 15:35:47.284] [14170] [HailoRT] [info] [queue_elements.cpp:657] [create] Created (PullQEl_hw_read0yolo26n/conv94)
[2026-09-07 15:35:47.284] [14170] [HailoRT] [info] [filter_elements.cpp:372] [create] Created (PostInferEl0yolo26n/conv94 | Quantization - src_type: UINT16, dst_type FLOAT32, limvals_min: -64.0772, limvals_max: 0 | Reorder - src_order: FCR, src_shape: (20, 36, 8), dst_order: FCR, dst_shape: (20, 36, 1))
[2026-09-07 15:35:47.284] [14170] [HailoRT] [info] [queue_elements.cpp:800] [create] Created (UserBuffQEl0yolo26n/conv94 | timeout: 10s)
[2026-09-07 15:35:47.284] [14170] [HailoRT] [info] [vstream.cpp:1114] [OutputVStreamImpl] Creating yolo26n/conv94...
[2026-09-07 15:35:47.284] [14170] [HailoRT] [info] [vstream_builder.cpp:220] [create_outputs] Output pipeline 'yolo26n/conv94': HW >> (HwReadEl0yolo26n/conv94 | hw_frame_size: 11520) >> (PullQEl_hw_read0yolo26n/conv94) >> (PostInferEl0yolo26n/conv94 | Quantization - src_type: UINT16, dst_type FLOAT32, limvals_min: -64.0772, limvals_max: 0 | Reorder - src_order: FCR, src_shape: (20, 36, 8), dst_order: FCR, dst_shape: (20, 36, 1)) >> (UserBuffQEl0yolo26n/conv94 | timeout: 10s)
[2026-09-07 15:35:47.284] [14170] [HailoRT] [info] [core_op.cpp:156] [activate] Activating yolo26n took 0.462984 milliseconds. Note that the function is asynchronous and thus the network is not fully activated yet.
[2026-09-07 15:35:47.284] [14170] [HailoRT] [info] [core_op.cpp:156] [activate] Activating yolo26n took 0.472299 milliseconds. Note that the function is asynchronous and thus the network is not fully activated yet.
[2026-09-07 15:36:08.635] [14178] [HailoRT] [info] [vdevice_native_stream.cpp:331] [read_impl] Failed read from stream HAILO_STREAM_NOT_ACTIVATED(72) (device: 0001:01:00.0)
[2026-09-07 15:36:08.635] [14184] [HailoRT] [info] [vdevice_native_stream.cpp:331] [read_impl] Failed read from stream HAILO_STREAM_NOT_ACTIVATED(72) (device: 0001:01:00.0)
[2026-09-07 15:36:08.635] [14186] [HailoRT] [info] [vdevice_native_stream.cpp:331] [read_impl] Failed read from stream HAILO_STREAM_NOT_ACTIVATED(72) (device: 0001:01:00.0)
[2026-09-07 15:36:08.635] [14182] [HailoRT] [info] [vdevice_native_stream.cpp:331] [read_impl] Failed read from stream HAILO_STREAM_NOT_ACTIVATED(72) (device: 0001:01:00.0)
[2026-09-07 15:36:08.635] [14180] [HailoRT] [info] [vdevice_native_stream.cpp:331] [read_impl] Failed read from stream HAILO_STREAM_NOT_ACTIVATED(72) (device: 0001:01:00.0)
[2026-09-07 15:36:08.635] [14176] [HailoRT] [info] [vdevice_native_stream.cpp:331] [read_impl] Failed read from stream HAILO_STREAM_NOT_ACTIVATED(72) (device: 0001:01:00.0)
[2026-09-07 15:36:08.636] [14170] [HailoRT] [info] [core_op.cpp:186] [deactivate] Deactivating took 8.512895 ms
[2026-09-07 15:36:08.636] [14170] [HailoRT] [info] [core_op.cpp:186] [deactivate] Deactivating took 12.605602 ms
[2026-09-07 15:36:08.636] [14176] [HailoRT] [info] [queue_elements.cpp:734] [run_in_thread] Shutdown event was signaled in run_pull of queue element PullQEl_hw_read3yolo26n/conv61!
[2026-09-07 15:36:08.636] [14177] [HailoRT] [info] [queue_elements.cpp:855] [run_in_thread] Shutdown event was signaled in dequeue of UserBuffQEl3yolo26n/conv61!
[2026-09-07 15:36:08.636] [14176] [HailoRT] [info] [queue_elements.cpp:68] [operator()] Thread in element PullQEl_hw_read3yolo26n/conv61 is not running anymore, exiting..
[2026-09-07 15:36:08.636] [14170] [HailoRT] [info] [queue_elements.cpp:46] [~BaseQueueElement] Queue element PullQEl_hw_read3yolo26n/conv61 has 0 frames in his Queue on destruction
[2026-09-07 15:36:08.636] [14177] [HailoRT] [info] [queue_elements.cpp:68] [operator()] Thread in element UserBuffQEl3yolo26n/conv61 is not running anymore, exiting..
[2026-09-07 15:36:08.636] [14170] [HailoRT] [info] [queue_elements.cpp:46] [~BaseQueueElement] Queue element UserBuffQEl3yolo26n/conv61 has 0 frames in his Queue on destruction
[2026-09-07 15:36:08.638] [14178] [HailoRT] [info] [queue_elements.cpp:734] [run_in_thread] Shutdown event was signaled in run_pull of queue element PullQEl_hw_read2yolo26n/conv64!
[2026-09-07 15:36:08.638] [14179] [HailoRT] [info] [queue_elements.cpp:855] [run_in_thread] Shutdown event was signaled in dequeue of UserBuffQEl2yolo26n/conv64!
[2026-09-07 15:36:08.638] [14178] [HailoRT] [info] [queue_elements.cpp:68] [operator()] Thread in element PullQEl_hw_read2yolo26n/conv64 is not running anymore, exiting..
[2026-09-07 15:36:08.638] [14170] [HailoRT] [info] [queue_elements.cpp:46] [~BaseQueueElement] Queue element PullQEl_hw_read2yolo26n/conv64 has 0 frames in his Queue on destruction
[2026-09-07 15:36:08.638] [14179] [HailoRT] [info] [queue_elements.cpp:68] [operator()] Thread in element UserBuffQEl2yolo26n/conv64 is not running anymore, exiting..
[2026-09-07 15:36:08.638] [14170] [HailoRT] [info] [queue_elements.cpp:46] [~BaseQueueElement] Queue element UserBuffQEl2yolo26n/conv64 has 0 frames in his Queue on destruction
[2026-09-07 15:36:08.638] [14181] [HailoRT] [info] [queue_elements.cpp:855] [run_in_thread] Shutdown event was signaled in dequeue of UserBuffQEl2yolo26n/conv77!
[2026-09-07 15:36:08.638] [14180] [HailoRT] [info] [queue_elements.cpp:734] [run_in_thread] Shutdown event was signaled in run_pull of queue element PullQEl_hw_read2yolo26n/conv77!
[2026-09-07 15:36:08.638] [14180] [HailoRT] [info] [queue_elements.cpp:68] [operator()] Thread in element PullQEl_hw_read2yolo26n/conv77 is not running anymore, exiting..
[2026-09-07 15:36:08.638] [14170] [HailoRT] [info] [queue_elements.cpp:46] [~BaseQueueElement] Queue element PullQEl_hw_read2yolo26n/conv77 has 0 frames in his Queue on destruction
[2026-09-07 15:36:08.638] [14181] [HailoRT] [info] [queue_elements.cpp:68] [operator()] Thread in element UserBuffQEl2yolo26n/conv77 is not running anymore, exiting..
[2026-09-07 15:36:08.638] [14170] [HailoRT] [info] [queue_elements.cpp:46] [~BaseQueueElement] Queue element UserBuffQEl2yolo26n/conv77 has 0 frames in his Queue on destruction
[2026-09-07 15:36:08.638] [14182] [HailoRT] [info] [queue_elements.cpp:734] [run_in_thread] Shutdown event was signaled in run_pull of queue element PullQEl_hw_read0yolo26n/conv80!
[2026-09-07 15:36:08.638] [14183] [HailoRT] [info] [queue_elements.cpp:855] [run_in_thread] Shutdown event was signaled in dequeue of UserBuffQEl0yolo26n/conv80!
[2026-09-07 15:36:08.638] [14182] [HailoRT] [info] [queue_elements.cpp:68] [operator()] Thread in element PullQEl_hw_read0yolo26n/conv80 is not running anymore, exiting..
[2026-09-07 15:36:08.638] [14170] [HailoRT] [info] [queue_elements.cpp:46] [~BaseQueueElement] Queue element PullQEl_hw_read0yolo26n/conv80 has 0 frames in his Queue on destruction
[2026-09-07 15:36:08.638] [14183] [HailoRT] [info] [queue_elements.cpp:68] [operator()] Thread in element UserBuffQEl0yolo26n/conv80 is not running anymore, exiting..
[2026-09-07 15:36:08.638] [14170] [HailoRT] [info] [queue_elements.cpp:46] [~BaseQueueElement] Queue element UserBuffQEl0yolo26n/conv80 has 0 frames in his Queue on destruction
[2026-09-07 15:36:08.638] [14185] [HailoRT] [info] [queue_elements.cpp:855] [run_in_thread] Shutdown event was signaled in dequeue of UserBuffQEl3yolo26n/conv91!
[2026-09-07 15:36:08.638] [14184] [HailoRT] [info] [queue_elements.cpp:734] [run_in_thread] Shutdown event was signaled in run_pull of queue element PullQEl_hw_read3yolo26n/conv91!
[2026-09-07 15:36:08.638] [14184] [HailoRT] [info] [queue_elements.cpp:68] [operator()] Thread in element PullQEl_hw_read3yolo26n/conv91 is not running anymore, exiting..
[2026-09-07 15:36:08.638] [14170] [HailoRT] [info] [queue_elements.cpp:46] [~BaseQueueElement] Queue element PullQEl_hw_read3yolo26n/conv91 has 0 frames in his Queue on destruction
[2026-09-07 15:36:08.638] [14185] [HailoRT] [info] [queue_elements.cpp:68] [operator()] Thread in element UserBuffQEl3yolo26n/conv91 is not running anymore, exiting..
[2026-09-07 15:36:08.638] [14170] [HailoRT] [info] [queue_elements.cpp:46] [~BaseQueueElement] Queue element UserBuffQEl3yolo26n/conv91 has 0 frames in his Queue on destruction
[2026-09-07 15:36:08.638] [14187] [HailoRT] [info] [queue_elements.cpp:855] [run_in_thread] Shutdown event was signaled in dequeue of UserBuffQEl0yolo26n/conv94!
[2026-09-07 15:36:08.638] [14186] [HailoRT] [info] [queue_elements.cpp:734] [run_in_thread] Shutdown event was signaled in run_pull of queue element PullQEl_hw_read0yolo26n/conv94!
[2026-09-07 15:36:08.638] [14186] [HailoRT] [info] [queue_elements.cpp:68] [operator()] Thread in element PullQEl_hw_read0yolo26n/conv94 is not running anymore, exiting..
[2026-09-07 15:36:08.638] [14170] [HailoRT] [info] [queue_elements.cpp:46] [~BaseQueueElement] Queue element PullQEl_hw_read0yolo26n/conv94 has 0 frames in his Queue on destruction
[2026-09-07 15:36:08.639] [14187] [HailoRT] [info] [queue_elements.cpp:68] [operator()] Thread in element UserBuffQEl0yolo26n/conv94 is not running anymore, exiting..
[2026-09-07 15:36:08.639] [14170] [HailoRT] [info] [queue_elements.cpp:46] [~BaseQueueElement] Queue element UserBuffQEl0yolo26n/conv94 has 0 frames in his Queue on destruction
[2026-09-07 17:34:21.000] [7944] [HailoRT] [info] [vdevice.cpp:535] [create] Creating vdevice with params: device_count: 1, scheduling_algorithm: NONE, multi_process_service: false
[2026-09-07 17:34:21.020] [7944] [HailoRT] [info] [device.cpp:51] [Device] OS Version: Linux 6.18.39+rpt-rpi-2712 #1 SMP PREEMPT Debian 1:6.18.39-1+rpt1 (2026-07-29) aarch64
[2026-09-07 17:34:21.022] [7944] [HailoRT] [info] [control.cpp:113] [control__parse_identify_results] firmware_version is: 4.23.0
[2026-09-07 17:34:21.022] [7944] [HailoRT] [info] [vdevice.cpp:682] [create] VDevice Infos: 0001:01:00.0
[2026-09-07 17:34:21.033] [7944] [HailoRT] [info] [internal_buffer_manager.cpp:77] [print_execution_results] Planned internal buffer memory: CMA=0 CMA-Desc=917504 Pinned=2956800. memory to edge layer usage factor is 0.9621793
[2026-09-07 17:34:21.033] [7944] [HailoRT] [info] [internal_buffer_manager.cpp:86] [print_execution_results] Default Internal buffer planner executed successfully
[2026-09-07 17:34:21.065] [7944] [HailoRT] [info] [device_internal.cpp:57] [configure] Configuring HEF took 42.292948 milliseconds
[2026-09-07 17:34:21.065] [7944] [HailoRT] [info] [vdevice.cpp:780] [configure] Configuring HEF on VDevice took 42.952689 milliseconds
[2026-09-07 17:34:21.067] [7944] [HailoRT] [info] [hef.cpp:1994] [get_network_group_and_network_name] No name was given. Addressing all networks of default network_group: yolo26n
[2026-09-07 17:34:21.067] [7944] [HailoRT] [info] [hef.cpp:1994] [get_network_group_and_network_name] No name was given. Addressing all networks of default network_group: yolo26n
[2026-09-07 17:34:21.070] [7944] [HailoRT] [info] [edge_elements.cpp:52] [create] Created (HwWriteEl2yolo26n/input_layer1 | hw_frame_size: 2211840)
[2026-09-07 17:34:21.071] [7944] [HailoRT] [info] [vstream.cpp:754] [InputVStreamImpl] Creating yolo26n/input_layer1...
[2026-09-07 17:34:21.071] [7944] [HailoRT] [info] [vstream_builder.cpp:102] [create_inputs] Input pipeline 'yolo26n/input_layer1': (HwWriteEl2yolo26n/input_layer1 | hw_frame_size: 2211840) >> HW
[2026-09-07 17:34:21.071] [7944] [HailoRT] [info] [edge_elements.cpp:287] [create] Created (HwReadEl3yolo26n/conv61 | hw_frame_size: 92160)
[2026-09-07 17:34:21.071] [7944] [HailoRT] [info] [queue_elements.cpp:657] [create] Created (PullQEl_hw_read3yolo26n/conv61)
[2026-09-07 17:34:21.071] [7944] [HailoRT] [info] [filter_elements.cpp:372] [create] Created (PostInferEl3yolo26n/conv61 | Quantization - src_type: UINT16, dst_type FLOAT32, limvals_min: -0.881752, limvals_max: 6.27869)
[2026-09-07 17:34:21.072] [7944] [HailoRT] [info] [queue_elements.cpp:800] [create] Created (UserBuffQEl3yolo26n/conv61 | timeout: 10s)
[2026-09-07 17:34:21.072] [7944] [HailoRT] [info] [vstream.cpp:1114] [OutputVStreamImpl] Creating yolo26n/conv61...
[2026-09-07 17:34:21.072] [7944] [HailoRT] [info] [vstream_builder.cpp:220] [create_outputs] Output pipeline 'yolo26n/conv61': HW >> (HwReadEl3yolo26n/conv61 | hw_frame_size: 92160) >> (PullQEl_hw_read3yolo26n/conv61) >> (PostInferEl3yolo26n/conv61 | Quantization - src_type: UINT16, dst_type FLOAT32, limvals_min: -0.881752, limvals_max: 6.27869) >> (UserBuffQEl3yolo26n/conv61 | timeout: 10s)
[2026-09-07 17:34:21.072] [7944] [HailoRT] [info] [edge_elements.cpp:287] [create] Created (HwReadEl2yolo26n/conv64 | hw_frame_size: 23040)
[2026-09-07 17:34:21.073] [7944] [HailoRT] [info] [queue_elements.cpp:657] [create] Created (PullQEl_hw_read2yolo26n/conv64)
[2026-09-07 17:34:21.073] [7944] [HailoRT] [info] [filter_elements.cpp:372] [create] Created (PostInferEl2yolo26n/conv64 | Quantization - src_type: UINT16, dst_type FLOAT32, limvals_min: -164.817, limvals_max: 3.19963)
[2026-09-07 17:34:21.073] [7944] [HailoRT] [info] [queue_elements.cpp:800] [create] Created (UserBuffQEl2yolo26n/conv64 | timeout: 10s)
[2026-09-07 17:34:21.073] [7944] [HailoRT] [info] [vstream.cpp:1114] [OutputVStreamImpl] Creating yolo26n/conv64...
[2026-09-07 17:34:21.074] [7944] [HailoRT] [info] [vstream_builder.cpp:220] [create_outputs] Output pipeline 'yolo26n/conv64': HW >> (HwReadEl2yolo26n/conv64 | hw_frame_size: 23040) >> (PullQEl_hw_read2yolo26n/conv64) >> (PostInferEl2yolo26n/conv64 | Quantization - src_type: UINT16, dst_type FLOAT32, limvals_min: -164.817, limvals_max: 3.19963) >> (UserBuffQEl2yolo26n/conv64 | timeout: 10s)
[2026-09-07 17:34:21.074] [7944] [HailoRT] [info] [edge_elements.cpp:287] [create] Created (HwReadEl2yolo26n/conv77 | hw_frame_size: 23040)
[2026-09-07 17:34:21.074] [7944] [HailoRT] [info] [queue_elements.cpp:657] [create] Created (PullQEl_hw_read2yolo26n/conv77)
[2026-09-07 17:34:21.074] [7944] [HailoRT] [info] [filter_elements.cpp:372] [create] Created (PostInferEl2yolo26n/conv77 | Quantization - src_type: UINT16, dst_type FLOAT32, limvals_min: -0.67052, limvals_max: 17.2357)
[2026-09-07 17:34:21.074] [7944] [HailoRT] [info] [queue_elements.cpp:800] [create] Created (UserBuffQEl2yolo26n/conv77 | timeout: 10s)
[2026-09-07 17:34:21.074] [7944] [HailoRT] [info] [vstream.cpp:1114] [OutputVStreamImpl] Creating yolo26n/conv77...
[2026-09-07 17:34:21.074] [7944] [HailoRT] [info] [vstream_builder.cpp:220] [create_outputs] Output pipeline 'yolo26n/conv77': HW >> (HwReadEl2yolo26n/conv77 | hw_frame_size: 23040) >> (PullQEl_hw_read2yolo26n/conv77) >> (PostInferEl2yolo26n/conv77 | Quantization - src_type: UINT16, dst_type FLOAT32, limvals_min: -0.67052, limvals_max: 17.2357) >> (UserBuffQEl2yolo26n/conv77 | timeout: 10s)
[2026-09-07 17:34:21.074] [7944] [HailoRT] [info] [edge_elements.cpp:287] [create] Created (HwReadEl0yolo26n/conv80 | hw_frame_size: 5760)
[2026-09-07 17:34:21.074] [7944] [HailoRT] [info] [queue_elements.cpp:657] [create] Created (PullQEl_hw_read0yolo26n/conv80)
[2026-09-07 17:34:21.074] [7944] [HailoRT] [info] [filter_elements.cpp:372] [create] Created (PostInferEl0yolo26n/conv80 | Quantization - src_type: UINT16, dst_type FLOAT32, limvals_min: -67.4827, limvals_max: 0)
[2026-09-07 17:34:21.074] [7944] [HailoRT] [info] [queue_elements.cpp:800] [create] Created (UserBuffQEl0yolo26n/conv80 | timeout: 10s)
[2026-09-07 17:34:21.074] [7944] [HailoRT] [info] [vstream.cpp:1114] [OutputVStreamImpl] Creating yolo26n/conv80...
[2026-09-07 17:34:21.074] [7944] [HailoRT] [info] [vstream_builder.cpp:220] [create_outputs] Output pipeline 'yolo26n/conv80': HW >> (HwReadEl0yolo26n/conv80 | hw_frame_size: 5760) >> (PullQEl_hw_read0yolo26n/conv80) >> (PostInferEl0yolo26n/conv80 | Quantization - src_type: UINT16, dst_type FLOAT32, limvals_min: -67.4827, limvals_max: 0) >> (UserBuffQEl0yolo26n/conv80 | timeout: 10s)
[2026-09-07 17:34:21.074] [7944] [HailoRT] [info] [edge_elements.cpp:287] [create] Created (HwReadEl3yolo26n/conv91 | hw_frame_size: 11520)
[2026-09-07 17:34:21.074] [7944] [HailoRT] [info] [queue_elements.cpp:657] [create] Created (PullQEl_hw_read3yolo26n/conv91)
[2026-09-07 17:34:21.074] [7944] [HailoRT] [info] [filter_elements.cpp:372] [create] Created (PostInferEl3yolo26n/conv91 | Quantization - src_type: UINT16, dst_type FLOAT32, limvals_min: 0, limvals_max: 8.46146 | Reorder - src_order: FCR, src_shape: (20, 36, 8), dst_order: FCR, dst_shape: (20, 36, 4))
[2026-09-07 17:34:21.074] [7944] [HailoRT] [info] [queue_elements.cpp:800] [create] Created (UserBuffQEl3yolo26n/conv91 | timeout: 10s)
[2026-09-07 17:34:21.074] [7944] [HailoRT] [info] [vstream.cpp:1114] [OutputVStreamImpl] Creating yolo26n/conv91...
[2026-09-07 17:34:21.074] [7944] [HailoRT] [info] [vstream_builder.cpp:220] [create_outputs] Output pipeline 'yolo26n/conv91': HW >> (HwReadEl3yolo26n/conv91 | hw_frame_size: 11520) >> (PullQEl_hw_read3yolo26n/conv91) >> (PostInferEl3yolo26n/conv91 | Quantization - src_type: UINT16, dst_type FLOAT32, limvals_min: 0, limvals_max: 8.46146 | Reorder - src_order: FCR, src_shape: (20, 36, 8), dst_order: FCR, dst_shape: (20, 36, 4)) >> (UserBuffQEl3yolo26n/conv91 | timeout: 10s)
[2026-09-07 17:34:21.074] [7944] [HailoRT] [info] [edge_elements.cpp:287] [create] Created (HwReadEl0yolo26n/conv94 | hw_frame_size: 11520)
[2026-09-07 17:34:21.074] [7944] [HailoRT] [info] [queue_elements.cpp:657] [create] Created (PullQEl_hw_read0yolo26n/conv94)
[2026-09-07 17:34:21.074] [7944] [HailoRT] [info] [filter_elements.cpp:372] [create] Created (PostInferEl0yolo26n/conv94 | Quantization - src_type: UINT16, dst_type FLOAT32, limvals_min: -64.0772, limvals_max: 0 | Reorder - src_order: FCR, src_shape: (20, 36, 8), dst_order: FCR, dst_shape: (20, 36, 1))
[2026-09-07 17:34:21.074] [7944] [HailoRT] [info] [queue_elements.cpp:800] [create] Created (UserBuffQEl0yolo26n/conv94 | timeout: 10s)
[2026-09-07 17:34:21.074] [7944] [HailoRT] [info] [vstream.cpp:1114] [OutputVStreamImpl] Creating yolo26n/conv94...
[2026-09-07 17:34:21.074] [7944] [HailoRT] [info] [vstream_builder.cpp:220] [create_outputs] Output pipeline 'yolo26n/conv94': HW >> (HwReadEl0yolo26n/conv94 | hw_frame_size: 11520) >> (PullQEl_hw_read0yolo26n/conv94) >> (PostInferEl0yolo26n/conv94 | Quantization - src_type: UINT16, dst_type FLOAT32, limvals_min: -64.0772, limvals_max: 0 | Reorder - src_order: FCR, src_shape: (20, 36, 8), dst_order: FCR, dst_shape: (20, 36, 1)) >> (UserBuffQEl0yolo26n/conv94 | timeout: 10s)
[2026-09-07 17:34:21.075] [7944] [HailoRT] [info] [core_op.cpp:156] [activate] Activating yolo26n took 0.528778 milliseconds. Note that the function is asynchronous and thus the network is not fully activated yet.
[2026-09-07 17:34:21.075] [7944] [HailoRT] [info] [core_op.cpp:156] [activate] Activating yolo26n took 0.543889 milliseconds. Note that the function is asynchronous and thus the network is not fully activated yet.
[2026-09-07 17:34:21.286] [7961] [HailoRT] [info] [vdevice_native_stream.cpp:331] [read_impl] Failed read from stream HAILO_STREAM_NOT_ACTIVATED(72) (device: 0001:01:00.0)
[2026-09-07 17:34:21.286] [7963] [HailoRT] [info] [vdevice_native_stream.cpp:331] [read_impl] Failed read from stream HAILO_STREAM_NOT_ACTIVATED(72) (device: 0001:01:00.0)
[2026-09-07 17:34:21.286] [7958] [HailoRT] [info] [vdevice_native_stream.cpp:331] [read_impl] Failed read from stream HAILO_STREAM_NOT_ACTIVATED(72) (device: 0001:01:00.0)
[2026-09-07 17:34:21.286] [7955] [HailoRT] [info] [vdevice_native_stream.cpp:331] [read_impl] Failed read from stream HAILO_STREAM_NOT_ACTIVATED(72) (device: 0001:01:00.0)
[2026-09-07 17:34:21.286] [7953] [HailoRT] [info] [vdevice_native_stream.cpp:331] [read_impl] Failed read from stream HAILO_STREAM_NOT_ACTIVATED(72) (device: 0001:01:00.0)
[2026-09-07 17:34:21.286] [7951] [HailoRT] [info] [vdevice_native_stream.cpp:331] [read_impl] Failed read from stream HAILO_STREAM_NOT_ACTIVATED(72) (device: 0001:01:00.0)
[2026-09-07 17:34:21.286] [7944] [HailoRT] [info] [core_op.cpp:186] [deactivate] Deactivating took 0.487204 ms
[2026-09-07 17:34:21.286] [7944] [HailoRT] [info] [core_op.cpp:186] [deactivate] Deactivating took 0.504389 ms
[2026-09-07 17:34:21.286] [7952] [HailoRT] [info] [queue_elements.cpp:855] [run_in_thread] Shutdown event was signaled in dequeue of UserBuffQEl3yolo26n/conv61!
[2026-09-07 17:34:21.286] [7951] [HailoRT] [info] [queue_elements.cpp:734] [run_in_thread] Shutdown event was signaled in run_pull of queue element PullQEl_hw_read3yolo26n/conv61!
[2026-09-07 17:34:21.286] [7951] [HailoRT] [info] [queue_elements.cpp:68] [operator()] Thread in element PullQEl_hw_read3yolo26n/conv61 is not running anymore, exiting..
[2026-09-07 17:34:21.286] [7944] [HailoRT] [info] [queue_elements.cpp:46] [~BaseQueueElement] Queue element PullQEl_hw_read3yolo26n/conv61 has 0 frames in his Queue on destruction
[2026-09-07 17:34:21.286] [7952] [HailoRT] [info] [queue_elements.cpp:68] [operator()] Thread in element UserBuffQEl3yolo26n/conv61 is not running anymore, exiting..
[2026-09-07 17:34:21.286] [7944] [HailoRT] [info] [queue_elements.cpp:46] [~BaseQueueElement] Queue element UserBuffQEl3yolo26n/conv61 has 0 frames in his Queue on destruction
[2026-09-07 17:34:21.286] [7954] [HailoRT] [info] [queue_elements.cpp:855] [run_in_thread] Shutdown event was signaled in dequeue of UserBuffQEl2yolo26n/conv64!
[2026-09-07 17:34:21.286] [7953] [HailoRT] [info] [queue_elements.cpp:734] [run_in_thread] Shutdown event was signaled in run_pull of queue element PullQEl_hw_read2yolo26n/conv64!
[2026-09-07 17:34:21.286] [7953] [HailoRT] [info] [queue_elements.cpp:68] [operator()] Thread in element PullQEl_hw_read2yolo26n/conv64 is not running anymore, exiting..
[2026-09-07 17:34:21.286] [7944] [HailoRT] [info] [queue_elements.cpp:46] [~BaseQueueElement] Queue element PullQEl_hw_read2yolo26n/conv64 has 0 frames in his Queue on destruction
[2026-09-07 17:34:21.287] [7954] [HailoRT] [info] [queue_elements.cpp:68] [operator()] Thread in element UserBuffQEl2yolo26n/conv64 is not running anymore, exiting..
[2026-09-07 17:34:21.287] [7944] [HailoRT] [info] [queue_elements.cpp:46] [~BaseQueueElement] Queue element UserBuffQEl2yolo26n/conv64 has 0 frames in his Queue on destruction
[2026-09-07 17:34:21.287] [7955] [HailoRT] [info] [queue_elements.cpp:734] [run_in_thread] Shutdown event was signaled in run_pull of queue element PullQEl_hw_read2yolo26n/conv77!
[2026-09-07 17:34:21.287] [7956] [HailoRT] [info] [queue_elements.cpp:855] [run_in_thread] Shutdown event was signaled in dequeue of UserBuffQEl2yolo26n/conv77!
[2026-09-07 17:34:21.287] [7955] [HailoRT] [info] [queue_elements.cpp:68] [operator()] Thread in element PullQEl_hw_read2yolo26n/conv77 is not running anymore, exiting..
[2026-09-07 17:34:21.287] [7944] [HailoRT] [info] [queue_elements.cpp:46] [~BaseQueueElement] Queue element PullQEl_hw_read2yolo26n/conv77 has 0 frames in his Queue on destruction
[2026-09-07 17:34:21.287] [7956] [HailoRT] [info] [queue_elements.cpp:68] [operator()] Thread in element UserBuffQEl2yolo26n/conv77 is not running anymore, exiting..
[2026-09-07 17:34:21.287] [7944] [HailoRT] [info] [queue_elements.cpp:46] [~BaseQueueElement] Queue element UserBuffQEl2yolo26n/conv77 has 0 frames in his Queue on destruction
[2026-09-07 17:34:21.287] [7958] [HailoRT] [info] [queue_elements.cpp:734] [run_in_thread] Shutdown event was signaled in run_pull of queue element PullQEl_hw_read0yolo26n/conv80!
[2026-09-07 17:34:21.287] [7959] [HailoRT] [info] [queue_elements.cpp:855] [run_in_thread] Shutdown event was signaled in dequeue of UserBuffQEl0yolo26n/conv80!
[2026-09-07 17:34:21.287] [7958] [HailoRT] [info] [queue_elements.cpp:68] [operator()] Thread in element PullQEl_hw_read0yolo26n/conv80 is not running anymore, exiting..
[2026-09-07 17:34:21.287] [7944] [HailoRT] [info] [queue_elements.cpp:46] [~BaseQueueElement] Queue element PullQEl_hw_read0yolo26n/conv80 has 0 frames in his Queue on destruction
[2026-09-07 17:34:21.287] [7959] [HailoRT] [info] [queue_elements.cpp:68] [operator()] Thread in element UserBuffQEl0yolo26n/conv80 is not running anymore, exiting..
[2026-09-07 17:34:21.287] [7944] [HailoRT] [info] [queue_elements.cpp:46] [~BaseQueueElement] Queue element UserBuffQEl0yolo26n/conv80 has 0 frames in his Queue on destruction
[2026-09-07 17:34:21.287] [7962] [HailoRT] [info] [queue_elements.cpp:855] [run_in_thread] Shutdown event was signaled in dequeue of UserBuffQEl3yolo26n/conv91!
[2026-09-07 17:34:21.287] [7961] [HailoRT] [info] [queue_elements.cpp:734] [run_in_thread] Shutdown event was signaled in run_pull of queue element PullQEl_hw_read3yolo26n/conv91!
[2026-09-07 17:34:21.287] [7961] [HailoRT] [info] [queue_elements.cpp:68] [operator()] Thread in element PullQEl_hw_read3yolo26n/conv91 is not running anymore, exiting..
[2026-09-07 17:34:21.287] [7944] [HailoRT] [info] [queue_elements.cpp:46] [~BaseQueueElement] Queue element PullQEl_hw_read3yolo26n/conv91 has 0 frames in his Queue on destruction
[2026-09-07 17:34:21.287] [7962] [HailoRT] [info] [queue_elements.cpp:68] [operator()] Thread in element UserBuffQEl3yolo26n/conv91 is not running anymore, exiting..
[2026-09-07 17:34:21.290] [7944] [HailoRT] [info] [queue_elements.cpp:46] [~BaseQueueElement] Queue element UserBuffQEl3yolo26n/conv91 has 0 frames in his Queue on destruction
[2026-09-07 17:34:21.290] [7964] [HailoRT] [info] [queue_elements.cpp:855] [run_in_thread] Shutdown event was signaled in dequeue of UserBuffQEl0yolo26n/conv94!
[2026-09-07 17:34:21.290] [7963] [HailoRT] [info] [queue_elements.cpp:734] [run_in_thread] Shutdown event was signaled in run_pull of queue element PullQEl_hw_read0yolo26n/conv94!
[2026-09-07 17:34:21.290] [7963] [HailoRT] [info] [queue_elements.cpp:68] [operator()] Thread in element PullQEl_hw_read0yolo26n/conv94 is not running anymore, exiting..
[2026-09-07 17:34:21.290] [7944] [HailoRT] [info] [queue_elements.cpp:46] [~BaseQueueElement] Queue element PullQEl_hw_read0yolo26n/conv94 has 0 frames in his Queue on destruction
[2026-09-07 17:34:21.290] [7964] [HailoRT] [info] [queue_elements.cpp:68] [operator()] Thread in element UserBuffQEl0yolo26n/conv94 is not running anymore, exiting..
[2026-09-07 17:34:21.290] [7944] [HailoRT] [info] [queue_elements.cpp:46] [~BaseQueueElement] Queue element UserBuffQEl0yolo26n/conv94 has 0 frames in his Queue on destruction
[2026-09-07 17:37:16.502] [8218] [HailoRT] [info] [vdevice.cpp:535] [create] Creating vdevice with params: device_count: 1, scheduling_algorithm: NONE, multi_process_service: false
[2026-09-07 17:37:16.514] [8218] [HailoRT] [info] [device.cpp:51] [Device] OS Version: Linux 6.18.39+rpt-rpi-2712 #1 SMP PREEMPT Debian 1:6.18.39-1+rpt1 (2026-07-29) aarch64
[2026-09-07 17:37:16.514] [8218] [HailoRT] [info] [control.cpp:113] [control__parse_identify_results] firmware_version is: 4.23.0
[2026-09-07 17:37:16.514] [8218] [HailoRT] [info] [vdevice.cpp:682] [create] VDevice Infos: 0001:01:00.0
[2026-09-07 17:37:16.521] [8218] [HailoRT] [info] [internal_buffer_manager.cpp:77] [print_execution_results] Planned internal buffer memory: CMA=0 CMA-Desc=917504 Pinned=2956800. memory to edge layer usage factor is 0.9621793
[2026-09-07 17:37:16.521] [8218] [HailoRT] [info] [internal_buffer_manager.cpp:86] [print_execution_results] Default Internal buffer planner executed successfully
[2026-09-07 17:37:16.550] [8218] [HailoRT] [info] [device_internal.cpp:57] [configure] Configuring HEF took 35.308594 milliseconds
[2026-09-07 17:37:16.550] [8218] [HailoRT] [info] [vdevice.cpp:780] [configure] Configuring HEF on VDevice took 35.609742 milliseconds
[2026-09-07 17:37:16.550] [8218] [HailoRT] [info] [hef.cpp:1994] [get_network_group_and_network_name] No name was given. Addressing all networks of default network_group: yolo26n
[2026-09-07 17:37:16.550] [8218] [HailoRT] [info] [hef.cpp:1994] [get_network_group_and_network_name] No name was given. Addressing all networks of default network_group: yolo26n
[2026-09-07 17:37:16.550] [8218] [HailoRT] [info] [edge_elements.cpp:52] [create] Created (HwWriteEl2yolo26n/input_layer1 | hw_frame_size: 2211840)
[2026-09-07 17:37:16.550] [8218] [HailoRT] [info] [vstream.cpp:754] [InputVStreamImpl] Creating yolo26n/input_layer1...
[2026-09-07 17:37:16.550] [8218] [HailoRT] [info] [vstream_builder.cpp:102] [create_inputs] Input pipeline 'yolo26n/input_layer1': (HwWriteEl2yolo26n/input_layer1 | hw_frame_size: 2211840) >> HW
[2026-09-07 17:37:16.550] [8218] [HailoRT] [info] [edge_elements.cpp:287] [create] Created (HwReadEl3yolo26n/conv61 | hw_frame_size: 92160)
[2026-09-07 17:37:16.551] [8218] [HailoRT] [info] [queue_elements.cpp:657] [create] Created (PullQEl_hw_read3yolo26n/conv61)
[2026-09-07 17:37:16.551] [8218] [HailoRT] [info] [filter_elements.cpp:372] [create] Created (PostInferEl3yolo26n/conv61 | Quantization - src_type: UINT16, dst_type FLOAT32, limvals_min: -0.881752, limvals_max: 6.27869)
[2026-09-07 17:37:16.551] [8218] [HailoRT] [info] [queue_elements.cpp:800] [create] Created (UserBuffQEl3yolo26n/conv61 | timeout: 10s)
[2026-09-07 17:37:16.551] [8218] [HailoRT] [info] [vstream.cpp:1114] [OutputVStreamImpl] Creating yolo26n/conv61...
[2026-09-07 17:37:16.551] [8218] [HailoRT] [info] [vstream_builder.cpp:220] [create_outputs] Output pipeline 'yolo26n/conv61': HW >> (HwReadEl3yolo26n/conv61 | hw_frame_size: 92160) >> (PullQEl_hw_read3yolo26n/conv61) >> (PostInferEl3yolo26n/conv61 | Quantization - src_type: UINT16, dst_type FLOAT32, limvals_min: -0.881752, limvals_max: 6.27869) >> (UserBuffQEl3yolo26n/conv61 | timeout: 10s)
[2026-09-07 17:37:16.551] [8218] [HailoRT] [info] [edge_elements.cpp:287] [create] Created (HwReadEl2yolo26n/conv64 | hw_frame_size: 23040)
[2026-09-07 17:37:16.551] [8218] [HailoRT] [info] [queue_elements.cpp:657] [create] Created (PullQEl_hw_read2yolo26n/conv64)
[2026-09-07 17:37:16.551] [8218] [HailoRT] [info] [filter_elements.cpp:372] [create] Created (PostInferEl2yolo26n/conv64 | Quantization - src_type: UINT16, dst_type FLOAT32, limvals_min: -164.817, limvals_max: 3.19963)
[2026-09-07 17:37:16.551] [8218] [HailoRT] [info] [queue_elements.cpp:800] [create] Created (UserBuffQEl2yolo26n/conv64 | timeout: 10s)
[2026-09-07 17:37:16.551] [8218] [HailoRT] [info] [vstream.cpp:1114] [OutputVStreamImpl] Creating yolo26n/conv64...
[2026-09-07 17:37:16.551] [8218] [HailoRT] [info] [vstream_builder.cpp:220] [create_outputs] Output pipeline 'yolo26n/conv64': HW >> (HwReadEl2yolo26n/conv64 | hw_frame_size: 23040) >> (PullQEl_hw_read2yolo26n/conv64) >> (PostInferEl2yolo26n/conv64 | Quantization - src_type: UINT16, dst_type FLOAT32, limvals_min: -164.817, limvals_max: 3.19963) >> (UserBuffQEl2yolo26n/conv64 | timeout: 10s)
[2026-09-07 17:37:16.551] [8218] [HailoRT] [info] [edge_elements.cpp:287] [create] Created (HwReadEl2yolo26n/conv77 | hw_frame_size: 23040)
[2026-09-07 17:37:16.551] [8218] [HailoRT] [info] [queue_elements.cpp:657] [create] Created (PullQEl_hw_read2yolo26n/conv77)
[2026-09-07 17:37:16.551] [8218] [HailoRT] [info] [filter_elements.cpp:372] [create] Created (PostInferEl2yolo26n/conv77 | Quantization - src_type: UINT16, dst_type FLOAT32, limvals_min: -0.67052, limvals_max: 17.2357)
[2026-09-07 17:37:16.551] [8218] [HailoRT] [info] [queue_elements.cpp:800] [create] Created (UserBuffQEl2yolo26n/conv77 | timeout: 10s)
[2026-09-07 17:37:16.551] [8218] [HailoRT] [info] [vstream.cpp:1114] [OutputVStreamImpl] Creating yolo26n/conv77...
[2026-09-07 17:37:16.551] [8218] [HailoRT] [info] [vstream_builder.cpp:220] [create_outputs] Output pipeline 'yolo26n/conv77': HW >> (HwReadEl2yolo26n/conv77 | hw_frame_size: 23040) >> (PullQEl_hw_read2yolo26n/conv77) >> (PostInferEl2yolo26n/conv77 | Quantization - src_type: UINT16, dst_type FLOAT32, limvals_min: -0.67052, limvals_max: 17.2357) >> (UserBuffQEl2yolo26n/conv77 | timeout: 10s)
[2026-09-07 17:37:16.551] [8218] [HailoRT] [info] [edge_elements.cpp:287] [create] Created (HwReadEl0yolo26n/conv80 | hw_frame_size: 5760)
[2026-09-07 17:37:16.551] [8218] [HailoRT] [info] [queue_elements.cpp:657] [create] Created (PullQEl_hw_read0yolo26n/conv80)
[2026-09-07 17:37:16.551] [8218] [HailoRT] [info] [filter_elements.cpp:372] [create] Created (PostInferEl0yolo26n/conv80 | Quantization - src_type: UINT16, dst_type FLOAT32, limvals_min: -67.4827, limvals_max: 0)
[2026-09-07 17:37:16.551] [8218] [HailoRT] [info] [queue_elements.cpp:800] [create] Created (UserBuffQEl0yolo26n/conv80 | timeout: 10s)
[2026-09-07 17:37:16.551] [8218] [HailoRT] [info] [vstream.cpp:1114] [OutputVStreamImpl] Creating yolo26n/conv80...
[2026-09-07 17:37:16.551] [8218] [HailoRT] [info] [vstream_builder.cpp:220] [create_outputs] Output pipeline 'yolo26n/conv80': HW >> (HwReadEl0yolo26n/conv80 | hw_frame_size: 5760) >> (PullQEl_hw_read0yolo26n/conv80) >> (PostInferEl0yolo26n/conv80 | Quantization - src_type: UINT16, dst_type FLOAT32, limvals_min: -67.4827, limvals_max: 0) >> (UserBuffQEl0yolo26n/conv80 | timeout: 10s)
[2026-09-07 17:37:16.551] [8218] [HailoRT] [info] [edge_elements.cpp:287] [create] Created (HwReadEl3yolo26n/conv91 | hw_frame_size: 11520)
[2026-09-07 17:37:16.551] [8218] [HailoRT] [info] [queue_elements.cpp:657] [create] Created (PullQEl_hw_read3yolo26n/conv91)
[2026-09-07 17:37:16.551] [8218] [HailoRT] [info] [filter_elements.cpp:372] [create] Created (PostInferEl3yolo26n/conv91 | Quantization - src_type: UINT16, dst_type FLOAT32, limvals_min: 0, limvals_max: 8.46146 | Reorder - src_order: FCR, src_shape: (20, 36, 8), dst_order: FCR, dst_shape: (20, 36, 4))
[2026-09-07 17:37:16.551] [8218] [HailoRT] [info] [queue_elements.cpp:800] [create] Created (UserBuffQEl3yolo26n/conv91 | timeout: 10s)
[2026-09-07 17:37:16.551] [8218] [HailoRT] [info] [vstream.cpp:1114] [OutputVStreamImpl] Creating yolo26n/conv91...
[2026-09-07 17:37:16.551] [8218] [HailoRT] [info] [vstream_builder.cpp:220] [create_outputs] Output pipeline 'yolo26n/conv91': HW >> (HwReadEl3yolo26n/conv91 | hw_frame_size: 11520) >> (PullQEl_hw_read3yolo26n/conv91) >> (PostInferEl3yolo26n/conv91 | Quantization - src_type: UINT16, dst_type FLOAT32, limvals_min: 0, limvals_max: 8.46146 | Reorder - src_order: FCR, src_shape: (20, 36, 8), dst_order: FCR, dst_shape: (20, 36, 4)) >> (UserBuffQEl3yolo26n/conv91 | timeout: 10s)
[2026-09-07 17:37:16.551] [8218] [HailoRT] [info] [edge_elements.cpp:287] [create] Created (HwReadEl0yolo26n/conv94 | hw_frame_size: 11520)
[2026-09-07 17:37:16.552] [8218] [HailoRT] [info] [queue_elements.cpp:657] [create] Created (PullQEl_hw_read0yolo26n/conv94)
[2026-09-07 17:37:16.552] [8218] [HailoRT] [info] [filter_elements.cpp:372] [create] Created (PostInferEl0yolo26n/conv94 | Quantization - src_type: UINT16, dst_type FLOAT32, limvals_min: -64.0772, limvals_max: 0 | Reorder - src_order: FCR, src_shape: (20, 36, 8), dst_order: FCR, dst_shape: (20, 36, 1))
[2026-09-07 17:37:16.552] [8218] [HailoRT] [info] [queue_elements.cpp:800] [create] Created (UserBuffQEl0yolo26n/conv94 | timeout: 10s)
[2026-09-07 17:37:16.552] [8218] [HailoRT] [info] [vstream.cpp:1114] [OutputVStreamImpl] Creating yolo26n/conv94...
[2026-09-07 17:37:16.552] [8218] [HailoRT] [info] [vstream_builder.cpp:220] [create_outputs] Output pipeline 'yolo26n/conv94': HW >> (HwReadEl0yolo26n/conv94 | hw_frame_size: 11520) >> (PullQEl_hw_read0yolo26n/conv94) >> (PostInferEl0yolo26n/conv94 | Quantization - src_type: UINT16, dst_type FLOAT32, limvals_min: -64.0772, limvals_max: 0 | Reorder - src_order: FCR, src_shape: (20, 36, 8), dst_order: FCR, dst_shape: (20, 36, 1)) >> (UserBuffQEl0yolo26n/conv94 | timeout: 10s)
[2026-09-07 17:37:16.552] [8218] [HailoRT] [info] [core_op.cpp:156] [activate] Activating yolo26n took 0.515926 milliseconds. Note that the function is asynchronous and thus the network is not fully activated yet.
[2026-09-07 17:37:16.552] [8218] [HailoRT] [info] [core_op.cpp:156] [activate] Activating yolo26n took 0.530889 milliseconds. Note that the function is asynchronous and thus the network is not fully activated yet.
[2026-09-07 17:37:31.134] [8226] [HailoRT] [info] [vdevice_native_stream.cpp:331] [read_impl] Failed read from stream HAILO_STREAM_NOT_ACTIVATED(72) (device: 0001:01:00.0)
[2026-09-07 17:37:31.134] [8224] [HailoRT] [info] [vdevice_native_stream.cpp:331] [read_impl] Failed read from stream HAILO_STREAM_NOT_ACTIVATED(72) (device: 0001:01:00.0)
[2026-09-07 17:37:31.134] [8234] [HailoRT] [info] [vdevice_native_stream.cpp:331] [read_impl] Failed read from stream HAILO_STREAM_NOT_ACTIVATED(72) (device: 0001:01:00.0)
[2026-09-07 17:37:31.134] [8232] [HailoRT] [info] [vdevice_native_stream.cpp:331] [read_impl] Failed read from stream HAILO_STREAM_NOT_ACTIVATED(72) (device: 0001:01:00.0)
[2026-09-07 17:37:31.134] [8228] [HailoRT] [info] [vdevice_native_stream.cpp:331] [read_impl] Failed read from stream HAILO_STREAM_NOT_ACTIVATED(72) (device: 0001:01:00.0)
[2026-09-07 17:37:31.134] [8230] [HailoRT] [info] [vdevice_native_stream.cpp:331] [read_impl] Failed read from stream HAILO_STREAM_NOT_ACTIVATED(72) (device: 0001:01:00.0)
[2026-09-07 17:37:31.134] [8218] [HailoRT] [info] [core_op.cpp:186] [deactivate] Deactivating took 0.518223 ms
[2026-09-07 17:37:31.134] [8218] [HailoRT] [info] [core_op.cpp:186] [deactivate] Deactivating took 0.538426 ms
[2026-09-07 17:37:31.134] [8224] [HailoRT] [info] [queue_elements.cpp:734] [run_in_thread] Shutdown event was signaled in run_pull of queue element PullQEl_hw_read3yolo26n/conv61!
[2026-09-07 17:37:31.134] [8225] [HailoRT] [info] [queue_elements.cpp:855] [run_in_thread] Shutdown event was signaled in dequeue of UserBuffQEl3yolo26n/conv61!
[2026-09-07 17:37:31.134] [8224] [HailoRT] [info] [queue_elements.cpp:68] [operator()] Thread in element PullQEl_hw_read3yolo26n/conv61 is not running anymore, exiting..
[2026-09-07 17:37:31.134] [8218] [HailoRT] [info] [queue_elements.cpp:46] [~BaseQueueElement] Queue element PullQEl_hw_read3yolo26n/conv61 has 0 frames in his Queue on destruction
[2026-09-07 17:37:31.134] [8225] [HailoRT] [info] [queue_elements.cpp:68] [operator()] Thread in element UserBuffQEl3yolo26n/conv61 is not running anymore, exiting..
[2026-09-07 17:37:31.135] [8218] [HailoRT] [info] [queue_elements.cpp:46] [~BaseQueueElement] Queue element UserBuffQEl3yolo26n/conv61 has 0 frames in his Queue on destruction
[2026-09-07 17:37:31.135] [8227] [HailoRT] [info] [queue_elements.cpp:855] [run_in_thread] Shutdown event was signaled in dequeue of UserBuffQEl2yolo26n/conv64!
[2026-09-07 17:37:31.135] [8226] [HailoRT] [info] [queue_elements.cpp:734] [run_in_thread] Shutdown event was signaled in run_pull of queue element PullQEl_hw_read2yolo26n/conv64!
[2026-09-07 17:37:31.135] [8226] [HailoRT] [info] [queue_elements.cpp:68] [operator()] Thread in element PullQEl_hw_read2yolo26n/conv64 is not running anymore, exiting..
[2026-09-07 17:37:31.135] [8218] [HailoRT] [info] [queue_elements.cpp:46] [~BaseQueueElement] Queue element PullQEl_hw_read2yolo26n/conv64 has 0 frames in his Queue on destruction
[2026-09-07 17:37:31.135] [8227] [HailoRT] [info] [queue_elements.cpp:68] [operator()] Thread in element UserBuffQEl2yolo26n/conv64 is not running anymore, exiting..
[2026-09-07 17:37:31.135] [8218] [HailoRT] [info] [queue_elements.cpp:46] [~BaseQueueElement] Queue element UserBuffQEl2yolo26n/conv64 has 0 frames in his Queue on destruction
[2026-09-07 17:37:31.135] [8228] [HailoRT] [info] [queue_elements.cpp:734] [run_in_thread] Shutdown event was signaled in run_pull of queue element PullQEl_hw_read2yolo26n/conv77!
[2026-09-07 17:37:31.135] [8229] [HailoRT] [info] [queue_elements.cpp:855] [run_in_thread] Shutdown event was signaled in dequeue of UserBuffQEl2yolo26n/conv77!
[2026-09-07 17:37:31.135] [8228] [HailoRT] [info] [queue_elements.cpp:68] [operator()] Thread in element PullQEl_hw_read2yolo26n/conv77 is not running anymore, exiting..
[2026-09-07 17:37:31.135] [8218] [HailoRT] [info] [queue_elements.cpp:46] [~BaseQueueElement] Queue element PullQEl_hw_read2yolo26n/conv77 has 0 frames in his Queue on destruction
[2026-09-07 17:37:31.135] [8229] [HailoRT] [info] [queue_elements.cpp:68] [operator()] Thread in element UserBuffQEl2yolo26n/conv77 is not running anymore, exiting..
[2026-09-07 17:37:31.135] [8218] [HailoRT] [info] [queue_elements.cpp:46] [~BaseQueueElement] Queue element UserBuffQEl2yolo26n/conv77 has 0 frames in his Queue on destruction
[2026-09-07 17:37:31.135] [8230] [HailoRT] [info] [queue_elements.cpp:734] [run_in_thread] Shutdown event was signaled in run_pull of queue element PullQEl_hw_read0yolo26n/conv80!
[2026-09-07 17:37:31.135] [8231] [HailoRT] [info] [queue_elements.cpp:855] [run_in_thread] Shutdown event was signaled in dequeue of UserBuffQEl0yolo26n/conv80!
[2026-09-07 17:37:31.135] [8230] [HailoRT] [info] [queue_elements.cpp:68] [operator()] Thread in element PullQEl_hw_read0yolo26n/conv80 is not running anymore, exiting..
[2026-09-07 17:37:31.135] [8218] [HailoRT] [info] [queue_elements.cpp:46] [~BaseQueueElement] Queue element PullQEl_hw_read0yolo26n/conv80 has 0 frames in his Queue on destruction
[2026-09-07 17:37:31.135] [8231] [HailoRT] [info] [queue_elements.cpp:68] [operator()] Thread in element UserBuffQEl0yolo26n/conv80 is not running anymore, exiting..
[2026-09-07 17:37:31.135] [8218] [HailoRT] [info] [queue_elements.cpp:46] [~BaseQueueElement] Queue element UserBuffQEl0yolo26n/conv80 has 0 frames in his Queue on destruction
[2026-09-07 17:37:31.135] [8232] [HailoRT] [info] [queue_elements.cpp:734] [run_in_thread] Shutdown event was signaled in run_pull of queue element PullQEl_hw_read3yolo26n/conv91!
[2026-09-07 17:37:31.135] [8233] [HailoRT] [info] [queue_elements.cpp:855] [run_in_thread] Shutdown event was signaled in dequeue of UserBuffQEl3yolo26n/conv91!
[2026-09-07 17:37:31.135] [8232] [HailoRT] [info] [queue_elements.cpp:68] [operator()] Thread in element PullQEl_hw_read3yolo26n/conv91 is not running anymore, exiting..
[2026-09-07 17:37:31.135] [8218] [HailoRT] [info] [queue_elements.cpp:46] [~BaseQueueElement] Queue element PullQEl_hw_read3yolo26n/conv91 has 0 frames in his Queue on destruction
[2026-09-07 17:37:31.135] [8233] [HailoRT] [info] [queue_elements.cpp:68] [operator()] Thread in element UserBuffQEl3yolo26n/conv91 is not running anymore, exiting..
[2026-09-07 17:37:31.135] [8218] [HailoRT] [info] [queue_elements.cpp:46] [~BaseQueueElement] Queue element UserBuffQEl3yolo26n/conv91 has 0 frames in his Queue on destruction
[2026-09-07 17:37:31.135] [8234] [HailoRT] [info] [queue_elements.cpp:734] [run_in_thread] Shutdown event was signaled in run_pull of queue element PullQEl_hw_read0yolo26n/conv94!
[2026-09-07 17:37:31.135] [8235] [HailoRT] [info] [queue_elements.cpp:855] [run_in_thread] Shutdown event was signaled in dequeue of UserBuffQEl0yolo26n/conv94!
[2026-09-07 17:37:31.135] [8234] [HailoRT] [info] [queue_elements.cpp:68] [operator()] Thread in element PullQEl_hw_read0yolo26n/conv94 is not running anymore, exiting..
[2026-09-07 17:37:31.135] [8218] [HailoRT] [info] [queue_elements.cpp:46] [~BaseQueueElement] Queue element PullQEl_hw_read0yolo26n/conv94 has 0 frames in his Queue on destruction
[2026-09-07 17:37:31.135] [8235] [HailoRT] [info] [queue_elements.cpp:68] [operator()] Thread in element UserBuffQEl0yolo26n/conv94 is not running anymore, exiting..
[2026-09-07 17:37:31.136] [8218] [HailoRT] [info] [queue_elements.cpp:46] [~BaseQueueElement] Queue element UserBuffQEl0yolo26n/conv94 has 0 frames in his Queue on destruction
[2026-09-07 17:39:17.229] [8891] [HailoRT] [info] [vdevice.cpp:535] [create] Creating vdevice with params: device_count: 1, scheduling_algorithm: NONE, multi_process_service: false
[2026-09-07 17:39:17.242] [8891] [HailoRT] [info] [device.cpp:51] [Device] OS Version: Linux 6.18.39+rpt-rpi-2712 #1 SMP PREEMPT Debian 1:6.18.39-1+rpt1 (2026-07-29) aarch64
[2026-09-07 17:39:17.242] [8891] [HailoRT] [info] [control.cpp:113] [control__parse_identify_results] firmware_version is: 4.23.0
[2026-09-07 17:39:17.242] [8891] [HailoRT] [info] [vdevice.cpp:682] [create] VDevice Infos: 0001:01:00.0
[2026-09-07 17:39:17.249] [8891] [HailoRT] [info] [internal_buffer_manager.cpp:77] [print_execution_results] Planned internal buffer memory: CMA=0 CMA-Desc=917504 Pinned=2956800. memory to edge layer usage factor is 0.9621793
[2026-09-07 17:39:17.249] [8891] [HailoRT] [info] [internal_buffer_manager.cpp:86] [print_execution_results] Default Internal buffer planner executed successfully
[2026-09-07 17:39:17.278] [8891] [HailoRT] [info] [device_internal.cpp:57] [configure] Configuring HEF took 35.341074 milliseconds
[2026-09-07 17:39:17.278] [8891] [HailoRT] [info] [vdevice.cpp:780] [configure] Configuring HEF on VDevice took 35.643463 milliseconds
[2026-09-07 17:39:17.278] [8891] [HailoRT] [info] [hef.cpp:1994] [get_network_group_and_network_name] No name was given. Addressing all networks of default network_group: yolo26n
[2026-09-07 17:39:17.278] [8891] [HailoRT] [info] [hef.cpp:1994] [get_network_group_and_network_name] No name was given. Addressing all networks of default network_group: yolo26n
[2026-09-07 17:39:17.278] [8891] [HailoRT] [info] [edge_elements.cpp:52] [create] Created (HwWriteEl2yolo26n/input_layer1 | hw_frame_size: 2211840)
[2026-09-07 17:39:17.278] [8891] [HailoRT] [info] [vstream.cpp:754] [InputVStreamImpl] Creating yolo26n/input_layer1...
[2026-09-07 17:39:17.278] [8891] [HailoRT] [info] [vstream_builder.cpp:102] [create_inputs] Input pipeline 'yolo26n/input_layer1': (HwWriteEl2yolo26n/input_layer1 | hw_frame_size: 2211840) >> HW
[2026-09-07 17:39:17.278] [8891] [HailoRT] [info] [edge_elements.cpp:287] [create] Created (HwReadEl3yolo26n/conv61 | hw_frame_size: 92160)
[2026-09-07 17:39:17.278] [8891] [HailoRT] [info] [queue_elements.cpp:657] [create] Created (PullQEl_hw_read3yolo26n/conv61)
[2026-09-07 17:39:17.278] [8891] [HailoRT] [info] [filter_elements.cpp:372] [create] Created (PostInferEl3yolo26n/conv61 | Quantization - src_type: UINT16, dst_type FLOAT32, limvals_min: -0.881752, limvals_max: 6.27869)
[2026-09-07 17:39:17.278] [8891] [HailoRT] [info] [queue_elements.cpp:800] [create] Created (UserBuffQEl3yolo26n/conv61 | timeout: 10s)
[2026-09-07 17:39:17.278] [8891] [HailoRT] [info] [vstream.cpp:1114] [OutputVStreamImpl] Creating yolo26n/conv61...
[2026-09-07 17:39:17.278] [8891] [HailoRT] [info] [vstream_builder.cpp:220] [create_outputs] Output pipeline 'yolo26n/conv61': HW >> (HwReadEl3yolo26n/conv61 | hw_frame_size: 92160) >> (PullQEl_hw_read3yolo26n/conv61) >> (PostInferEl3yolo26n/conv61 | Quantization - src_type: UINT16, dst_type FLOAT32, limvals_min: -0.881752, limvals_max: 6.27869) >> (UserBuffQEl3yolo26n/conv61 | timeout: 10s)
[2026-09-07 17:39:17.278] [8891] [HailoRT] [info] [edge_elements.cpp:287] [create] Created (HwReadEl2yolo26n/conv64 | hw_frame_size: 23040)
[2026-09-07 17:39:17.278] [8891] [HailoRT] [info] [queue_elements.cpp:657] [create] Created (PullQEl_hw_read2yolo26n/conv64)
[2026-09-07 17:39:17.278] [8891] [HailoRT] [info] [filter_elements.cpp:372] [create] Created (PostInferEl2yolo26n/conv64 | Quantization - src_type: UINT16, dst_type FLOAT32, limvals_min: -164.817, limvals_max: 3.19963)
[2026-09-07 17:39:17.278] [8891] [HailoRT] [info] [queue_elements.cpp:800] [create] Created (UserBuffQEl2yolo26n/conv64 | timeout: 10s)
[2026-09-07 17:39:17.278] [8891] [HailoRT] [info] [vstream.cpp:1114] [OutputVStreamImpl] Creating yolo26n/conv64...
[2026-09-07 17:39:17.278] [8891] [HailoRT] [info] [vstream_builder.cpp:220] [create_outputs] Output pipeline 'yolo26n/conv64': HW >> (HwReadEl2yolo26n/conv64 | hw_frame_size: 23040) >> (PullQEl_hw_read2yolo26n/conv64) >> (PostInferEl2yolo26n/conv64 | Quantization - src_type: UINT16, dst_type FLOAT32, limvals_min: -164.817, limvals_max: 3.19963) >> (UserBuffQEl2yolo26n/conv64 | timeout: 10s)
[2026-09-07 17:39:17.278] [8891] [HailoRT] [info] [edge_elements.cpp:287] [create] Created (HwReadEl2yolo26n/conv77 | hw_frame_size: 23040)
[2026-09-07 17:39:17.279] [8891] [HailoRT] [info] [queue_elements.cpp:657] [create] Created (PullQEl_hw_read2yolo26n/conv77)
[2026-09-07 17:39:17.279] [8891] [HailoRT] [info] [filter_elements.cpp:372] [create] Created (PostInferEl2yolo26n/conv77 | Quantization - src_type: UINT16, dst_type FLOAT32, limvals_min: -0.67052, limvals_max: 17.2357)
[2026-09-07 17:39:17.279] [8891] [HailoRT] [info] [queue_elements.cpp:800] [create] Created (UserBuffQEl2yolo26n/conv77 | timeout: 10s)
[2026-09-07 17:39:17.279] [8891] [HailoRT] [info] [vstream.cpp:1114] [OutputVStreamImpl] Creating yolo26n/conv77...
[2026-09-07 17:39:17.279] [8891] [HailoRT] [info] [vstream_builder.cpp:220] [create_outputs] Output pipeline 'yolo26n/conv77': HW >> (HwReadEl2yolo26n/conv77 | hw_frame_size: 23040) >> (PullQEl_hw_read2yolo26n/conv77) >> (PostInferEl2yolo26n/conv77 | Quantization - src_type: UINT16, dst_type FLOAT32, limvals_min: -0.67052, limvals_max: 17.2357) >> (UserBuffQEl2yolo26n/conv77 | timeout: 10s)
[2026-09-07 17:39:17.279] [8891] [HailoRT] [info] [edge_elements.cpp:287] [create] Created (HwReadEl0yolo26n/conv80 | hw_frame_size: 5760)
[2026-09-07 17:39:17.279] [8891] [HailoRT] [info] [queue_elements.cpp:657] [create] Created (PullQEl_hw_read0yolo26n/conv80)
[2026-09-07 17:39:17.279] [8891] [HailoRT] [info] [filter_elements.cpp:372] [create] Created (PostInferEl0yolo26n/conv80 | Quantization - src_type: UINT16, dst_type FLOAT32, limvals_min: -67.4827, limvals_max: 0)
[2026-09-07 17:39:17.279] [8891] [HailoRT] [info] [queue_elements.cpp:800] [create] Created (UserBuffQEl0yolo26n/conv80 | timeout: 10s)
[2026-09-07 17:39:17.279] [8891] [HailoRT] [info] [vstream.cpp:1114] [OutputVStreamImpl] Creating yolo26n/conv80...
[2026-09-07 17:39:17.279] [8891] [HailoRT] [info] [vstream_builder.cpp:220] [create_outputs] Output pipeline 'yolo26n/conv80': HW >> (HwReadEl0yolo26n/conv80 | hw_frame_size: 5760) >> (PullQEl_hw_read0yolo26n/conv80) >> (PostInferEl0yolo26n/conv80 | Quantization - src_type: UINT16, dst_type FLOAT32, limvals_min: -67.4827, limvals_max: 0) >> (UserBuffQEl0yolo26n/conv80 | timeout: 10s)
[2026-09-07 17:39:17.279] [8891] [HailoRT] [info] [edge_elements.cpp:287] [create] Created (HwReadEl3yolo26n/conv91 | hw_frame_size: 11520)
[2026-09-07 17:39:17.279] [8891] [HailoRT] [info] [queue_elements.cpp:657] [create] Created (PullQEl_hw_read3yolo26n/conv91)
[2026-09-07 17:39:17.279] [8891] [HailoRT] [info] [filter_elements.cpp:372] [create] Created (PostInferEl3yolo26n/conv91 | Quantization - src_type: UINT16, dst_type FLOAT32, limvals_min: 0, limvals_max: 8.46146 | Reorder - src_order: FCR, src_shape: (20, 36, 8), dst_order: FCR, dst_shape: (20, 36, 4))
[2026-09-07 17:39:17.279] [8891] [HailoRT] [info] [queue_elements.cpp:800] [create] Created (UserBuffQEl3yolo26n/conv91 | timeout: 10s)
[2026-09-07 17:39:17.279] [8891] [HailoRT] [info] [vstream.cpp:1114] [OutputVStreamImpl] Creating yolo26n/conv91...
[2026-09-07 17:39:17.279] [8891] [HailoRT] [info] [vstream_builder.cpp:220] [create_outputs] Output pipeline 'yolo26n/conv91': HW >> (HwReadEl3yolo26n/conv91 | hw_frame_size: 11520) >> (PullQEl_hw_read3yolo26n/conv91) >> (PostInferEl3yolo26n/conv91 | Quantization - src_type: UINT16, dst_type FLOAT32, limvals_min: 0, limvals_max: 8.46146 | Reorder - src_order: FCR, src_shape: (20, 36, 8), dst_order: FCR, dst_shape: (20, 36, 4)) >> (UserBuffQEl3yolo26n/conv91 | timeout: 10s)
[2026-09-07 17:39:17.279] [8891] [HailoRT] [info] [edge_elements.cpp:287] [create] Created (HwReadEl0yolo26n/conv94 | hw_frame_size: 11520)
[2026-09-07 17:39:17.279] [8891] [HailoRT] [info] [queue_elements.cpp:657] [create] Created (PullQEl_hw_read0yolo26n/conv94)
[2026-09-07 17:39:17.279] [8891] [HailoRT] [info] [filter_elements.cpp:372] [create] Created (PostInferEl0yolo26n/conv94 | Quantization - src_type: UINT16, dst_type FLOAT32, limvals_min: -64.0772, limvals_max: 0 | Reorder - src_order: FCR, src_shape: (20, 36, 8), dst_order: FCR, dst_shape: (20, 36, 1))
[2026-09-07 17:39:17.279] [8891] [HailoRT] [info] [queue_elements.cpp:800] [create] Created (UserBuffQEl0yolo26n/conv94 | timeout: 10s)
[2026-09-07 17:39:17.279] [8891] [HailoRT] [info] [vstream.cpp:1114] [OutputVStreamImpl] Creating yolo26n/conv94...
[2026-09-07 17:39:17.279] [8891] [HailoRT] [info] [vstream_builder.cpp:220] [create_outputs] Output pipeline 'yolo26n/conv94': HW >> (HwReadEl0yolo26n/conv94 | hw_frame_size: 11520) >> (PullQEl_hw_read0yolo26n/conv94) >> (PostInferEl0yolo26n/conv94 | Quantization - src_type: UINT16, dst_type FLOAT32, limvals_min: -64.0772, limvals_max: 0 | Reorder - src_order: FCR, src_shape: (20, 36, 8), dst_order: FCR, dst_shape: (20, 36, 1)) >> (UserBuffQEl0yolo26n/conv94 | timeout: 10s)
[2026-09-07 17:39:17.280] [8891] [HailoRT] [info] [core_op.cpp:156] [activate] Activating yolo26n took 0.484944 milliseconds. Note that the function is asynchronous and thus the network is not fully activated yet.
[2026-09-07 17:39:17.280] [8891] [HailoRT] [info] [core_op.cpp:156] [activate] Activating yolo26n took 0.498888 milliseconds. Note that the function is asynchronous and thus the network is not fully activated yet.
[2026-09-07 17:39:29.084] [8901] [HailoRT] [info] [vdevice_native_stream.cpp:331] [read_impl] Failed read from stream HAILO_STREAM_NOT_ACTIVATED(72) (device: 0001:01:00.0)
[2026-09-07 17:39:29.084] [8899] [HailoRT] [info] [vdevice_native_stream.cpp:331] [read_impl] Failed read from stream HAILO_STREAM_NOT_ACTIVATED(72) (device: 0001:01:00.0)
[2026-09-07 17:39:29.084] [8909] [HailoRT] [info] [vdevice_native_stream.cpp:331] [read_impl] Failed read from stream HAILO_STREAM_NOT_ACTIVATED(72) (device: 0001:01:00.0)
[2026-09-07 17:39:29.084] [8904] [HailoRT] [info] [vdevice_native_stream.cpp:331] [read_impl] Failed read from stream HAILO_STREAM_NOT_ACTIVATED(72) (device: 0001:01:00.0)
[2026-09-07 17:39:29.084] [8897] [HailoRT] [info] [vdevice_native_stream.cpp:331] [read_impl] Failed read from stream HAILO_STREAM_NOT_ACTIVATED(72) (device: 0001:01:00.0)
[2026-09-07 17:39:29.084] [8906] [HailoRT] [info] [vdevice_native_stream.cpp:331] [read_impl] Failed read from stream HAILO_STREAM_NOT_ACTIVATED(72) (device: 0001:01:00.0)
[2026-09-07 17:39:29.084] [8891] [HailoRT] [info] [core_op.cpp:186] [deactivate] Deactivating took 0.503537 ms
[2026-09-07 17:39:29.084] [8891] [HailoRT] [info] [core_op.cpp:186] [deactivate] Deactivating took 0.525722 ms
[2026-09-07 17:39:29.084] [8897] [HailoRT] [info] [queue_elements.cpp:734] [run_in_thread] Shutdown event was signaled in run_pull of queue element PullQEl_hw_read3yolo26n/conv61!
[2026-09-07 17:39:29.084] [8898] [HailoRT] [info] [queue_elements.cpp:855] [run_in_thread] Shutdown event was signaled in dequeue of UserBuffQEl3yolo26n/conv61!
[2026-09-07 17:39:29.084] [8897] [HailoRT] [info] [queue_elements.cpp:68] [operator()] Thread in element PullQEl_hw_read3yolo26n/conv61 is not running anymore, exiting..
[2026-09-07 17:39:29.084] [8891] [HailoRT] [info] [queue_elements.cpp:46] [~BaseQueueElement] Queue element PullQEl_hw_read3yolo26n/conv61 has 0 frames in his Queue on destruction
[2026-09-07 17:39:29.084] [8898] [HailoRT] [info] [queue_elements.cpp:68] [operator()] Thread in element UserBuffQEl3yolo26n/conv61 is not running anymore, exiting..
[2026-09-07 17:39:29.084] [8891] [HailoRT] [info] [queue_elements.cpp:46] [~BaseQueueElement] Queue element UserBuffQEl3yolo26n/conv61 has 0 frames in his Queue on destruction
[2026-09-07 17:39:29.084] [8899] [HailoRT] [info] [queue_elements.cpp:734] [run_in_thread] Shutdown event was signaled in run_pull of queue element PullQEl_hw_read2yolo26n/conv64!
[2026-09-07 17:39:29.084] [8900] [HailoRT] [info] [queue_elements.cpp:855] [run_in_thread] Shutdown event was signaled in dequeue of UserBuffQEl2yolo26n/conv64!
[2026-09-07 17:39:29.084] [8899] [HailoRT] [info] [queue_elements.cpp:68] [operator()] Thread in element PullQEl_hw_read2yolo26n/conv64 is not running anymore, exiting..
[2026-09-07 17:39:29.084] [8891] [HailoRT] [info] [queue_elements.cpp:46] [~BaseQueueElement] Queue element PullQEl_hw_read2yolo26n/conv64 has 0 frames in his Queue on destruction
[2026-09-07 17:39:29.084] [8900] [HailoRT] [info] [queue_elements.cpp:68] [operator()] Thread in element UserBuffQEl2yolo26n/conv64 is not running anymore, exiting..
[2026-09-07 17:39:29.084] [8891] [HailoRT] [info] [queue_elements.cpp:46] [~BaseQueueElement] Queue element UserBuffQEl2yolo26n/conv64 has 0 frames in his Queue on destruction
[2026-09-07 17:39:29.085] [8901] [HailoRT] [info] [queue_elements.cpp:734] [run_in_thread] Shutdown event was signaled in run_pull of queue element PullQEl_hw_read2yolo26n/conv77!
[2026-09-07 17:39:29.085] [8902] [HailoRT] [info] [queue_elements.cpp:855] [run_in_thread] Shutdown event was signaled in dequeue of UserBuffQEl2yolo26n/conv77!
[2026-09-07 17:39:29.085] [8901] [HailoRT] [info] [queue_elements.cpp:68] [operator()] Thread in element PullQEl_hw_read2yolo26n/conv77 is not running anymore, exiting..
[2026-09-07 17:39:29.085] [8891] [HailoRT] [info] [queue_elements.cpp:46] [~BaseQueueElement] Queue element PullQEl_hw_read2yolo26n/conv77 has 0 frames in his Queue on destruction
[2026-09-07 17:39:29.085] [8902] [HailoRT] [info] [queue_elements.cpp:68] [operator()] Thread in element UserBuffQEl2yolo26n/conv77 is not running anymore, exiting..
[2026-09-07 17:39:29.085] [8891] [HailoRT] [info] [queue_elements.cpp:46] [~BaseQueueElement] Queue element UserBuffQEl2yolo26n/conv77 has 0 frames in his Queue on destruction
[2026-09-07 17:39:29.085] [8904] [HailoRT] [info] [queue_elements.cpp:734] [run_in_thread] Shutdown event was signaled in run_pull of queue element PullQEl_hw_read0yolo26n/conv80!
[2026-09-07 17:39:29.085] [8905] [HailoRT] [info] [queue_elements.cpp:855] [run_in_thread] Shutdown event was signaled in dequeue of UserBuffQEl0yolo26n/conv80!
[2026-09-07 17:39:29.085] [8904] [HailoRT] [info] [queue_elements.cpp:68] [operator()] Thread in element PullQEl_hw_read0yolo26n/conv80 is not running anymore, exiting..
[2026-09-07 17:39:29.085] [8891] [HailoRT] [info] [queue_elements.cpp:46] [~BaseQueueElement] Queue element PullQEl_hw_read0yolo26n/conv80 has 0 frames in his Queue on destruction
[2026-09-07 17:39:29.085] [8905] [HailoRT] [info] [queue_elements.cpp:68] [operator()] Thread in element UserBuffQEl0yolo26n/conv80 is not running anymore, exiting..
[2026-09-07 17:39:29.085] [8891] [HailoRT] [info] [queue_elements.cpp:46] [~BaseQueueElement] Queue element UserBuffQEl0yolo26n/conv80 has 0 frames in his Queue on destruction
[2026-09-07 17:39:29.085] [8906] [HailoRT] [info] [queue_elements.cpp:734] [run_in_thread] Shutdown event was signaled in run_pull of queue element PullQEl_hw_read3yolo26n/conv91!
[2026-09-07 17:39:29.085] [8908] [HailoRT] [info] [queue_elements.cpp:855] [run_in_thread] Shutdown event was signaled in dequeue of UserBuffQEl3yolo26n/conv91!
[2026-09-07 17:39:29.085] [8906] [HailoRT] [info] [queue_elements.cpp:68] [operator()] Thread in element PullQEl_hw_read3yolo26n/conv91 is not running anymore, exiting..
[2026-09-07 17:39:29.085] [8891] [HailoRT] [info] [queue_elements.cpp:46] [~BaseQueueElement] Queue element PullQEl_hw_read3yolo26n/conv91 has 0 frames in his Queue on destruction
[2026-09-07 17:39:29.085] [8908] [HailoRT] [info] [queue_elements.cpp:68] [operator()] Thread in element UserBuffQEl3yolo26n/conv91 is not running anymore, exiting..
[2026-09-07 17:39:29.085] [8891] [HailoRT] [info] [queue_elements.cpp:46] [~BaseQueueElement] Queue element UserBuffQEl3yolo26n/conv91 has 0 frames in his Queue on destruction
[2026-09-07 17:39:29.085] [8909] [HailoRT] [info] [queue_elements.cpp:734] [run_in_thread] Shutdown event was signaled in run_pull of queue element PullQEl_hw_read0yolo26n/conv94!
[2026-09-07 17:39:29.085] [8910] [HailoRT] [info] [queue_elements.cpp:855] [run_in_thread] Shutdown event was signaled in dequeue of UserBuffQEl0yolo26n/conv94!
[2026-09-07 17:39:29.085] [8909] [HailoRT] [info] [queue_elements.cpp:68] [operator()] Thread in element PullQEl_hw_read0yolo26n/conv94 is not running anymore, exiting..
[2026-09-07 17:39:29.085] [8891] [HailoRT] [info] [queue_elements.cpp:46] [~BaseQueueElement] Queue element PullQEl_hw_read0yolo26n/conv94 has 0 frames in his Queue on destruction
[2026-09-07 17:39:29.085] [8910] [HailoRT] [info] [queue_elements.cpp:68] [operator()] Thread in element UserBuffQEl0yolo26n/conv94 is not running anymore, exiting..
[2026-09-07 17:39:29.085] [8891] [HailoRT] [info] [queue_elements.cpp:46] [~BaseQueueElement] Queue element UserBuffQEl0yolo26n/conv94 has 0 frames in his Queue on destruction
[2026-09-07 17:43:57.580] [9340] [HailoRT] [info] [vdevice.cpp:535] [create] Creating vdevice with params: device_count: 1, scheduling_algorithm: NONE, multi_process_service: false
[2026-09-07 17:43:57.591] [9340] [HailoRT] [info] [device.cpp:51] [Device] OS Version: Linux 6.18.39+rpt-rpi-2712 #1 SMP PREEMPT Debian 1:6.18.39-1+rpt1 (2026-07-29) aarch64
[2026-09-07 17:43:57.591] [9340] [HailoRT] [info] [control.cpp:113] [control__parse_identify_results] firmware_version is: 4.23.0
[2026-09-07 17:43:57.591] [9340] [HailoRT] [info] [vdevice.cpp:682] [create] VDevice Infos: 0001:01:00.0
[2026-09-07 17:43:57.598] [9340] [HailoRT] [info] [internal_buffer_manager.cpp:77] [print_execution_results] Planned internal buffer memory: CMA=0 CMA-Desc=917504 Pinned=2956800. memory to edge layer usage factor is 0.9621793
[2026-09-07 17:43:57.598] [9340] [HailoRT] [info] [internal_buffer_manager.cpp:86] [print_execution_results] Default Internal buffer planner executed successfully
[2026-09-07 17:43:57.628] [9340] [HailoRT] [info] [device_internal.cpp:57] [configure] Configuring HEF took 36.314959 milliseconds
[2026-09-07 17:43:57.628] [9340] [HailoRT] [info] [vdevice.cpp:780] [configure] Configuring HEF on VDevice took 36.618903 milliseconds
[2026-09-07 17:43:57.628] [9340] [HailoRT] [info] [hef.cpp:1994] [get_network_group_and_network_name] No name was given. Addressing all networks of default network_group: yolo26n
[2026-09-07 17:43:57.628] [9340] [HailoRT] [info] [hef.cpp:1994] [get_network_group_and_network_name] No name was given. Addressing all networks of default network_group: yolo26n
[2026-09-07 17:43:57.628] [9340] [HailoRT] [info] [edge_elements.cpp:52] [create] Created (HwWriteEl2yolo26n/input_layer1 | hw_frame_size: 2211840)
[2026-09-07 17:43:57.628] [9340] [HailoRT] [info] [vstream.cpp:754] [InputVStreamImpl] Creating yolo26n/input_layer1...
[2026-09-07 17:43:57.628] [9340] [HailoRT] [info] [vstream_builder.cpp:102] [create_inputs] Input pipeline 'yolo26n/input_layer1': (HwWriteEl2yolo26n/input_layer1 | hw_frame_size: 2211840) >> HW
[2026-09-07 17:43:57.628] [9340] [HailoRT] [info] [edge_elements.cpp:287] [create] Created (HwReadEl3yolo26n/conv61 | hw_frame_size: 92160)
[2026-09-07 17:43:57.628] [9340] [HailoRT] [info] [queue_elements.cpp:657] [create] Created (PullQEl_hw_read3yolo26n/conv61)
[2026-09-07 17:43:57.628] [9340] [HailoRT] [info] [filter_elements.cpp:372] [create] Created (PostInferEl3yolo26n/conv61 | Quantization - src_type: UINT16, dst_type FLOAT32, limvals_min: -0.881752, limvals_max: 6.27869)
[2026-09-07 17:43:57.628] [9340] [HailoRT] [info] [queue_elements.cpp:800] [create] Created (UserBuffQEl3yolo26n/conv61 | timeout: 10s)
[2026-09-07 17:43:57.628] [9340] [HailoRT] [info] [vstream.cpp:1114] [OutputVStreamImpl] Creating yolo26n/conv61...
[2026-09-07 17:43:57.628] [9340] [HailoRT] [info] [vstream_builder.cpp:220] [create_outputs] Output pipeline 'yolo26n/conv61': HW >> (HwReadEl3yolo26n/conv61 | hw_frame_size: 92160) >> (PullQEl_hw_read3yolo26n/conv61) >> (PostInferEl3yolo26n/conv61 | Quantization - src_type: UINT16, dst_type FLOAT32, limvals_min: -0.881752, limvals_max: 6.27869) >> (UserBuffQEl3yolo26n/conv61 | timeout: 10s)
[2026-09-07 17:43:57.628] [9340] [HailoRT] [info] [edge_elements.cpp:287] [create] Created (HwReadEl2yolo26n/conv64 | hw_frame_size: 23040)
[2026-09-07 17:43:57.628] [9340] [HailoRT] [info] [queue_elements.cpp:657] [create] Created (PullQEl_hw_read2yolo26n/conv64)
[2026-09-07 17:43:57.628] [9340] [HailoRT] [info] [filter_elements.cpp:372] [create] Created (PostInferEl2yolo26n/conv64 | Quantization - src_type: UINT16, dst_type FLOAT32, limvals_min: -164.817, limvals_max: 3.19963)
[2026-09-07 17:43:57.628] [9340] [HailoRT] [info] [queue_elements.cpp:800] [create] Created (UserBuffQEl2yolo26n/conv64 | timeout: 10s)
[2026-09-07 17:43:57.629] [9340] [HailoRT] [info] [vstream.cpp:1114] [OutputVStreamImpl] Creating yolo26n/conv64...
[2026-09-07 17:43:57.629] [9340] [HailoRT] [info] [vstream_builder.cpp:220] [create_outputs] Output pipeline 'yolo26n/conv64': HW >> (HwReadEl2yolo26n/conv64 | hw_frame_size: 23040) >> (PullQEl_hw_read2yolo26n/conv64) >> (PostInferEl2yolo26n/conv64 | Quantization - src_type: UINT16, dst_type FLOAT32, limvals_min: -164.817, limvals_max: 3.19963) >> (UserBuffQEl2yolo26n/conv64 | timeout: 10s)
[2026-09-07 17:43:57.629] [9340] [HailoRT] [info] [edge_elements.cpp:287] [create] Created (HwReadEl2yolo26n/conv77 | hw_frame_size: 23040)
[2026-09-07 17:43:57.629] [9340] [HailoRT] [info] [queue_elements.cpp:657] [create] Created (PullQEl_hw_read2yolo26n/conv77)
[2026-09-07 17:43:57.629] [9340] [HailoRT] [info] [filter_elements.cpp:372] [create] Created (PostInferEl2yolo26n/conv77 | Quantization - src_type: UINT16, dst_type FLOAT32, limvals_min: -0.67052, limvals_max: 17.2357)
[2026-09-07 17:43:57.629] [9340] [HailoRT] [info] [queue_elements.cpp:800] [create] Created (UserBuffQEl2yolo26n/conv77 | timeout: 10s)
[2026-09-07 17:43:57.629] [9340] [HailoRT] [info] [vstream.cpp:1114] [OutputVStreamImpl] Creating yolo26n/conv77...
[2026-09-07 17:43:57.629] [9340] [HailoRT] [info] [vstream_builder.cpp:220] [create_outputs] Output pipeline 'yolo26n/conv77': HW >> (HwReadEl2yolo26n/conv77 | hw_frame_size: 23040) >> (PullQEl_hw_read2yolo26n/conv77) >> (PostInferEl2yolo26n/conv77 | Quantization - src_type: UINT16, dst_type FLOAT32, limvals_min: -0.67052, limvals_max: 17.2357) >> (UserBuffQEl2yolo26n/conv77 | timeout: 10s)
[2026-09-07 17:43:57.629] [9340] [HailoRT] [info] [edge_elements.cpp:287] [create] Created (HwReadEl0yolo26n/conv80 | hw_frame_size: 5760)
[2026-09-07 17:43:57.630] [9340] [HailoRT] [info] [queue_elements.cpp:657] [create] Created (PullQEl_hw_read0yolo26n/conv80)
[2026-09-07 17:43:57.630] [9340] [HailoRT] [info] [filter_elements.cpp:372] [create] Created (PostInferEl0yolo26n/conv80 | Quantization - src_type: UINT16, dst_type FLOAT32, limvals_min: -67.4827, limvals_max: 0)
[2026-09-07 17:43:57.630] [9340] [HailoRT] [info] [queue_elements.cpp:800] [create] Created (UserBuffQEl0yolo26n/conv80 | timeout: 10s)
[2026-09-07 17:43:57.630] [9340] [HailoRT] [info] [vstream.cpp:1114] [OutputVStreamImpl] Creating yolo26n/conv80...
[2026-09-07 17:43:57.630] [9340] [HailoRT] [info] [vstream_builder.cpp:220] [create_outputs] Output pipeline 'yolo26n/conv80': HW >> (HwReadEl0yolo26n/conv80 | hw_frame_size: 5760) >> (PullQEl_hw_read0yolo26n/conv80) >> (PostInferEl0yolo26n/conv80 | Quantization - src_type: UINT16, dst_type FLOAT32, limvals_min: -67.4827, limvals_max: 0) >> (UserBuffQEl0yolo26n/conv80 | timeout: 10s)
[2026-09-07 17:43:57.630] [9340] [HailoRT] [info] [edge_elements.cpp:287] [create] Created (HwReadEl3yolo26n/conv91 | hw_frame_size: 11520)
[2026-09-07 17:43:57.630] [9340] [HailoRT] [info] [queue_elements.cpp:657] [create] Created (PullQEl_hw_read3yolo26n/conv91)
[2026-09-07 17:43:57.630] [9340] [HailoRT] [info] [filter_elements.cpp:372] [create] Created (PostInferEl3yolo26n/conv91 | Quantization - src_type: UINT16, dst_type FLOAT32, limvals_min: 0, limvals_max: 8.46146 | Reorder - src_order: FCR, src_shape: (20, 36, 8), dst_order: FCR, dst_shape: (20, 36, 4))
[2026-09-07 17:43:57.630] [9340] [HailoRT] [info] [queue_elements.cpp:800] [create] Created (UserBuffQEl3yolo26n/conv91 | timeout: 10s)
[2026-09-07 17:43:57.630] [9340] [HailoRT] [info] [vstream.cpp:1114] [OutputVStreamImpl] Creating yolo26n/conv91...
[2026-09-07 17:43:57.630] [9340] [HailoRT] [info] [vstream_builder.cpp:220] [create_outputs] Output pipeline 'yolo26n/conv91': HW >> (HwReadEl3yolo26n/conv91 | hw_frame_size: 11520) >> (PullQEl_hw_read3yolo26n/conv91) >> (PostInferEl3yolo26n/conv91 | Quantization - src_type: UINT16, dst_type FLOAT32, limvals_min: 0, limvals_max: 8.46146 | Reorder - src_order: FCR, src_shape: (20, 36, 8), dst_order: FCR, dst_shape: (20, 36, 4)) >> (UserBuffQEl3yolo26n/conv91 | timeout: 10s)
[2026-09-07 17:43:57.630] [9340] [HailoRT] [info] [edge_elements.cpp:287] [create] Created (HwReadEl0yolo26n/conv94 | hw_frame_size: 11520)
[2026-09-07 17:43:57.630] [9340] [HailoRT] [info] [queue_elements.cpp:657] [create] Created (PullQEl_hw_read0yolo26n/conv94)
[2026-09-07 17:43:57.630] [9340] [HailoRT] [info] [filter_elements.cpp:372] [create] Created (PostInferEl0yolo26n/conv94 | Quantization - src_type: UINT16, dst_type FLOAT32, limvals_min: -64.0772, limvals_max: 0 | Reorder - src_order: FCR, src_shape: (20, 36, 8), dst_order: FCR, dst_shape: (20, 36, 1))
[2026-09-07 17:43:57.630] [9340] [HailoRT] [info] [queue_elements.cpp:800] [create] Created (UserBuffQEl0yolo26n/conv94 | timeout: 10s)
[2026-09-07 17:43:57.630] [9340] [HailoRT] [info] [vstream.cpp:1114] [OutputVStreamImpl] Creating yolo26n/conv94...
[2026-09-07 17:43:57.630] [9340] [HailoRT] [info] [vstream_builder.cpp:220] [create_outputs] Output pipeline 'yolo26n/conv94': HW >> (HwReadEl0yolo26n/conv94 | hw_frame_size: 11520) >> (PullQEl_hw_read0yolo26n/conv94) >> (PostInferEl0yolo26n/conv94 | Quantization - src_type: UINT16, dst_type FLOAT32, limvals_min: -64.0772, limvals_max: 0 | Reorder - src_order: FCR, src_shape: (20, 36, 8), dst_order: FCR, dst_shape: (20, 36, 1)) >> (UserBuffQEl0yolo26n/conv94 | timeout: 10s)
[2026-09-07 17:43:57.631] [9340] [HailoRT] [info] [core_op.cpp:156] [activate] Activating yolo26n took 0.483684 milliseconds. Note that the function is asynchronous and thus the network is not fully activated yet.
[2026-09-07 17:43:57.631] [9340] [HailoRT] [info] [core_op.cpp:156] [activate] Activating yolo26n took 0.497055 milliseconds. Note that the function is asynchronous and thus the network is not fully activated yet.
[2026-09-07 17:44:06.023] [9350] [HailoRT] [info] [vdevice_native_stream.cpp:331] [read_impl] Failed read from stream HAILO_STREAM_NOT_ACTIVATED(72) (device: 0001:01:00.0)
[2026-09-07 17:44:06.023] [9354] [HailoRT] [info] [vdevice_native_stream.cpp:331] [read_impl] Failed read from stream HAILO_STREAM_NOT_ACTIVATED(72) (device: 0001:01:00.0)
[2026-09-07 17:44:06.023] [9356] [HailoRT] [info] [vdevice_native_stream.cpp:331] [read_impl] Failed read from stream HAILO_STREAM_NOT_ACTIVATED(72) (device: 0001:01:00.0)
[2026-09-07 17:44:06.023] [9346] [HailoRT] [info] [vdevice_native_stream.cpp:331] [read_impl] Failed read from stream HAILO_STREAM_NOT_ACTIVATED(72) (device: 0001:01:00.0)
[2026-09-07 17:44:06.023] [9348] [HailoRT] [info] [vdevice_native_stream.cpp:331] [read_impl] Failed read from stream HAILO_STREAM_NOT_ACTIVATED(72) (device: 0001:01:00.0)
[2026-09-07 17:44:06.023] [9352] [HailoRT] [info] [vdevice_native_stream.cpp:331] [read_impl] Failed read from stream HAILO_STREAM_NOT_ACTIVATED(72) (device: 0001:01:00.0)
[2026-09-07 17:44:06.023] [9340] [HailoRT] [info] [core_op.cpp:186] [deactivate] Deactivating took 0.478665 ms
[2026-09-07 17:44:06.023] [9340] [HailoRT] [info] [core_op.cpp:186] [deactivate] Deactivating took 0.495572 ms
[2026-09-07 17:44:06.023] [9346] [HailoRT] [info] [queue_elements.cpp:734] [run_in_thread] Shutdown event was signaled in run_pull of queue element PullQEl_hw_read3yolo26n/conv61!
[2026-09-07 17:44:06.023] [9347] [HailoRT] [info] [queue_elements.cpp:855] [run_in_thread] Shutdown event was signaled in dequeue of UserBuffQEl3yolo26n/conv61!
[2026-09-07 17:44:06.023] [9346] [HailoRT] [info] [queue_elements.cpp:68] [operator()] Thread in element PullQEl_hw_read3yolo26n/conv61 is not running anymore, exiting..
[2026-09-07 17:44:06.023] [9340] [HailoRT] [info] [queue_elements.cpp:46] [~BaseQueueElement] Queue element PullQEl_hw_read3yolo26n/conv61 has 0 frames in his Queue on destruction
[2026-09-07 17:44:06.023] [9347] [HailoRT] [info] [queue_elements.cpp:68] [operator()] Thread in element UserBuffQEl3yolo26n/conv61 is not running anymore, exiting..
[2026-09-07 17:44:06.023] [9340] [HailoRT] [info] [queue_elements.cpp:46] [~BaseQueueElement] Queue element UserBuffQEl3yolo26n/conv61 has 0 frames in his Queue on destruction
[2026-09-07 17:44:06.023] [9348] [HailoRT] [info] [queue_elements.cpp:734] [run_in_thread] Shutdown event was signaled in run_pull of queue element PullQEl_hw_read2yolo26n/conv64!
[2026-09-07 17:44:06.023] [9349] [HailoRT] [info] [queue_elements.cpp:855] [run_in_thread] Shutdown event was signaled in dequeue of UserBuffQEl2yolo26n/conv64!
[2026-09-07 17:44:06.023] [9348] [HailoRT] [info] [queue_elements.cpp:68] [operator()] Thread in element PullQEl_hw_read2yolo26n/conv64 is not running anymore, exiting..
[2026-09-07 17:44:06.024] [9340] [HailoRT] [info] [queue_elements.cpp:46] [~BaseQueueElement] Queue element PullQEl_hw_read2yolo26n/conv64 has 0 frames in his Queue on destruction
[2026-09-07 17:44:06.024] [9349] [HailoRT] [info] [queue_elements.cpp:68] [operator()] Thread in element UserBuffQEl2yolo26n/conv64 is not running anymore, exiting..
[2026-09-07 17:44:06.024] [9340] [HailoRT] [info] [queue_elements.cpp:46] [~BaseQueueElement] Queue element UserBuffQEl2yolo26n/conv64 has 0 frames in his Queue on destruction
[2026-09-07 17:44:06.024] [9350] [HailoRT] [info] [queue_elements.cpp:734] [run_in_thread] Shutdown event was signaled in run_pull of queue element PullQEl_hw_read2yolo26n/conv77!
[2026-09-07 17:44:06.024] [9351] [HailoRT] [info] [queue_elements.cpp:855] [run_in_thread] Shutdown event was signaled in dequeue of UserBuffQEl2yolo26n/conv77!
[2026-09-07 17:44:06.024] [9350] [HailoRT] [info] [queue_elements.cpp:68] [operator()] Thread in element PullQEl_hw_read2yolo26n/conv77 is not running anymore, exiting..
[2026-09-07 17:44:06.024] [9340] [HailoRT] [info] [queue_elements.cpp:46] [~BaseQueueElement] Queue element PullQEl_hw_read2yolo26n/conv77 has 0 frames in his Queue on destruction
[2026-09-07 17:44:06.024] [9351] [HailoRT] [info] [queue_elements.cpp:68] [operator()] Thread in element UserBuffQEl2yolo26n/conv77 is not running anymore, exiting..
[2026-09-07 17:44:06.024] [9340] [HailoRT] [info] [queue_elements.cpp:46] [~BaseQueueElement] Queue element UserBuffQEl2yolo26n/conv77 has 0 frames in his Queue on destruction
[2026-09-07 17:44:06.024] [9352] [HailoRT] [info] [queue_elements.cpp:734] [run_in_thread] Shutdown event was signaled in run_pull of queue element PullQEl_hw_read0yolo26n/conv80!
[2026-09-07 17:44:06.024] [9353] [HailoRT] [info] [queue_elements.cpp:855] [run_in_thread] Shutdown event was signaled in dequeue of UserBuffQEl0yolo26n/conv80!
[2026-09-07 17:44:06.024] [9352] [HailoRT] [info] [queue_elements.cpp:68] [operator()] Thread in element PullQEl_hw_read0yolo26n/conv80 is not running anymore, exiting..
[2026-09-07 17:44:06.024] [9340] [HailoRT] [info] [queue_elements.cpp:46] [~BaseQueueElement] Queue element PullQEl_hw_read0yolo26n/conv80 has 0 frames in his Queue on destruction
[2026-09-07 17:44:06.024] [9353] [HailoRT] [info] [queue_elements.cpp:68] [operator()] Thread in element UserBuffQEl0yolo26n/conv80 is not running anymore, exiting..
[2026-09-07 17:44:06.024] [9340] [HailoRT] [info] [queue_elements.cpp:46] [~BaseQueueElement] Queue element UserBuffQEl0yolo26n/conv80 has 0 frames in his Queue on destruction
[2026-09-07 17:44:06.024] [9354] [HailoRT] [info] [queue_elements.cpp:734] [run_in_thread] Shutdown event was signaled in run_pull of queue element PullQEl_hw_read3yolo26n/conv91!
[2026-09-07 17:44:06.024] [9355] [HailoRT] [info] [queue_elements.cpp:855] [run_in_thread] Shutdown event was signaled in dequeue of UserBuffQEl3yolo26n/conv91!
[2026-09-07 17:44:06.024] [9354] [HailoRT] [info] [queue_elements.cpp:68] [operator()] Thread in element PullQEl_hw_read3yolo26n/conv91 is not running anymore, exiting..
[2026-09-07 17:44:06.024] [9340] [HailoRT] [info] [queue_elements.cpp:46] [~BaseQueueElement] Queue element PullQEl_hw_read3yolo26n/conv91 has 0 frames in his Queue on destruction
[2026-09-07 17:44:06.024] [9355] [HailoRT] [info] [queue_elements.cpp:68] [operator()] Thread in element UserBuffQEl3yolo26n/conv91 is not running anymore, exiting..
[2026-09-07 17:44:06.024] [9340] [HailoRT] [info] [queue_elements.cpp:46] [~BaseQueueElement] Queue element UserBuffQEl3yolo26n/conv91 has 0 frames in his Queue on destruction
[2026-09-07 17:44:06.024] [9356] [HailoRT] [info] [queue_elements.cpp:734] [run_in_thread] Shutdown event was signaled in run_pull of queue element PullQEl_hw_read0yolo26n/conv94!
[2026-09-07 17:44:06.024] [9357] [HailoRT] [info] [queue_elements.cpp:855] [run_in_thread] Shutdown event was signaled in dequeue of UserBuffQEl0yolo26n/conv94!
[2026-09-07 17:44:06.024] [9356] [HailoRT] [info] [queue_elements.cpp:68] [operator()] Thread in element PullQEl_hw_read0yolo26n/conv94 is not running anymore, exiting..
[2026-09-07 17:44:06.024] [9340] [HailoRT] [info] [queue_elements.cpp:46] [~BaseQueueElement] Queue element PullQEl_hw_read0yolo26n/conv94 has 0 frames in his Queue on destruction
[2026-09-07 17:44:06.024] [9357] [HailoRT] [info] [queue_elements.cpp:68] [operator()] Thread in element UserBuffQEl0yolo26n/conv94 is not running anymore, exiting..
[2026-09-07 17:44:06.024] [9340] [HailoRT] [info] [queue_elements.cpp:46] [~BaseQueueElement] Queue element UserBuffQEl0yolo26n/conv94 has 0 frames in his Queue on destruction
[2026-09-07 17:45:23.848] [9523] [HailoRT] [info] [vdevice.cpp:535] [create] Creating vdevice with params: device_count: 1, scheduling_algorithm: NONE, multi_process_service: false
[2026-09-07 17:45:23.859] [9523] [HailoRT] [info] [device.cpp:51] [Device] OS Version: Linux 6.18.39+rpt-rpi-2712 #1 SMP PREEMPT Debian 1:6.18.39-1+rpt1 (2026-07-29) aarch64
[2026-09-07 17:45:23.859] [9523] [HailoRT] [info] [control.cpp:113] [control__parse_identify_results] firmware_version is: 4.23.0
[2026-09-07 17:45:23.859] [9523] [HailoRT] [info] [vdevice.cpp:682] [create] VDevice Infos: 0001:01:00.0
[2026-09-07 17:45:23.866] [9523] [HailoRT] [info] [internal_buffer_manager.cpp:77] [print_execution_results] Planned internal buffer memory: CMA=0 CMA-Desc=917504 Pinned=2956800. memory to edge layer usage factor is 0.9621793
[2026-09-07 17:45:23.866] [9523] [HailoRT] [info] [internal_buffer_manager.cpp:86] [print_execution_results] Default Internal buffer planner executed successfully
[2026-09-07 17:45:23.896] [9523] [HailoRT] [info] [device_internal.cpp:57] [configure] Configuring HEF took 36.985654 milliseconds
[2026-09-07 17:45:23.896] [9523] [HailoRT] [info] [vdevice.cpp:780] [configure] Configuring HEF on VDevice took 37.287469 milliseconds
[2026-09-07 17:45:23.897] [9523] [HailoRT] [info] [hef.cpp:1994] [get_network_group_and_network_name] No name was given. Addressing all networks of default network_group: yolo26n
[2026-09-07 17:45:23.897] [9523] [HailoRT] [info] [hef.cpp:1994] [get_network_group_and_network_name] No name was given. Addressing all networks of default network_group: yolo26n
[2026-09-07 17:45:23.897] [9523] [HailoRT] [info] [edge_elements.cpp:52] [create] Created (HwWriteEl2yolo26n/input_layer1 | hw_frame_size: 2211840)
[2026-09-07 17:45:23.897] [9523] [HailoRT] [info] [vstream.cpp:754] [InputVStreamImpl] Creating yolo26n/input_layer1...
[2026-09-07 17:45:23.897] [9523] [HailoRT] [info] [vstream_builder.cpp:102] [create_inputs] Input pipeline 'yolo26n/input_layer1': (HwWriteEl2yolo26n/input_layer1 | hw_frame_size: 2211840) >> HW
[2026-09-07 17:45:23.897] [9523] [HailoRT] [info] [edge_elements.cpp:287] [create] Created (HwReadEl3yolo26n/conv61 | hw_frame_size: 92160)
[2026-09-07 17:45:23.897] [9523] [HailoRT] [info] [queue_elements.cpp:657] [create] Created (PullQEl_hw_read3yolo26n/conv61)
[2026-09-07 17:45:23.897] [9523] [HailoRT] [info] [filter_elements.cpp:372] [create] Created (PostInferEl3yolo26n/conv61 | Quantization - src_type: UINT16, dst_type FLOAT32, limvals_min: -0.881752, limvals_max: 6.27869)
[2026-09-07 17:45:23.897] [9523] [HailoRT] [info] [queue_elements.cpp:800] [create] Created (UserBuffQEl3yolo26n/conv61 | timeout: 10s)
[2026-09-07 17:45:23.897] [9523] [HailoRT] [info] [vstream.cpp:1114] [OutputVStreamImpl] Creating yolo26n/conv61...
[2026-09-07 17:45:23.897] [9523] [HailoRT] [info] [vstream_builder.cpp:220] [create_outputs] Output pipeline 'yolo26n/conv61': HW >> (HwReadEl3yolo26n/conv61 | hw_frame_size: 92160) >> (PullQEl_hw_read3yolo26n/conv61) >> (PostInferEl3yolo26n/conv61 | Quantization - src_type: UINT16, dst_type FLOAT32, limvals_min: -0.881752, limvals_max: 6.27869) >> (UserBuffQEl3yolo26n/conv61 | timeout: 10s)
[2026-09-07 17:45:23.897] [9523] [HailoRT] [info] [edge_elements.cpp:287] [create] Created (HwReadEl2yolo26n/conv64 | hw_frame_size: 23040)
[2026-09-07 17:45:23.897] [9523] [HailoRT] [info] [queue_elements.cpp:657] [create] Created (PullQEl_hw_read2yolo26n/conv64)
[2026-09-07 17:45:23.897] [9523] [HailoRT] [info] [filter_elements.cpp:372] [create] Created (PostInferEl2yolo26n/conv64 | Quantization - src_type: UINT16, dst_type FLOAT32, limvals_min: -164.817, limvals_max: 3.19963)
[2026-09-07 17:45:23.897] [9523] [HailoRT] [info] [queue_elements.cpp:800] [create] Created (UserBuffQEl2yolo26n/conv64 | timeout: 10s)
[2026-09-07 17:45:23.897] [9523] [HailoRT] [info] [vstream.cpp:1114] [OutputVStreamImpl] Creating yolo26n/conv64...
[2026-09-07 17:45:23.897] [9523] [HailoRT] [info] [vstream_builder.cpp:220] [create_outputs] Output pipeline 'yolo26n/conv64': HW >> (HwReadEl2yolo26n/conv64 | hw_frame_size: 23040) >> (PullQEl_hw_read2yolo26n/conv64) >> (PostInferEl2yolo26n/conv64 | Quantization - src_type: UINT16, dst_type FLOAT32, limvals_min: -164.817, limvals_max: 3.19963) >> (UserBuffQEl2yolo26n/conv64 | timeout: 10s)
[2026-09-07 17:45:23.897] [9523] [HailoRT] [info] [edge_elements.cpp:287] [create] Created (HwReadEl2yolo26n/conv77 | hw_frame_size: 23040)
[2026-09-07 17:45:23.897] [9523] [HailoRT] [info] [queue_elements.cpp:657] [create] Created (PullQEl_hw_read2yolo26n/conv77)
[2026-09-07 17:45:23.897] [9523] [HailoRT] [info] [filter_elements.cpp:372] [create] Created (PostInferEl2yolo26n/conv77 | Quantization - src_type: UINT16, dst_type FLOAT32, limvals_min: -0.67052, limvals_max: 17.2357)
[2026-09-07 17:45:23.897] [9523] [HailoRT] [info] [queue_elements.cpp:800] [create] Created (UserBuffQEl2yolo26n/conv77 | timeout: 10s)
[2026-09-07 17:45:23.897] [9523] [HailoRT] [info] [vstream.cpp:1114] [OutputVStreamImpl] Creating yolo26n/conv77...
[2026-09-07 17:45:23.897] [9523] [HailoRT] [info] [vstream_builder.cpp:220] [create_outputs] Output pipeline 'yolo26n/conv77': HW >> (HwReadEl2yolo26n/conv77 | hw_frame_size: 23040) >> (PullQEl_hw_read2yolo26n/conv77) >> (PostInferEl2yolo26n/conv77 | Quantization - src_type: UINT16, dst_type FLOAT32, limvals_min: -0.67052, limvals_max: 17.2357) >> (UserBuffQEl2yolo26n/conv77 | timeout: 10s)
[2026-09-07 17:45:23.897] [9523] [HailoRT] [info] [edge_elements.cpp:287] [create] Created (HwReadEl0yolo26n/conv80 | hw_frame_size: 5760)
[2026-09-07 17:45:23.897] [9523] [HailoRT] [info] [queue_elements.cpp:657] [create] Created (PullQEl_hw_read0yolo26n/conv80)
[2026-09-07 17:45:23.897] [9523] [HailoRT] [info] [filter_elements.cpp:372] [create] Created (PostInferEl0yolo26n/conv80 | Quantization - src_type: UINT16, dst_type FLOAT32, limvals_min: -67.4827, limvals_max: 0)
[2026-09-07 17:45:23.898] [9523] [HailoRT] [info] [queue_elements.cpp:800] [create] Created (UserBuffQEl0yolo26n/conv80 | timeout: 10s)
[2026-09-07 17:45:23.898] [9523] [HailoRT] [info] [vstream.cpp:1114] [OutputVStreamImpl] Creating yolo26n/conv80...
[2026-09-07 17:45:23.898] [9523] [HailoRT] [info] [vstream_builder.cpp:220] [create_outputs] Output pipeline 'yolo26n/conv80': HW >> (HwReadEl0yolo26n/conv80 | hw_frame_size: 5760) >> (PullQEl_hw_read0yolo26n/conv80) >> (PostInferEl0yolo26n/conv80 | Quantization - src_type: UINT16, dst_type FLOAT32, limvals_min: -67.4827, limvals_max: 0) >> (UserBuffQEl0yolo26n/conv80 | timeout: 10s)
[2026-09-07 17:45:23.898] [9523] [HailoRT] [info] [edge_elements.cpp:287] [create] Created (HwReadEl3yolo26n/conv91 | hw_frame_size: 11520)
[2026-09-07 17:45:23.898] [9523] [HailoRT] [info] [queue_elements.cpp:657] [create] Created (PullQEl_hw_read3yolo26n/conv91)
[2026-09-07 17:45:23.898] [9523] [HailoRT] [info] [filter_elements.cpp:372] [create] Created (PostInferEl3yolo26n/conv91 | Quantization - src_type: UINT16, dst_type FLOAT32, limvals_min: 0, limvals_max: 8.46146 | Reorder - src_order: FCR, src_shape: (20, 36, 8), dst_order: FCR, dst_shape: (20, 36, 4))
[2026-09-07 17:45:23.898] [9523] [HailoRT] [info] [queue_elements.cpp:800] [create] Created (UserBuffQEl3yolo26n/conv91 | timeout: 10s)
[2026-09-07 17:45:23.898] [9523] [HailoRT] [info] [vstream.cpp:1114] [OutputVStreamImpl] Creating yolo26n/conv91...
[2026-09-07 17:45:23.898] [9523] [HailoRT] [info] [vstream_builder.cpp:220] [create_outputs] Output pipeline 'yolo26n/conv91': HW >> (HwReadEl3yolo26n/conv91 | hw_frame_size: 11520) >> (PullQEl_hw_read3yolo26n/conv91) >> (PostInferEl3yolo26n/conv91 | Quantization - src_type: UINT16, dst_type FLOAT32, limvals_min: 0, limvals_max: 8.46146 | Reorder - src_order: FCR, src_shape: (20, 36, 8), dst_order: FCR, dst_shape: (20, 36, 4)) >> (UserBuffQEl3yolo26n/conv91 | timeout: 10s)
[2026-09-07 17:45:23.898] [9523] [HailoRT] [info] [edge_elements.cpp:287] [create] Created (HwReadEl0yolo26n/conv94 | hw_frame_size: 11520)
[2026-09-07 17:45:23.898] [9523] [HailoRT] [info] [queue_elements.cpp:657] [create] Created (PullQEl_hw_read0yolo26n/conv94)
[2026-09-07 17:45:23.898] [9523] [HailoRT] [info] [filter_elements.cpp:372] [create] Created (PostInferEl0yolo26n/conv94 | Quantization - src_type: UINT16, dst_type FLOAT32, limvals_min: -64.0772, limvals_max: 0 | Reorder - src_order: FCR, src_shape: (20, 36, 8), dst_order: FCR, dst_shape: (20, 36, 1))
[2026-09-07 17:45:23.898] [9523] [HailoRT] [info] [queue_elements.cpp:800] [create] Created (UserBuffQEl0yolo26n/conv94 | timeout: 10s)
[2026-09-07 17:45:23.898] [9523] [HailoRT] [info] [vstream.cpp:1114] [OutputVStreamImpl] Creating yolo26n/conv94...
[2026-09-07 17:45:23.898] [9523] [HailoRT] [info] [vstream_builder.cpp:220] [create_outputs] Output pipeline 'yolo26n/conv94': HW >> (HwReadEl0yolo26n/conv94 | hw_frame_size: 11520) >> (PullQEl_hw_read0yolo26n/conv94) >> (PostInferEl0yolo26n/conv94 | Quantization - src_type: UINT16, dst_type FLOAT32, limvals_min: -64.0772, limvals_max: 0 | Reorder - src_order: FCR, src_shape: (20, 36, 8), dst_order: FCR, dst_shape: (20, 36, 1)) >> (UserBuffQEl0yolo26n/conv94 | timeout: 10s)
[2026-09-07 17:45:23.899] [9523] [HailoRT] [info] [core_op.cpp:156] [activate] Activating yolo26n took 0.512684 milliseconds. Note that the function is asynchronous and thus the network is not fully activated yet.
[2026-09-07 17:45:23.899] [9523] [HailoRT] [info] [core_op.cpp:156] [activate] Activating yolo26n took 0.525481 milliseconds. Note that the function is asynchronous and thus the network is not fully activated yet.
[2026-09-07 17:45:49.558] [9547] [HailoRT] [info] [vdevice_native_stream.cpp:331] [read_impl] Failed read from stream HAILO_STREAM_NOT_ACTIVATED(72) (device: 0001:01:00.0)
[2026-09-07 17:45:49.558] [9543] [HailoRT] [info] [vdevice_native_stream.cpp:331] [read_impl] Failed read from stream HAILO_STREAM_NOT_ACTIVATED(72) (device: 0001:01:00.0)
[2026-09-07 17:45:49.558] [9550] [HailoRT] [info] [vdevice_native_stream.cpp:331] [read_impl] Failed read from stream HAILO_STREAM_NOT_ACTIVATED(72) (device: 0001:01:00.0)
[2026-09-07 17:45:49.558] [9552] [HailoRT] [info] [vdevice_native_stream.cpp:331] [read_impl] Failed read from stream HAILO_STREAM_NOT_ACTIVATED(72) (device: 0001:01:00.0)
[2026-09-07 17:45:49.558] [9545] [HailoRT] [info] [vdevice_native_stream.cpp:331] [read_impl] Failed read from stream HAILO_STREAM_NOT_ACTIVATED(72) (device: 0001:01:00.0)
[2026-09-07 17:45:49.558] [9555] [HailoRT] [info] [vdevice_native_stream.cpp:331] [read_impl] Failed read from stream HAILO_STREAM_NOT_ACTIVATED(72) (device: 0001:01:00.0)
[2026-09-07 17:45:49.558] [9523] [HailoRT] [info] [core_op.cpp:186] [deactivate] Deactivating took 0.530665 ms
[2026-09-07 17:45:49.558] [9523] [HailoRT] [info] [core_op.cpp:186] [deactivate] Deactivating took 0.552313 ms
[2026-09-07 17:45:49.558] [9544] [HailoRT] [info] [queue_elements.cpp:855] [run_in_thread] Shutdown event was signaled in dequeue of UserBuffQEl3yolo26n/conv61!
[2026-09-07 17:45:49.558] [9543] [HailoRT] [info] [queue_elements.cpp:734] [run_in_thread] Shutdown event was signaled in run_pull of queue element PullQEl_hw_read3yolo26n/conv61!
[2026-09-07 17:45:49.558] [9543] [HailoRT] [info] [queue_elements.cpp:68] [operator()] Thread in element PullQEl_hw_read3yolo26n/conv61 is not running anymore, exiting..
[2026-09-07 17:45:49.558] [9523] [HailoRT] [info] [queue_elements.cpp:46] [~BaseQueueElement] Queue element PullQEl_hw_read3yolo26n/conv61 has 0 frames in his Queue on destruction
[2026-09-07 17:45:49.558] [9544] [HailoRT] [info] [queue_elements.cpp:68] [operator()] Thread in element UserBuffQEl3yolo26n/conv61 is not running anymore, exiting..
[2026-09-07 17:45:49.558] [9523] [HailoRT] [info] [queue_elements.cpp:46] [~BaseQueueElement] Queue element UserBuffQEl3yolo26n/conv61 has 0 frames in his Queue on destruction
[2026-09-07 17:45:49.558] [9545] [HailoRT] [info] [queue_elements.cpp:734] [run_in_thread] Shutdown event was signaled in run_pull of queue element PullQEl_hw_read2yolo26n/conv64!
[2026-09-07 17:45:49.558] [9546] [HailoRT] [info] [queue_elements.cpp:855] [run_in_thread] Shutdown event was signaled in dequeue of UserBuffQEl2yolo26n/conv64!
[2026-09-07 17:45:49.558] [9545] [HailoRT] [info] [queue_elements.cpp:68] [operator()] Thread in element PullQEl_hw_read2yolo26n/conv64 is not running anymore, exiting..
[2026-09-07 17:45:49.558] [9523] [HailoRT] [info] [queue_elements.cpp:46] [~BaseQueueElement] Queue element PullQEl_hw_read2yolo26n/conv64 has 0 frames in his Queue on destruction
[2026-09-07 17:45:49.558] [9546] [HailoRT] [info] [queue_elements.cpp:68] [operator()] Thread in element UserBuffQEl2yolo26n/conv64 is not running anymore, exiting..
[2026-09-07 17:45:49.558] [9523] [HailoRT] [info] [queue_elements.cpp:46] [~BaseQueueElement] Queue element UserBuffQEl2yolo26n/conv64 has 0 frames in his Queue on destruction
[2026-09-07 17:45:49.558] [9548] [HailoRT] [info] [queue_elements.cpp:855] [run_in_thread] Shutdown event was signaled in dequeue of UserBuffQEl2yolo26n/conv77!
[2026-09-07 17:45:49.558] [9547] [HailoRT] [info] [queue_elements.cpp:734] [run_in_thread] Shutdown event was signaled in run_pull of queue element PullQEl_hw_read2yolo26n/conv77!
[2026-09-07 17:45:49.558] [9547] [HailoRT] [info] [queue_elements.cpp:68] [operator()] Thread in element PullQEl_hw_read2yolo26n/conv77 is not running anymore, exiting..
[2026-09-07 17:45:49.558] [9523] [HailoRT] [info] [queue_elements.cpp:46] [~BaseQueueElement] Queue element PullQEl_hw_read2yolo26n/conv77 has 0 frames in his Queue on destruction
[2026-09-07 17:45:49.559] [9548] [HailoRT] [info] [queue_elements.cpp:68] [operator()] Thread in element UserBuffQEl2yolo26n/conv77 is not running anymore, exiting..
[2026-09-07 17:45:49.559] [9523] [HailoRT] [info] [queue_elements.cpp:46] [~BaseQueueElement] Queue element UserBuffQEl2yolo26n/conv77 has 0 frames in his Queue on destruction
[2026-09-07 17:45:49.559] [9550] [HailoRT] [info] [queue_elements.cpp:734] [run_in_thread] Shutdown event was signaled in run_pull of queue element PullQEl_hw_read0yolo26n/conv80!
[2026-09-07 17:45:49.559] [9551] [HailoRT] [info] [queue_elements.cpp:855] [run_in_thread] Shutdown event was signaled in dequeue of UserBuffQEl0yolo26n/conv80!
[2026-09-07 17:45:49.559] [9550] [HailoRT] [info] [queue_elements.cpp:68] [operator()] Thread in element PullQEl_hw_read0yolo26n/conv80 is not running anymore, exiting..
[2026-09-07 17:45:49.559] [9523] [HailoRT] [info] [queue_elements.cpp:46] [~BaseQueueElement] Queue element PullQEl_hw_read0yolo26n/conv80 has 0 frames in his Queue on destruction
[2026-09-07 17:45:49.559] [9551] [HailoRT] [info] [queue_elements.cpp:68] [operator()] Thread in element UserBuffQEl0yolo26n/conv80 is not running anymore, exiting..
[2026-09-07 17:45:49.559] [9523] [HailoRT] [info] [queue_elements.cpp:46] [~BaseQueueElement] Queue element UserBuffQEl0yolo26n/conv80 has 0 frames in his Queue on destruction
[2026-09-07 17:45:49.559] [9552] [HailoRT] [info] [queue_elements.cpp:734] [run_in_thread] Shutdown event was signaled in run_pull of queue element PullQEl_hw_read3yolo26n/conv91!
[2026-09-07 17:45:49.559] [9554] [HailoRT] [info] [queue_elements.cpp:855] [run_in_thread] Shutdown event was signaled in dequeue of UserBuffQEl3yolo26n/conv91!
[2026-09-07 17:45:49.559] [9552] [HailoRT] [info] [queue_elements.cpp:68] [operator()] Thread in element PullQEl_hw_read3yolo26n/conv91 is not running anymore, exiting..
[2026-09-07 17:45:49.559] [9523] [HailoRT] [info] [queue_elements.cpp:46] [~BaseQueueElement] Queue element PullQEl_hw_read3yolo26n/conv91 has 0 frames in his Queue on destruction
[2026-09-07 17:45:49.559] [9554] [HailoRT] [info] [queue_elements.cpp:68] [operator()] Thread in element UserBuffQEl3yolo26n/conv91 is not running anymore, exiting..
[2026-09-07 17:45:49.559] [9523] [HailoRT] [info] [queue_elements.cpp:46] [~BaseQueueElement] Queue element UserBuffQEl3yolo26n/conv91 has 0 frames in his Queue on destruction
[2026-09-07 17:45:49.559] [9555] [HailoRT] [info] [queue_elements.cpp:734] [run_in_thread] Shutdown event was signaled in run_pull of queue element PullQEl_hw_read0yolo26n/conv94!
[2026-09-07 17:45:49.559] [9556] [HailoRT] [info] [queue_elements.cpp:855] [run_in_thread] Shutdown event was signaled in dequeue of UserBuffQEl0yolo26n/conv94!
[2026-09-07 17:45:49.559] [9555] [HailoRT] [info] [queue_elements.cpp:68] [operator()] Thread in element PullQEl_hw_read0yolo26n/conv94 is not running anymore, exiting..
[2026-09-07 17:45:49.559] [9523] [HailoRT] [info] [queue_elements.cpp:46] [~BaseQueueElement] Queue element PullQEl_hw_read0yolo26n/conv94 has 0 frames in his Queue on destruction
[2026-09-07 17:45:49.559] [9556] [HailoRT] [info] [queue_elements.cpp:68] [operator()] Thread in element UserBuffQEl0yolo26n/conv94 is not running anymore, exiting..
[2026-09-07 17:45:49.559] [9523] [HailoRT] [info] [queue_elements.cpp:46] [~BaseQueueElement] Queue element UserBuffQEl0yolo26n/conv94 has 0 frames in his Queue on destruction
[2026-09-07 17:51:46.860] [15715] [HailoRT] [info] [vdevice.cpp:535] [create] Creating vdevice with params: device_count: 1, scheduling_algorithm: NONE, multi_process_service: false
[2026-09-07 17:51:46.871] [15715] [HailoRT] [info] [device.cpp:51] [Device] OS Version: Linux 6.18.39+rpt-rpi-2712 #1 SMP PREEMPT Debian 1:6.18.39-1+rpt1 (2026-07-29) aarch64
[2026-09-07 17:51:46.871] [15715] [HailoRT] [info] [control.cpp:113] [control__parse_identify_results] firmware_version is: 4.23.0
[2026-09-07 17:51:46.871] [15715] [HailoRT] [info] [vdevice.cpp:682] [create] VDevice Infos: 0001:01:00.0
[2026-09-07 17:51:46.878] [15715] [HailoRT] [info] [internal_buffer_manager.cpp:77] [print_execution_results] Planned internal buffer memory: CMA=0 CMA-Desc=917504 Pinned=2956800. memory to edge layer usage factor is 0.9621793
[2026-09-07 17:51:46.878] [15715] [HailoRT] [info] [internal_buffer_manager.cpp:86] [print_execution_results] Default Internal buffer planner executed successfully
[2026-09-07 17:51:46.907] [15715] [HailoRT] [info] [device_internal.cpp:57] [configure] Configuring HEF took 36.044376 milliseconds
[2026-09-07 17:51:46.908] [15715] [HailoRT] [info] [vdevice.cpp:780] [configure] Configuring HEF on VDevice took 36.34782 milliseconds
[2026-09-07 17:51:46.908] [15715] [HailoRT] [info] [hef.cpp:1994] [get_network_group_and_network_name] No name was given. Addressing all networks of default network_group: yolo26n
[2026-09-07 17:51:46.908] [15715] [HailoRT] [info] [hef.cpp:1994] [get_network_group_and_network_name] No name was given. Addressing all networks of default network_group: yolo26n
[2026-09-07 17:51:46.908] [15715] [HailoRT] [info] [edge_elements.cpp:52] [create] Created (HwWriteEl2yolo26n/input_layer1 | hw_frame_size: 2211840)
[2026-09-07 17:51:46.908] [15715] [HailoRT] [info] [vstream.cpp:754] [InputVStreamImpl] Creating yolo26n/input_layer1...
[2026-09-07 17:51:46.908] [15715] [HailoRT] [info] [vstream_builder.cpp:102] [create_inputs] Input pipeline 'yolo26n/input_layer1': (HwWriteEl2yolo26n/input_layer1 | hw_frame_size: 2211840) >> HW
[2026-09-07 17:51:46.908] [15715] [HailoRT] [info] [edge_elements.cpp:287] [create] Created (HwReadEl3yolo26n/conv61 | hw_frame_size: 92160)
[2026-09-07 17:51:46.908] [15715] [HailoRT] [info] [queue_elements.cpp:657] [create] Created (PullQEl_hw_read3yolo26n/conv61)
[2026-09-07 17:51:46.908] [15715] [HailoRT] [info] [filter_elements.cpp:372] [create] Created (PostInferEl3yolo26n/conv61 | Quantization - src_type: UINT16, dst_type FLOAT32, limvals_min: -0.881752, limvals_max: 6.27869)
[2026-09-07 17:51:46.908] [15715] [HailoRT] [info] [queue_elements.cpp:800] [create] Created (UserBuffQEl3yolo26n/conv61 | timeout: 10s)
[2026-09-07 17:51:46.908] [15715] [HailoRT] [info] [vstream.cpp:1114] [OutputVStreamImpl] Creating yolo26n/conv61...
[2026-09-07 17:51:46.908] [15715] [HailoRT] [info] [vstream_builder.cpp:220] [create_outputs] Output pipeline 'yolo26n/conv61': HW >> (HwReadEl3yolo26n/conv61 | hw_frame_size: 92160) >> (PullQEl_hw_read3yolo26n/conv61) >> (PostInferEl3yolo26n/conv61 | Quantization - src_type: UINT16, dst_type FLOAT32, limvals_min: -0.881752, limvals_max: 6.27869) >> (UserBuffQEl3yolo26n/conv61 | timeout: 10s)
[2026-09-07 17:51:46.908] [15715] [HailoRT] [info] [edge_elements.cpp:287] [create] Created (HwReadEl2yolo26n/conv64 | hw_frame_size: 23040)
[2026-09-07 17:51:46.908] [15715] [HailoRT] [info] [queue_elements.cpp:657] [create] Created (PullQEl_hw_read2yolo26n/conv64)
[2026-09-07 17:51:46.908] [15715] [HailoRT] [info] [filter_elements.cpp:372] [create] Created (PostInferEl2yolo26n/conv64 | Quantization - src_type: UINT16, dst_type FLOAT32, limvals_min: -164.817, limvals_max: 3.19963)
[2026-09-07 17:51:46.908] [15715] [HailoRT] [info] [queue_elements.cpp:800] [create] Created (UserBuffQEl2yolo26n/conv64 | timeout: 10s)
[2026-09-07 17:51:46.908] [15715] [HailoRT] [info] [vstream.cpp:1114] [OutputVStreamImpl] Creating yolo26n/conv64...
[2026-09-07 17:51:46.908] [15715] [HailoRT] [info] [vstream_builder.cpp:220] [create_outputs] Output pipeline 'yolo26n/conv64': HW >> (HwReadEl2yolo26n/conv64 | hw_frame_size: 23040) >> (PullQEl_hw_read2yolo26n/conv64) >> (PostInferEl2yolo26n/conv64 | Quantization - src_type: UINT16, dst_type FLOAT32, limvals_min: -164.817, limvals_max: 3.19963) >> (UserBuffQEl2yolo26n/conv64 | timeout: 10s)
[2026-09-07 17:51:46.908] [15715] [HailoRT] [info] [edge_elements.cpp:287] [create] Created (HwReadEl2yolo26n/conv77 | hw_frame_size: 23040)
[2026-09-07 17:51:46.908] [15715] [HailoRT] [info] [queue_elements.cpp:657] [create] Created (PullQEl_hw_read2yolo26n/conv77)
[2026-09-07 17:51:46.908] [15715] [HailoRT] [info] [filter_elements.cpp:372] [create] Created (PostInferEl2yolo26n/conv77 | Quantization - src_type: UINT16, dst_type FLOAT32, limvals_min: -0.67052, limvals_max: 17.2357)
[2026-09-07 17:51:46.908] [15715] [HailoRT] [info] [queue_elements.cpp:800] [create] Created (UserBuffQEl2yolo26n/conv77 | timeout: 10s)
[2026-09-07 17:51:46.908] [15715] [HailoRT] [info] [vstream.cpp:1114] [OutputVStreamImpl] Creating yolo26n/conv77...
[2026-09-07 17:51:46.908] [15715] [HailoRT] [info] [vstream_builder.cpp:220] [create_outputs] Output pipeline 'yolo26n/conv77': HW >> (HwReadEl2yolo26n/conv77 | hw_frame_size: 23040) >> (PullQEl_hw_read2yolo26n/conv77) >> (PostInferEl2yolo26n/conv77 | Quantization - src_type: UINT16, dst_type FLOAT32, limvals_min: -0.67052, limvals_max: 17.2357) >> (UserBuffQEl2yolo26n/conv77 | timeout: 10s)
[2026-09-07 17:51:46.909] [15715] [HailoRT] [info] [edge_elements.cpp:287] [create] Created (HwReadEl0yolo26n/conv80 | hw_frame_size: 5760)
[2026-09-07 17:51:46.909] [15715] [HailoRT] [info] [queue_elements.cpp:657] [create] Created (PullQEl_hw_read0yolo26n/conv80)
[2026-09-07 17:51:46.909] [15715] [HailoRT] [info] [filter_elements.cpp:372] [create] Created (PostInferEl0yolo26n/conv80 | Quantization - src_type: UINT16, dst_type FLOAT32, limvals_min: -67.4827, limvals_max: 0)
[2026-09-07 17:51:46.909] [15715] [HailoRT] [info] [queue_elements.cpp:800] [create] Created (UserBuffQEl0yolo26n/conv80 | timeout: 10s)
[2026-09-07 17:51:46.909] [15715] [HailoRT] [info] [vstream.cpp:1114] [OutputVStreamImpl] Creating yolo26n/conv80...
[2026-09-07 17:51:46.909] [15715] [HailoRT] [info] [vstream_builder.cpp:220] [create_outputs] Output pipeline 'yolo26n/conv80': HW >> (HwReadEl0yolo26n/conv80 | hw_frame_size: 5760) >> (PullQEl_hw_read0yolo26n/conv80) >> (PostInferEl0yolo26n/conv80 | Quantization - src_type: UINT16, dst_type FLOAT32, limvals_min: -67.4827, limvals_max: 0) >> (UserBuffQEl0yolo26n/conv80 | timeout: 10s)
[2026-09-07 17:51:46.909] [15715] [HailoRT] [info] [edge_elements.cpp:287] [create] Created (HwReadEl3yolo26n/conv91 | hw_frame_size: 11520)
[2026-09-07 17:51:46.909] [15715] [HailoRT] [info] [queue_elements.cpp:657] [create] Created (PullQEl_hw_read3yolo26n/conv91)
[2026-09-07 17:51:46.909] [15715] [HailoRT] [info] [filter_elements.cpp:372] [create] Created (PostInferEl3yolo26n/conv91 | Quantization - src_type: UINT16, dst_type FLOAT32, limvals_min: 0, limvals_max: 8.46146 | Reorder - src_order: FCR, src_shape: (20, 36, 8), dst_order: FCR, dst_shape: (20, 36, 4))
[2026-09-07 17:51:46.909] [15715] [HailoRT] [info] [queue_elements.cpp:800] [create] Created (UserBuffQEl3yolo26n/conv91 | timeout: 10s)
[2026-09-07 17:51:46.909] [15715] [HailoRT] [info] [vstream.cpp:1114] [OutputVStreamImpl] Creating yolo26n/conv91...
[2026-09-07 17:51:46.909] [15715] [HailoRT] [info] [vstream_builder.cpp:220] [create_outputs] Output pipeline 'yolo26n/conv91': HW >> (HwReadEl3yolo26n/conv91 | hw_frame_size: 11520) >> (PullQEl_hw_read3yolo26n/conv91) >> (PostInferEl3yolo26n/conv91 | Quantization - src_type: UINT16, dst_type FLOAT32, limvals_min: 0, limvals_max: 8.46146 | Reorder - src_order: FCR, src_shape: (20, 36, 8), dst_order: FCR, dst_shape: (20, 36, 4)) >> (UserBuffQEl3yolo26n/conv91 | timeout: 10s)
[2026-09-07 17:51:46.909] [15715] [HailoRT] [info] [edge_elements.cpp:287] [create] Created (HwReadEl0yolo26n/conv94 | hw_frame_size: 11520)
[2026-09-07 17:51:46.909] [15715] [HailoRT] [info] [queue_elements.cpp:657] [create] Created (PullQEl_hw_read0yolo26n/conv94)
[2026-09-07 17:51:46.909] [15715] [HailoRT] [info] [filter_elements.cpp:372] [create] Created (PostInferEl0yolo26n/conv94 | Quantization - src_type: UINT16, dst_type FLOAT32, limvals_min: -64.0772, limvals_max: 0 | Reorder - src_order: FCR, src_shape: (20, 36, 8), dst_order: FCR, dst_shape: (20, 36, 1))
[2026-09-07 17:51:46.909] [15715] [HailoRT] [info] [queue_elements.cpp:800] [create] Created (UserBuffQEl0yolo26n/conv94 | timeout: 10s)
[2026-09-07 17:51:46.909] [15715] [HailoRT] [info] [vstream.cpp:1114] [OutputVStreamImpl] Creating yolo26n/conv94...
[2026-09-07 17:51:46.909] [15715] [HailoRT] [info] [vstream_builder.cpp:220] [create_outputs] Output pipeline 'yolo26n/conv94': HW >> (HwReadEl0yolo26n/conv94 | hw_frame_size: 11520) >> (PullQEl_hw_read0yolo26n/conv94) >> (PostInferEl0yolo26n/conv94 | Quantization - src_type: UINT16, dst_type FLOAT32, limvals_min: -64.0772, limvals_max: 0 | Reorder - src_order: FCR, src_shape: (20, 36, 8), dst_order: FCR, dst_shape: (20, 36, 1)) >> (UserBuffQEl0yolo26n/conv94 | timeout: 10s)
[2026-09-07 17:51:46.910] [15715] [HailoRT] [info] [core_op.cpp:156] [activate] Activating yolo26n took 0.477629 milliseconds. Note that the function is asynchronous and thus the network is not fully activated yet.
[2026-09-07 17:51:46.910] [15715] [HailoRT] [info] [core_op.cpp:156] [activate] Activating yolo26n took 0.487647 milliseconds. Note that the function is asynchronous and thus the network is not fully activated yet.
[2026-09-07 17:52:08.670] [15721] [HailoRT] [info] [vdevice_native_stream.cpp:331] [read_impl] Failed read from stream HAILO_STREAM_NOT_ACTIVATED(72) (device: 0001:01:00.0)
[2026-09-07 17:52:08.670] [15723] [HailoRT] [info] [vdevice_native_stream.cpp:331] [read_impl] Failed read from stream HAILO_STREAM_NOT_ACTIVATED(72) (device: 0001:01:00.0)
[2026-09-07 17:52:08.670] [15725] [HailoRT] [info] [vdevice_native_stream.cpp:331] [read_impl] Failed read from stream HAILO_STREAM_NOT_ACTIVATED(72) (device: 0001:01:00.0)
[2026-09-07 17:52:08.670] [15733] [HailoRT] [info] [vdevice_native_stream.cpp:331] [read_impl] Failed read from stream HAILO_STREAM_NOT_ACTIVATED(72) (device: 0001:01:00.0)
[2026-09-07 17:52:08.670] [15731] [HailoRT] [info] [vdevice_native_stream.cpp:331] [read_impl] Failed read from stream HAILO_STREAM_NOT_ACTIVATED(72) (device: 0001:01:00.0)
[2026-09-07 17:52:08.670] [15728] [HailoRT] [info] [vdevice_native_stream.cpp:331] [read_impl] Failed read from stream HAILO_STREAM_NOT_ACTIVATED(72) (device: 0001:01:00.0)
[2026-09-07 17:52:08.671] [15715] [HailoRT] [info] [core_op.cpp:186] [deactivate] Deactivating took 0.494315 ms
[2026-09-07 17:52:08.671] [15715] [HailoRT] [info] [core_op.cpp:186] [deactivate] Deactivating took 0.511166 ms
[2026-09-07 17:52:08.671] [15721] [HailoRT] [info] [queue_elements.cpp:734] [run_in_thread] Shutdown event was signaled in run_pull of queue element PullQEl_hw_read3yolo26n/conv61!
[2026-09-07 17:52:08.671] [15722] [HailoRT] [info] [queue_elements.cpp:855] [run_in_thread] Shutdown event was signaled in dequeue of UserBuffQEl3yolo26n/conv61!
[2026-09-07 17:52:08.671] [15721] [HailoRT] [info] [queue_elements.cpp:68] [operator()] Thread in element PullQEl_hw_read3yolo26n/conv61 is not running anymore, exiting..
[2026-09-07 17:52:08.671] [15715] [HailoRT] [info] [queue_elements.cpp:46] [~BaseQueueElement] Queue element PullQEl_hw_read3yolo26n/conv61 has 0 frames in his Queue on destruction
[2026-09-07 17:52:08.671] [15722] [HailoRT] [info] [queue_elements.cpp:68] [operator()] Thread in element UserBuffQEl3yolo26n/conv61 is not running anymore, exiting..
[2026-09-07 17:52:08.671] [15715] [HailoRT] [info] [queue_elements.cpp:46] [~BaseQueueElement] Queue element UserBuffQEl3yolo26n/conv61 has 0 frames in his Queue on destruction
[2026-09-07 17:52:08.671] [15723] [HailoRT] [info] [queue_elements.cpp:734] [run_in_thread] Shutdown event was signaled in run_pull of queue element PullQEl_hw_read2yolo26n/conv64!
[2026-09-07 17:52:08.671] [15724] [HailoRT] [info] [queue_elements.cpp:855] [run_in_thread] Shutdown event was signaled in dequeue of UserBuffQEl2yolo26n/conv64!
[2026-09-07 17:52:08.671] [15723] [HailoRT] [info] [queue_elements.cpp:68] [operator()] Thread in element PullQEl_hw_read2yolo26n/conv64 is not running anymore, exiting..
[2026-09-07 17:52:08.671] [15715] [HailoRT] [info] [queue_elements.cpp:46] [~BaseQueueElement] Queue element PullQEl_hw_read2yolo26n/conv64 has 0 frames in his Queue on destruction
[2026-09-07 17:52:08.671] [15724] [HailoRT] [info] [queue_elements.cpp:68] [operator()] Thread in element UserBuffQEl2yolo26n/conv64 is not running anymore, exiting..
[2026-09-07 17:52:08.671] [15715] [HailoRT] [info] [queue_elements.cpp:46] [~BaseQueueElement] Queue element UserBuffQEl2yolo26n/conv64 has 0 frames in his Queue on destruction
[2026-09-07 17:52:08.671] [15725] [HailoRT] [info] [queue_elements.cpp:734] [run_in_thread] Shutdown event was signaled in run_pull of queue element PullQEl_hw_read2yolo26n/conv77!
[2026-09-07 17:52:08.671] [15726] [HailoRT] [info] [queue_elements.cpp:855] [run_in_thread] Shutdown event was signaled in dequeue of UserBuffQEl2yolo26n/conv77!
[2026-09-07 17:52:08.671] [15725] [HailoRT] [info] [queue_elements.cpp:68] [operator()] Thread in element PullQEl_hw_read2yolo26n/conv77 is not running anymore, exiting..
[2026-09-07 17:52:08.671] [15715] [HailoRT] [info] [queue_elements.cpp:46] [~BaseQueueElement] Queue element PullQEl_hw_read2yolo26n/conv77 has 0 frames in his Queue on destruction
[2026-09-07 17:52:08.671] [15726] [HailoRT] [info] [queue_elements.cpp:68] [operator()] Thread in element UserBuffQEl2yolo26n/conv77 is not running anymore, exiting..
[2026-09-07 17:52:08.671] [15715] [HailoRT] [info] [queue_elements.cpp:46] [~BaseQueueElement] Queue element UserBuffQEl2yolo26n/conv77 has 0 frames in his Queue on destruction
[2026-09-07 17:52:08.671] [15728] [HailoRT] [info] [queue_elements.cpp:734] [run_in_thread] Shutdown event was signaled in run_pull of queue element PullQEl_hw_read0yolo26n/conv80!
[2026-09-07 17:52:08.671] [15729] [HailoRT] [info] [queue_elements.cpp:855] [run_in_thread] Shutdown event was signaled in dequeue of UserBuffQEl0yolo26n/conv80!
[2026-09-07 17:52:08.671] [15728] [HailoRT] [info] [queue_elements.cpp:68] [operator()] Thread in element PullQEl_hw_read0yolo26n/conv80 is not running anymore, exiting..
[2026-09-07 17:52:08.671] [15715] [HailoRT] [info] [queue_elements.cpp:46] [~BaseQueueElement] Queue element PullQEl_hw_read0yolo26n/conv80 has 0 frames in his Queue on destruction
[2026-09-07 17:52:08.671] [15729] [HailoRT] [info] [queue_elements.cpp:68] [operator()] Thread in element UserBuffQEl0yolo26n/conv80 is not running anymore, exiting..
[2026-09-07 17:52:08.671] [15715] [HailoRT] [info] [queue_elements.cpp:46] [~BaseQueueElement] Queue element UserBuffQEl0yolo26n/conv80 has 0 frames in his Queue on destruction
[2026-09-07 17:52:08.671] [15732] [HailoRT] [info] [queue_elements.cpp:855] [run_in_thread] Shutdown event was signaled in dequeue of UserBuffQEl3yolo26n/conv91!
[2026-09-07 17:52:08.671] [15731] [HailoRT] [info] [queue_elements.cpp:734] [run_in_thread] Shutdown event was signaled in run_pull of queue element PullQEl_hw_read3yolo26n/conv91!
[2026-09-07 17:52:08.671] [15731] [HailoRT] [info] [queue_elements.cpp:68] [operator()] Thread in element PullQEl_hw_read3yolo26n/conv91 is not running anymore, exiting..
[2026-09-07 17:52:08.672] [15715] [HailoRT] [info] [queue_elements.cpp:46] [~BaseQueueElement] Queue element PullQEl_hw_read3yolo26n/conv91 has 0 frames in his Queue on destruction
[2026-09-07 17:52:08.672] [15732] [HailoRT] [info] [queue_elements.cpp:68] [operator()] Thread in element UserBuffQEl3yolo26n/conv91 is not running anymore, exiting..
[2026-09-07 17:52:08.672] [15715] [HailoRT] [info] [queue_elements.cpp:46] [~BaseQueueElement] Queue element UserBuffQEl3yolo26n/conv91 has 0 frames in his Queue on destruction
[2026-09-07 17:52:08.672] [15734] [HailoRT] [info] [queue_elements.cpp:855] [run_in_thread] Shutdown event was signaled in dequeue of UserBuffQEl0yolo26n/conv94!
[2026-09-07 17:52:08.672] [15733] [HailoRT] [info] [queue_elements.cpp:734] [run_in_thread] Shutdown event was signaled in run_pull of queue element PullQEl_hw_read0yolo26n/conv94!
[2026-09-07 17:52:08.672] [15733] [HailoRT] [info] [queue_elements.cpp:68] [operator()] Thread in element PullQEl_hw_read0yolo26n/conv94 is not running anymore, exiting..
[2026-09-07 17:52:08.672] [15715] [HailoRT] [info] [queue_elements.cpp:46] [~BaseQueueElement] Queue element PullQEl_hw_read0yolo26n/conv94 has 0 frames in his Queue on destruction
[2026-09-07 17:52:08.672] [15734] [HailoRT] [info] [queue_elements.cpp:68] [operator()] Thread in element UserBuffQEl0yolo26n/conv94 is not running anymore, exiting..
[2026-09-07 17:52:08.672] [15715] [HailoRT] [info] [queue_elements.cpp:46] [~BaseQueueElement] Queue element UserBuffQEl0yolo26n/conv94 has 0 frames in his Queue on destruction
[2026-09-07 19:28:26.010] [29714] [HailoRT] [info] [vdevice.cpp:535] [create] Creating vdevice with params: device_count: 1, scheduling_algorithm: NONE, multi_process_service: false
[2026-09-07 19:28:26.022] [29714] [HailoRT] [info] [device.cpp:51] [Device] OS Version: Linux 6.18.39+rpt-rpi-2712 #1 SMP PREEMPT Debian 1:6.18.39-1+rpt1 (2026-07-29) aarch64
[2026-09-07 19:28:26.022] [29714] [HailoRT] [info] [control.cpp:113] [control__parse_identify_results] firmware_version is: 4.23.0
[2026-09-07 19:28:26.022] [29714] [HailoRT] [info] [vdevice.cpp:682] [create] VDevice Infos: 0001:01:00.0
[2026-09-07 19:28:26.030] [29714] [HailoRT] [info] [internal_buffer_manager.cpp:77] [print_execution_results] Planned internal buffer memory: CMA=0 CMA-Desc=917504 Pinned=2956800. memory to edge layer usage factor is 0.9621793
[2026-09-07 19:28:26.030] [29714] [HailoRT] [info] [internal_buffer_manager.cpp:86] [print_execution_results] Default Internal buffer planner executed successfully
[2026-09-07 19:28:26.060] [29714] [HailoRT] [info] [device_internal.cpp:57] [configure] Configuring HEF took 37.552464 milliseconds
[2026-09-07 19:28:26.060] [29714] [HailoRT] [info] [vdevice.cpp:780] [configure] Configuring HEF on VDevice took 37.878537 milliseconds
[2026-09-07 19:28:26.061] [29714] [HailoRT] [info] [hef.cpp:1994] [get_network_group_and_network_name] No name was given. Addressing all networks of default network_group: yolo26n
[2026-09-07 19:28:26.061] [29714] [HailoRT] [info] [hef.cpp:1994] [get_network_group_and_network_name] No name was given. Addressing all networks of default network_group: yolo26n
[2026-09-07 19:28:26.061] [29714] [HailoRT] [info] [edge_elements.cpp:52] [create] Created (HwWriteEl2yolo26n/input_layer1 | hw_frame_size: 2211840)
[2026-09-07 19:28:26.061] [29714] [HailoRT] [info] [vstream.cpp:754] [InputVStreamImpl] Creating yolo26n/input_layer1...
[2026-09-07 19:28:26.061] [29714] [HailoRT] [info] [vstream_builder.cpp:102] [create_inputs] Input pipeline 'yolo26n/input_layer1': (HwWriteEl2yolo26n/input_layer1 | hw_frame_size: 2211840) >> HW
[2026-09-07 19:28:26.061] [29714] [HailoRT] [info] [edge_elements.cpp:287] [create] Created (HwReadEl3yolo26n/conv61 | hw_frame_size: 92160)
[2026-09-07 19:28:26.061] [29714] [HailoRT] [info] [queue_elements.cpp:657] [create] Created (PullQEl_hw_read3yolo26n/conv61)
[2026-09-07 19:28:26.061] [29714] [HailoRT] [info] [filter_elements.cpp:372] [create] Created (PostInferEl3yolo26n/conv61 | Quantization - src_type: UINT16, dst_type FLOAT32, limvals_min: -0.881752, limvals_max: 6.27869)
[2026-09-07 19:28:26.061] [29714] [HailoRT] [info] [queue_elements.cpp:800] [create] Created (UserBuffQEl3yolo26n/conv61 | timeout: 10s)
[2026-09-07 19:28:26.061] [29714] [HailoRT] [info] [vstream.cpp:1114] [OutputVStreamImpl] Creating yolo26n/conv61...
[2026-09-07 19:28:26.061] [29714] [HailoRT] [info] [vstream_builder.cpp:220] [create_outputs] Output pipeline 'yolo26n/conv61': HW >> (HwReadEl3yolo26n/conv61 | hw_frame_size: 92160) >> (PullQEl_hw_read3yolo26n/conv61) >> (PostInferEl3yolo26n/conv61 | Quantization - src_type: UINT16, dst_type FLOAT32, limvals_min: -0.881752, limvals_max: 6.27869) >> (UserBuffQEl3yolo26n/conv61 | timeout: 10s)
[2026-09-07 19:28:26.061] [29714] [HailoRT] [info] [edge_elements.cpp:287] [create] Created (HwReadEl2yolo26n/conv64 | hw_frame_size: 23040)
[2026-09-07 19:28:26.061] [29714] [HailoRT] [info] [queue_elements.cpp:657] [create] Created (PullQEl_hw_read2yolo26n/conv64)
[2026-09-07 19:28:26.061] [29714] [HailoRT] [info] [filter_elements.cpp:372] [create] Created (PostInferEl2yolo26n/conv64 | Quantization - src_type: UINT16, dst_type FLOAT32, limvals_min: -164.817, limvals_max: 3.19963)
[2026-09-07 19:28:26.061] [29714] [HailoRT] [info] [queue_elements.cpp:800] [create] Created (UserBuffQEl2yolo26n/conv64 | timeout: 10s)
[2026-09-07 19:28:26.061] [29714] [HailoRT] [info] [vstream.cpp:1114] [OutputVStreamImpl] Creating yolo26n/conv64...
[2026-09-07 19:28:26.061] [29714] [HailoRT] [info] [vstream_builder.cpp:220] [create_outputs] Output pipeline 'yolo26n/conv64': HW >> (HwReadEl2yolo26n/conv64 | hw_frame_size: 23040) >> (PullQEl_hw_read2yolo26n/conv64) >> (PostInferEl2yolo26n/conv64 | Quantization - src_type: UINT16, dst_type FLOAT32, limvals_min: -164.817, limvals_max: 3.19963) >> (UserBuffQEl2yolo26n/conv64 | timeout: 10s)
[2026-09-07 19:28:26.061] [29714] [HailoRT] [info] [edge_elements.cpp:287] [create] Created (HwReadEl2yolo26n/conv77 | hw_frame_size: 23040)
[2026-09-07 19:28:26.061] [29714] [HailoRT] [info] [queue_elements.cpp:657] [create] Created (PullQEl_hw_read2yolo26n/conv77)
[2026-09-07 19:28:26.061] [29714] [HailoRT] [info] [filter_elements.cpp:372] [create] Created (PostInferEl2yolo26n/conv77 | Quantization - src_type: UINT16, dst_type FLOAT32, limvals_min: -0.67052, limvals_max: 17.2357)
[2026-09-07 19:28:26.061] [29714] [HailoRT] [info] [queue_elements.cpp:800] [create] Created (UserBuffQEl2yolo26n/conv77 | timeout: 10s)
[2026-09-07 19:28:26.061] [29714] [HailoRT] [info] [vstream.cpp:1114] [OutputVStreamImpl] Creating yolo26n/conv77...
[2026-09-07 19:28:26.061] [29714] [HailoRT] [info] [vstream_builder.cpp:220] [create_outputs] Output pipeline 'yolo26n/conv77': HW >> (HwReadEl2yolo26n/conv77 | hw_frame_size: 23040) >> (PullQEl_hw_read2yolo26n/conv77) >> (PostInferEl2yolo26n/conv77 | Quantization - src_type: UINT16, dst_type FLOAT32, limvals_min: -0.67052, limvals_max: 17.2357) >> (UserBuffQEl2yolo26n/conv77 | timeout: 10s)
[2026-09-07 19:28:26.061] [29714] [HailoRT] [info] [edge_elements.cpp:287] [create] Created (HwReadEl0yolo26n/conv80 | hw_frame_size: 5760)
[2026-09-07 19:28:26.062] [29714] [HailoRT] [info] [queue_elements.cpp:657] [create] Created (PullQEl_hw_read0yolo26n/conv80)
[2026-09-07 19:28:26.062] [29714] [HailoRT] [info] [filter_elements.cpp:372] [create] Created (PostInferEl0yolo26n/conv80 | Quantization - src_type: UINT16, dst_type FLOAT32, limvals_min: -67.4827, limvals_max: 0)
[2026-09-07 19:28:26.062] [29714] [HailoRT] [info] [queue_elements.cpp:800] [create] Created (UserBuffQEl0yolo26n/conv80 | timeout: 10s)
[2026-09-07 19:28:26.062] [29714] [HailoRT] [info] [vstream.cpp:1114] [OutputVStreamImpl] Creating yolo26n/conv80...
[2026-09-07 19:28:26.062] [29714] [HailoRT] [info] [vstream_builder.cpp:220] [create_outputs] Output pipeline 'yolo26n/conv80': HW >> (HwReadEl0yolo26n/conv80 | hw_frame_size: 5760) >> (PullQEl_hw_read0yolo26n/conv80) >> (PostInferEl0yolo26n/conv80 | Quantization - src_type: UINT16, dst_type FLOAT32, limvals_min: -67.4827, limvals_max: 0) >> (UserBuffQEl0yolo26n/conv80 | timeout: 10s)
[2026-09-07 19:28:26.062] [29714] [HailoRT] [info] [edge_elements.cpp:287] [create] Created (HwReadEl3yolo26n/conv91 | hw_frame_size: 11520)
[2026-09-07 19:28:26.062] [29714] [HailoRT] [info] [queue_elements.cpp:657] [create] Created (PullQEl_hw_read3yolo26n/conv91)
[2026-09-07 19:28:26.062] [29714] [HailoRT] [info] [filter_elements.cpp:372] [create] Created (PostInferEl3yolo26n/conv91 | Quantization - src_type: UINT16, dst_type FLOAT32, limvals_min: 0, limvals_max: 8.46146 | Reorder - src_order: FCR, src_shape: (20, 36, 8), dst_order: FCR, dst_shape: (20, 36, 4))
[2026-09-07 19:28:26.062] [29714] [HailoRT] [info] [queue_elements.cpp:800] [create] Created (UserBuffQEl3yolo26n/conv91 | timeout: 10s)
[2026-09-07 19:28:26.062] [29714] [HailoRT] [info] [vstream.cpp:1114] [OutputVStreamImpl] Creating yolo26n/conv91...
[2026-09-07 19:28:26.062] [29714] [HailoRT] [info] [vstream_builder.cpp:220] [create_outputs] Output pipeline 'yolo26n/conv91': HW >> (HwReadEl3yolo26n/conv91 | hw_frame_size: 11520) >> (PullQEl_hw_read3yolo26n/conv91) >> (PostInferEl3yolo26n/conv91 | Quantization - src_type: UINT16, dst_type FLOAT32, limvals_min: 0, limvals_max: 8.46146 | Reorder - src_order: FCR, src_shape: (20, 36, 8), dst_order: FCR, dst_shape: (20, 36, 4)) >> (UserBuffQEl3yolo26n/conv91 | timeout: 10s)
[2026-09-07 19:28:26.062] [29714] [HailoRT] [info] [edge_elements.cpp:287] [create] Created (HwReadEl0yolo26n/conv94 | hw_frame_size: 11520)
[2026-09-07 19:28:26.062] [29714] [HailoRT] [info] [queue_elements.cpp:657] [create] Created (PullQEl_hw_read0yolo26n/conv94)
[2026-09-07 19:28:26.062] [29714] [HailoRT] [info] [filter_elements.cpp:372] [create] Created (PostInferEl0yolo26n/conv94 | Quantization - src_type: UINT16, dst_type FLOAT32, limvals_min: -64.0772, limvals_max: 0 | Reorder - src_order: FCR, src_shape: (20, 36, 8), dst_order: FCR, dst_shape: (20, 36, 1))
[2026-09-07 19:28:26.062] [29714] [HailoRT] [info] [queue_elements.cpp:800] [create] Created (UserBuffQEl0yolo26n/conv94 | timeout: 10s)
[2026-09-07 19:28:26.062] [29714] [HailoRT] [info] [vstream.cpp:1114] [OutputVStreamImpl] Creating yolo26n/conv94...
[2026-09-07 19:28:26.062] [29714] [HailoRT] [info] [vstream_builder.cpp:220] [create_outputs] Output pipeline 'yolo26n/conv94': HW >> (HwReadEl0yolo26n/conv94 | hw_frame_size: 11520) >> (PullQEl_hw_read0yolo26n/conv94) >> (PostInferEl0yolo26n/conv94 | Quantization - src_type: UINT16, dst_type FLOAT32, limvals_min: -64.0772, limvals_max: 0 | Reorder - src_order: FCR, src_shape: (20, 36, 8), dst_order: FCR, dst_shape: (20, 36, 1)) >> (UserBuffQEl0yolo26n/conv94 | timeout: 10s)
[2026-09-07 19:28:26.063] [29714] [HailoRT] [info] [core_op.cpp:156] [activate] Activating yolo26n took 0.480371 milliseconds. Note that the function is asynchronous and thus the network is not fully activated yet.
[2026-09-07 19:28:26.063] [29714] [HailoRT] [info] [core_op.cpp:156] [activate] Activating yolo26n took 0.494296 milliseconds. Note that the function is asynchronous and thus the network is not fully activated yet.
[2026-09-07 19:28:26.158] [29757] [HailoRT] [info] [vdevice_native_stream.cpp:331] [read_impl] Failed read from stream HAILO_STREAM_NOT_ACTIVATED(72) (device: 0001:01:00.0)
[2026-09-07 19:28:26.158] [29753] [HailoRT] [info] [vdevice_native_stream.cpp:331] [read_impl] Failed read from stream HAILO_STREAM_NOT_ACTIVATED(72) (device: 0001:01:00.0)
[2026-09-07 19:28:26.158] [29755] [HailoRT] [info] [vdevice_native_stream.cpp:331] [read_impl] Failed read from stream HAILO_STREAM_NOT_ACTIVATED(72) (device: 0001:01:00.0)
[2026-09-07 19:28:26.158] [29760] [HailoRT] [info] [vdevice_native_stream.cpp:331] [read_impl] Failed read from stream HAILO_STREAM_NOT_ACTIVATED(72) (device: 0001:01:00.0)
[2026-09-07 19:28:26.158] [29762] [HailoRT] [info] [vdevice_native_stream.cpp:331] [read_impl] Failed read from stream HAILO_STREAM_NOT_ACTIVATED(72) (device: 0001:01:00.0)
[2026-09-07 19:28:26.158] [29764] [HailoRT] [info] [vdevice_native_stream.cpp:331] [read_impl] Failed read from stream HAILO_STREAM_NOT_ACTIVATED(72) (device: 0001:01:00.0)
[2026-09-07 19:28:26.158] [29714] [HailoRT] [info] [core_op.cpp:186] [deactivate] Deactivating took 0.536519 ms
[2026-09-07 19:28:26.158] [29714] [HailoRT] [info] [core_op.cpp:186] [deactivate] Deactivating took 0.553186 ms
[2026-09-07 19:28:26.158] [29754] [HailoRT] [info] [queue_elements.cpp:855] [run_in_thread] Shutdown event was signaled in dequeue of UserBuffQEl3yolo26n/conv61!
[2026-09-07 19:28:26.158] [29753] [HailoRT] [info] [queue_elements.cpp:734] [run_in_thread] Shutdown event was signaled in run_pull of queue element PullQEl_hw_read3yolo26n/conv61!
[2026-09-07 19:28:26.158] [29753] [HailoRT] [info] [queue_elements.cpp:68] [operator()] Thread in element PullQEl_hw_read3yolo26n/conv61 is not running anymore, exiting..
[2026-09-07 19:28:26.158] [29714] [HailoRT] [info] [queue_elements.cpp:46] [~BaseQueueElement] Queue element PullQEl_hw_read3yolo26n/conv61 has 0 frames in his Queue on destruction
[2026-09-07 19:28:26.158] [29754] [HailoRT] [info] [queue_elements.cpp:68] [operator()] Thread in element UserBuffQEl3yolo26n/conv61 is not running anymore, exiting..
[2026-09-07 19:28:26.158] [29714] [HailoRT] [info] [queue_elements.cpp:46] [~BaseQueueElement] Queue element UserBuffQEl3yolo26n/conv61 has 0 frames in his Queue on destruction
[2026-09-07 19:28:26.158] [29755] [HailoRT] [info] [queue_elements.cpp:734] [run_in_thread] Shutdown event was signaled in run_pull of queue element PullQEl_hw_read2yolo26n/conv64!
[2026-09-07 19:28:26.158] [29756] [HailoRT] [info] [queue_elements.cpp:855] [run_in_thread] Shutdown event was signaled in dequeue of UserBuffQEl2yolo26n/conv64!
[2026-09-07 19:28:26.159] [29755] [HailoRT] [info] [queue_elements.cpp:68] [operator()] Thread in element PullQEl_hw_read2yolo26n/conv64 is not running anymore, exiting..
[2026-09-07 19:28:26.159] [29714] [HailoRT] [info] [queue_elements.cpp:46] [~BaseQueueElement] Queue element PullQEl_hw_read2yolo26n/conv64 has 0 frames in his Queue on destruction
[2026-09-07 19:28:26.159] [29756] [HailoRT] [info] [queue_elements.cpp:68] [operator()] Thread in element UserBuffQEl2yolo26n/conv64 is not running anymore, exiting..
[2026-09-07 19:28:26.159] [29714] [HailoRT] [info] [queue_elements.cpp:46] [~BaseQueueElement] Queue element UserBuffQEl2yolo26n/conv64 has 0 frames in his Queue on destruction
[2026-09-07 19:28:26.159] [29757] [HailoRT] [info] [queue_elements.cpp:734] [run_in_thread] Shutdown event was signaled in run_pull of queue element PullQEl_hw_read2yolo26n/conv77!
[2026-09-07 19:28:26.159] [29758] [HailoRT] [info] [queue_elements.cpp:855] [run_in_thread] Shutdown event was signaled in dequeue of UserBuffQEl2yolo26n/conv77!
[2026-09-07 19:28:26.159] [29757] [HailoRT] [info] [queue_elements.cpp:68] [operator()] Thread in element PullQEl_hw_read2yolo26n/conv77 is not running anymore, exiting..
[2026-09-07 19:28:26.159] [29714] [HailoRT] [info] [queue_elements.cpp:46] [~BaseQueueElement] Queue element PullQEl_hw_read2yolo26n/conv77 has 0 frames in his Queue on destruction
[2026-09-07 19:28:26.159] [29758] [HailoRT] [info] [queue_elements.cpp:68] [operator()] Thread in element UserBuffQEl2yolo26n/conv77 is not running anymore, exiting..
[2026-09-07 19:28:26.159] [29714] [HailoRT] [info] [queue_elements.cpp:46] [~BaseQueueElement] Queue element UserBuffQEl2yolo26n/conv77 has 0 frames in his Queue on destruction
[2026-09-07 19:28:26.159] [29761] [HailoRT] [info] [queue_elements.cpp:855] [run_in_thread] Shutdown event was signaled in dequeue of UserBuffQEl0yolo26n/conv80!
[2026-09-07 19:28:26.159] [29760] [HailoRT] [info] [queue_elements.cpp:734] [run_in_thread] Shutdown event was signaled in run_pull of queue element PullQEl_hw_read0yolo26n/conv80!
[2026-09-07 19:28:26.159] [29760] [HailoRT] [info] [queue_elements.cpp:68] [operator()] Thread in element PullQEl_hw_read0yolo26n/conv80 is not running anymore, exiting..
[2026-09-07 19:28:26.159] [29714] [HailoRT] [info] [queue_elements.cpp:46] [~BaseQueueElement] Queue element PullQEl_hw_read0yolo26n/conv80 has 0 frames in his Queue on destruction
[2026-09-07 19:28:26.159] [29761] [HailoRT] [info] [queue_elements.cpp:68] [operator()] Thread in element UserBuffQEl0yolo26n/conv80 is not running anymore, exiting..
[2026-09-07 19:28:26.159] [29714] [HailoRT] [info] [queue_elements.cpp:46] [~BaseQueueElement] Queue element UserBuffQEl0yolo26n/conv80 has 0 frames in his Queue on destruction
[2026-09-07 19:28:26.159] [29762] [HailoRT] [info] [queue_elements.cpp:734] [run_in_thread] Shutdown event was signaled in run_pull of queue element PullQEl_hw_read3yolo26n/conv91!
[2026-09-07 19:28:26.159] [29763] [HailoRT] [info] [queue_elements.cpp:855] [run_in_thread] Shutdown event was signaled in dequeue of UserBuffQEl3yolo26n/conv91!
[2026-09-07 19:28:26.159] [29762] [HailoRT] [info] [queue_elements.cpp:68] [operator()] Thread in element PullQEl_hw_read3yolo26n/conv91 is not running anymore, exiting..
[2026-09-07 19:28:26.159] [29714] [HailoRT] [info] [queue_elements.cpp:46] [~BaseQueueElement] Queue element PullQEl_hw_read3yolo26n/conv91 has 0 frames in his Queue on destruction
[2026-09-07 19:28:26.159] [29763] [HailoRT] [info] [queue_elements.cpp:68] [operator()] Thread in element UserBuffQEl3yolo26n/conv91 is not running anymore, exiting..
[2026-09-07 19:28:26.159] [29714] [HailoRT] [info] [queue_elements.cpp:46] [~BaseQueueElement] Queue element UserBuffQEl3yolo26n/conv91 has 0 frames in his Queue on destruction
[2026-09-07 19:28:26.159] [29764] [HailoRT] [info] [queue_elements.cpp:734] [run_in_thread] Shutdown event was signaled in run_pull of queue element PullQEl_hw_read0yolo26n/conv94!
[2026-09-07 19:28:26.159] [29766] [HailoRT] [info] [queue_elements.cpp:855] [run_in_thread] Shutdown event was signaled in dequeue of UserBuffQEl0yolo26n/conv94!
[2026-09-07 19:28:26.160] [29764] [HailoRT] [info] [queue_elements.cpp:68] [operator()] Thread in element PullQEl_hw_read0yolo26n/conv94 is not running anymore, exiting..
[2026-09-07 19:28:26.160] [29714] [HailoRT] [info] [queue_elements.cpp:46] [~BaseQueueElement] Queue element PullQEl_hw_read0yolo26n/conv94 has 0 frames in his Queue on destruction
[2026-09-07 19:28:26.160] [29766] [HailoRT] [info] [queue_elements.cpp:68] [operator()] Thread in element UserBuffQEl0yolo26n/conv94 is not running anymore, exiting..
[2026-09-07 19:28:26.160] [29714] [HailoRT] [info] [queue_elements.cpp:46] [~BaseQueueElement] Queue element UserBuffQEl0yolo26n/conv94 has 0 frames in his Queue on destruction
[2026-09-07 19:35:38.727] [30418] [HailoRT] [info] [vdevice.cpp:535] [create] Creating vdevice with params: device_count: 1, scheduling_algorithm: NONE, multi_process_service: false
[2026-09-07 19:35:38.739] [30418] [HailoRT] [info] [device.cpp:51] [Device] OS Version: Linux 6.18.39+rpt-rpi-2712 #1 SMP PREEMPT Debian 1:6.18.39-1+rpt1 (2026-07-29) aarch64
[2026-09-07 19:35:38.739] [30418] [HailoRT] [info] [control.cpp:113] [control__parse_identify_results] firmware_version is: 4.23.0
[2026-09-07 19:35:38.739] [30418] [HailoRT] [info] [vdevice.cpp:682] [create] VDevice Infos: 0001:01:00.0
[2026-09-07 19:35:38.747] [30418] [HailoRT] [info] [internal_buffer_manager.cpp:77] [print_execution_results] Planned internal buffer memory: CMA=0 CMA-Desc=917504 Pinned=2956800. memory to edge layer usage factor is 0.9621793
[2026-09-07 19:35:38.747] [30418] [HailoRT] [info] [internal_buffer_manager.cpp:86] [print_execution_results] Default Internal buffer planner executed successfully
[2026-09-07 19:35:38.782] [30418] [HailoRT] [info] [device_internal.cpp:57] [configure] Configuring HEF took 42.246248 milliseconds
[2026-09-07 19:35:38.782] [30418] [HailoRT] [info] [vdevice.cpp:780] [configure] Configuring HEF on VDevice took 42.557433 milliseconds
[2026-09-07 19:35:38.782] [30418] [HailoRT] [info] [hef.cpp:1994] [get_network_group_and_network_name] No name was given. Addressing all networks of default network_group: yolo26n
[2026-09-07 19:35:38.782] [30418] [HailoRT] [info] [hef.cpp:1994] [get_network_group_and_network_name] No name was given. Addressing all networks of default network_group: yolo26n
[2026-09-07 19:35:38.782] [30418] [HailoRT] [info] [edge_elements.cpp:52] [create] Created (HwWriteEl2yolo26n/input_layer1 | hw_frame_size: 2211840)
[2026-09-07 19:35:38.782] [30418] [HailoRT] [info] [vstream.cpp:754] [InputVStreamImpl] Creating yolo26n/input_layer1...
[2026-09-07 19:35:38.782] [30418] [HailoRT] [info] [vstream_builder.cpp:102] [create_inputs] Input pipeline 'yolo26n/input_layer1': (HwWriteEl2yolo26n/input_layer1 | hw_frame_size: 2211840) >> HW
[2026-09-07 19:35:38.782] [30418] [HailoRT] [info] [edge_elements.cpp:287] [create] Created (HwReadEl3yolo26n/conv61 | hw_frame_size: 92160)
[2026-09-07 19:35:38.782] [30418] [HailoRT] [info] [queue_elements.cpp:657] [create] Created (PullQEl_hw_read3yolo26n/conv61)
[2026-09-07 19:35:38.782] [30418] [HailoRT] [info] [filter_elements.cpp:372] [create] Created (PostInferEl3yolo26n/conv61 | Quantization - src_type: UINT16, dst_type FLOAT32, limvals_min: -0.881752, limvals_max: 6.27869)
[2026-09-07 19:35:38.782] [30418] [HailoRT] [info] [queue_elements.cpp:800] [create] Created (UserBuffQEl3yolo26n/conv61 | timeout: 10s)
[2026-09-07 19:35:38.782] [30418] [HailoRT] [info] [vstream.cpp:1114] [OutputVStreamImpl] Creating yolo26n/conv61...
[2026-09-07 19:35:38.782] [30418] [HailoRT] [info] [vstream_builder.cpp:220] [create_outputs] Output pipeline 'yolo26n/conv61': HW >> (HwReadEl3yolo26n/conv61 | hw_frame_size: 92160) >> (PullQEl_hw_read3yolo26n/conv61) >> (PostInferEl3yolo26n/conv61 | Quantization - src_type: UINT16, dst_type FLOAT32, limvals_min: -0.881752, limvals_max: 6.27869) >> (UserBuffQEl3yolo26n/conv61 | timeout: 10s)
[2026-09-07 19:35:38.782] [30418] [HailoRT] [info] [edge_elements.cpp:287] [create] Created (HwReadEl2yolo26n/conv64 | hw_frame_size: 23040)
[2026-09-07 19:35:38.782] [30418] [HailoRT] [info] [queue_elements.cpp:657] [create] Created (PullQEl_hw_read2yolo26n/conv64)
[2026-09-07 19:35:38.782] [30418] [HailoRT] [info] [filter_elements.cpp:372] [create] Created (PostInferEl2yolo26n/conv64 | Quantization - src_type: UINT16, dst_type FLOAT32, limvals_min: -164.817, limvals_max: 3.19963)
[2026-09-07 19:35:38.783] [30418] [HailoRT] [info] [queue_elements.cpp:800] [create] Created (UserBuffQEl2yolo26n/conv64 | timeout: 10s)
[2026-09-07 19:35:38.783] [30418] [HailoRT] [info] [vstream.cpp:1114] [OutputVStreamImpl] Creating yolo26n/conv64...
[2026-09-07 19:35:38.783] [30418] [HailoRT] [info] [vstream_builder.cpp:220] [create_outputs] Output pipeline 'yolo26n/conv64': HW >> (HwReadEl2yolo26n/conv64 | hw_frame_size: 23040) >> (PullQEl_hw_read2yolo26n/conv64) >> (PostInferEl2yolo26n/conv64 | Quantization - src_type: UINT16, dst_type FLOAT32, limvals_min: -164.817, limvals_max: 3.19963) >> (UserBuffQEl2yolo26n/conv64 | timeout: 10s)
[2026-09-07 19:35:38.783] [30418] [HailoRT] [info] [edge_elements.cpp:287] [create] Created (HwReadEl2yolo26n/conv77 | hw_frame_size: 23040)
[2026-09-07 19:35:38.783] [30418] [HailoRT] [info] [queue_elements.cpp:657] [create] Created (PullQEl_hw_read2yolo26n/conv77)
[2026-09-07 19:35:38.783] [30418] [HailoRT] [info] [filter_elements.cpp:372] [create] Created (PostInferEl2yolo26n/conv77 | Quantization - src_type: UINT16, dst_type FLOAT32, limvals_min: -0.67052, limvals_max: 17.2357)
[2026-09-07 19:35:38.783] [30418] [HailoRT] [info] [queue_elements.cpp:800] [create] Created (UserBuffQEl2yolo26n/conv77 | timeout: 10s)
[2026-09-07 19:35:38.783] [30418] [HailoRT] [info] [vstream.cpp:1114] [OutputVStreamImpl] Creating yolo26n/conv77...
[2026-09-07 19:35:38.783] [30418] [HailoRT] [info] [vstream_builder.cpp:220] [create_outputs] Output pipeline 'yolo26n/conv77': HW >> (HwReadEl2yolo26n/conv77 | hw_frame_size: 23040) >> (PullQEl_hw_read2yolo26n/conv77) >> (PostInferEl2yolo26n/conv77 | Quantization - src_type: UINT16, dst_type FLOAT32, limvals_min: -0.67052, limvals_max: 17.2357) >> (UserBuffQEl2yolo26n/conv77 | timeout: 10s)
[2026-09-07 19:35:38.783] [30418] [HailoRT] [info] [edge_elements.cpp:287] [create] Created (HwReadEl0yolo26n/conv80 | hw_frame_size: 5760)
[2026-09-07 19:35:38.783] [30418] [HailoRT] [info] [queue_elements.cpp:657] [create] Created (PullQEl_hw_read0yolo26n/conv80)
[2026-09-07 19:35:38.783] [30418] [HailoRT] [info] [filter_elements.cpp:372] [create] Created (PostInferEl0yolo26n/conv80 | Quantization - src_type: UINT16, dst_type FLOAT32, limvals_min: -67.4827, limvals_max: 0)
[2026-09-07 19:35:38.783] [30418] [HailoRT] [info] [queue_elements.cpp:800] [create] Created (UserBuffQEl0yolo26n/conv80 | timeout: 10s)
[2026-09-07 19:35:38.783] [30418] [HailoRT] [info] [vstream.cpp:1114] [OutputVStreamImpl] Creating yolo26n/conv80...
[2026-09-07 19:35:38.783] [30418] [HailoRT] [info] [vstream_builder.cpp:220] [create_outputs] Output pipeline 'yolo26n/conv80': HW >> (HwReadEl0yolo26n/conv80 | hw_frame_size: 5760) >> (PullQEl_hw_read0yolo26n/conv80) >> (PostInferEl0yolo26n/conv80 | Quantization - src_type: UINT16, dst_type FLOAT32, limvals_min: -67.4827, limvals_max: 0) >> (UserBuffQEl0yolo26n/conv80 | timeout: 10s)
[2026-09-07 19:35:38.783] [30418] [HailoRT] [info] [edge_elements.cpp:287] [create] Created (HwReadEl3yolo26n/conv91 | hw_frame_size: 11520)
[2026-09-07 19:35:38.783] [30418] [HailoRT] [info] [queue_elements.cpp:657] [create] Created (PullQEl_hw_read3yolo26n/conv91)
[2026-09-07 19:35:38.783] [30418] [HailoRT] [info] [filter_elements.cpp:372] [create] Created (PostInferEl3yolo26n/conv91 | Quantization - src_type: UINT16, dst_type FLOAT32, limvals_min: 0, limvals_max: 8.46146 | Reorder - src_order: FCR, src_shape: (20, 36, 8), dst_order: FCR, dst_shape: (20, 36, 4))
[2026-09-07 19:35:38.783] [30418] [HailoRT] [info] [queue_elements.cpp:800] [create] Created (UserBuffQEl3yolo26n/conv91 | timeout: 10s)
[2026-09-07 19:35:38.783] [30418] [HailoRT] [info] [vstream.cpp:1114] [OutputVStreamImpl] Creating yolo26n/conv91...
[2026-09-07 19:35:38.783] [30418] [HailoRT] [info] [vstream_builder.cpp:220] [create_outputs] Output pipeline 'yolo26n/conv91': HW >> (HwReadEl3yolo26n/conv91 | hw_frame_size: 11520) >> (PullQEl_hw_read3yolo26n/conv91) >> (PostInferEl3yolo26n/conv91 | Quantization - src_type: UINT16, dst_type FLOAT32, limvals_min: 0, limvals_max: 8.46146 | Reorder - src_order: FCR, src_shape: (20, 36, 8), dst_order: FCR, dst_shape: (20, 36, 4)) >> (UserBuffQEl3yolo26n/conv91 | timeout: 10s)
[2026-09-07 19:35:38.783] [30418] [HailoRT] [info] [edge_elements.cpp:287] [create] Created (HwReadEl0yolo26n/conv94 | hw_frame_size: 11520)
[2026-09-07 19:35:38.783] [30418] [HailoRT] [info] [queue_elements.cpp:657] [create] Created (PullQEl_hw_read0yolo26n/conv94)
[2026-09-07 19:35:38.783] [30418] [HailoRT] [info] [filter_elements.cpp:372] [create] Created (PostInferEl0yolo26n/conv94 | Quantization - src_type: UINT16, dst_type FLOAT32, limvals_min: -64.0772, limvals_max: 0 | Reorder - src_order: FCR, src_shape: (20, 36, 8), dst_order: FCR, dst_shape: (20, 36, 1))
[2026-09-07 19:35:38.783] [30418] [HailoRT] [info] [queue_elements.cpp:800] [create] Created (UserBuffQEl0yolo26n/conv94 | timeout: 10s)
[2026-09-07 19:35:38.783] [30418] [HailoRT] [info] [vstream.cpp:1114] [OutputVStreamImpl] Creating yolo26n/conv94...
[2026-09-07 19:35:38.783] [30418] [HailoRT] [info] [vstream_builder.cpp:220] [create_outputs] Output pipeline 'yolo26n/conv94': HW >> (HwReadEl0yolo26n/conv94 | hw_frame_size: 11520) >> (PullQEl_hw_read0yolo26n/conv94) >> (PostInferEl0yolo26n/conv94 | Quantization - src_type: UINT16, dst_type FLOAT32, limvals_min: -64.0772, limvals_max: 0 | Reorder - src_order: FCR, src_shape: (20, 36, 8), dst_order: FCR, dst_shape: (20, 36, 1)) >> (UserBuffQEl0yolo26n/conv94 | timeout: 10s)
[2026-09-07 19:35:38.784] [30418] [HailoRT] [info] [core_op.cpp:156] [activate] Activating yolo26n took 0.504148 milliseconds. Note that the function is asynchronous and thus the network is not fully activated yet.
[2026-09-07 19:35:38.784] [30418] [HailoRT] [info] [core_op.cpp:156] [activate] Activating yolo26n took 0.517149 milliseconds. Note that the function is asynchronous and thus the network is not fully activated yet.
[2026-09-07 19:35:53.551] [30428] [HailoRT] [info] [vdevice_native_stream.cpp:331] [read_impl] Failed read from stream HAILO_STREAM_NOT_ACTIVATED(72) (device: 0001:01:00.0)
[2026-09-07 19:35:53.551] [30424] [HailoRT] [info] [vdevice_native_stream.cpp:331] [read_impl] Failed read from stream HAILO_STREAM_NOT_ACTIVATED(72) (device: 0001:01:00.0)
[2026-09-07 19:35:53.551] [30426] [HailoRT] [info] [vdevice_native_stream.cpp:331] [read_impl] Failed read from stream HAILO_STREAM_NOT_ACTIVATED(72) (device: 0001:01:00.0)
[2026-09-07 19:35:53.551] [30430] [HailoRT] [info] [vdevice_native_stream.cpp:331] [read_impl] Failed read from stream HAILO_STREAM_NOT_ACTIVATED(72) (device: 0001:01:00.0)
[2026-09-07 19:35:53.551] [30432] [HailoRT] [info] [vdevice_native_stream.cpp:331] [read_impl] Failed read from stream HAILO_STREAM_NOT_ACTIVATED(72) (device: 0001:01:00.0)
[2026-09-07 19:35:53.551] [30434] [HailoRT] [info] [vdevice_native_stream.cpp:331] [read_impl] Failed read from stream HAILO_STREAM_NOT_ACTIVATED(72) (device: 0001:01:00.0)
[2026-09-07 19:35:53.551] [30418] [HailoRT] [info] [core_op.cpp:186] [deactivate] Deactivating took 0.490648 ms
[2026-09-07 19:35:53.551] [30418] [HailoRT] [info] [core_op.cpp:186] [deactivate] Deactivating took 0.507445 ms
[2026-09-07 19:35:53.552] [30424] [HailoRT] [info] [queue_elements.cpp:734] [run_in_thread] Shutdown event was signaled in run_pull of queue element PullQEl_hw_read3yolo26n/conv61!
[2026-09-07 19:35:53.552] [30425] [HailoRT] [info] [queue_elements.cpp:855] [run_in_thread] Shutdown event was signaled in dequeue of UserBuffQEl3yolo26n/conv61!
[2026-09-07 19:35:53.552] [30424] [HailoRT] [info] [queue_elements.cpp:68] [operator()] Thread in element PullQEl_hw_read3yolo26n/conv61 is not running anymore, exiting..
[2026-09-07 19:35:53.552] [30418] [HailoRT] [info] [queue_elements.cpp:46] [~BaseQueueElement] Queue element PullQEl_hw_read3yolo26n/conv61 has 0 frames in his Queue on destruction
[2026-09-07 19:35:53.552] [30425] [HailoRT] [info] [queue_elements.cpp:68] [operator()] Thread in element UserBuffQEl3yolo26n/conv61 is not running anymore, exiting..
[2026-09-07 19:35:53.552] [30418] [HailoRT] [info] [queue_elements.cpp:46] [~BaseQueueElement] Queue element UserBuffQEl3yolo26n/conv61 has 0 frames in his Queue on destruction
[2026-09-07 19:35:53.552] [30427] [HailoRT] [info] [queue_elements.cpp:855] [run_in_thread] Shutdown event was signaled in dequeue of UserBuffQEl2yolo26n/conv64!
[2026-09-07 19:35:53.552] [30426] [HailoRT] [info] [queue_elements.cpp:734] [run_in_thread] Shutdown event was signaled in run_pull of queue element PullQEl_hw_read2yolo26n/conv64!
[2026-09-07 19:35:53.552] [30426] [HailoRT] [info] [queue_elements.cpp:68] [operator()] Thread in element PullQEl_hw_read2yolo26n/conv64 is not running anymore, exiting..
[2026-09-07 19:35:53.552] [30418] [HailoRT] [info] [queue_elements.cpp:46] [~BaseQueueElement] Queue element PullQEl_hw_read2yolo26n/conv64 has 0 frames in his Queue on destruction
[2026-09-07 19:35:53.552] [30427] [HailoRT] [info] [queue_elements.cpp:68] [operator()] Thread in element UserBuffQEl2yolo26n/conv64 is not running anymore, exiting..
[2026-09-07 19:35:53.552] [30418] [HailoRT] [info] [queue_elements.cpp:46] [~BaseQueueElement] Queue element UserBuffQEl2yolo26n/conv64 has 0 frames in his Queue on destruction
[2026-09-07 19:35:53.552] [30428] [HailoRT] [info] [queue_elements.cpp:734] [run_in_thread] Shutdown event was signaled in run_pull of queue element PullQEl_hw_read2yolo26n/conv77!
[2026-09-07 19:35:53.552] [30429] [HailoRT] [info] [queue_elements.cpp:855] [run_in_thread] Shutdown event was signaled in dequeue of UserBuffQEl2yolo26n/conv77!
[2026-09-07 19:35:53.552] [30428] [HailoRT] [info] [queue_elements.cpp:68] [operator()] Thread in element PullQEl_hw_read2yolo26n/conv77 is not running anymore, exiting..
[2026-09-07 19:35:53.552] [30418] [HailoRT] [info] [queue_elements.cpp:46] [~BaseQueueElement] Queue element PullQEl_hw_read2yolo26n/conv77 has 0 frames in his Queue on destruction
[2026-09-07 19:35:53.552] [30429] [HailoRT] [info] [queue_elements.cpp:68] [operator()] Thread in element UserBuffQEl2yolo26n/conv77 is not running anymore, exiting..
[2026-09-07 19:35:53.552] [30418] [HailoRT] [info] [queue_elements.cpp:46] [~BaseQueueElement] Queue element UserBuffQEl2yolo26n/conv77 has 0 frames in his Queue on destruction
[2026-09-07 19:35:53.552] [30430] [HailoRT] [info] [queue_elements.cpp:734] [run_in_thread] Shutdown event was signaled in run_pull of queue element PullQEl_hw_read0yolo26n/conv80!
[2026-09-07 19:35:53.552] [30431] [HailoRT] [info] [queue_elements.cpp:855] [run_in_thread] Shutdown event was signaled in dequeue of UserBuffQEl0yolo26n/conv80!
[2026-09-07 19:35:53.552] [30430] [HailoRT] [info] [queue_elements.cpp:68] [operator()] Thread in element PullQEl_hw_read0yolo26n/conv80 is not running anymore, exiting..
[2026-09-07 19:35:53.552] [30418] [HailoRT] [info] [queue_elements.cpp:46] [~BaseQueueElement] Queue element PullQEl_hw_read0yolo26n/conv80 has 0 frames in his Queue on destruction
[2026-09-07 19:35:53.552] [30431] [HailoRT] [info] [queue_elements.cpp:68] [operator()] Thread in element UserBuffQEl0yolo26n/conv80 is not running anymore, exiting..
[2026-09-07 19:35:53.552] [30418] [HailoRT] [info] [queue_elements.cpp:46] [~BaseQueueElement] Queue element UserBuffQEl0yolo26n/conv80 has 0 frames in his Queue on destruction
[2026-09-07 19:35:53.552] [30433] [HailoRT] [info] [queue_elements.cpp:855] [run_in_thread] Shutdown event was signaled in dequeue of UserBuffQEl3yolo26n/conv91!
[2026-09-07 19:35:53.552] [30432] [HailoRT] [info] [queue_elements.cpp:734] [run_in_thread] Shutdown event was signaled in run_pull of queue element PullQEl_hw_read3yolo26n/conv91!
[2026-09-07 19:35:53.552] [30432] [HailoRT] [info] [queue_elements.cpp:68] [operator()] Thread in element PullQEl_hw_read3yolo26n/conv91 is not running anymore, exiting..
[2026-09-07 19:35:53.552] [30418] [HailoRT] [info] [queue_elements.cpp:46] [~BaseQueueElement] Queue element PullQEl_hw_read3yolo26n/conv91 has 0 frames in his Queue on destruction
[2026-09-07 19:35:53.552] [30433] [HailoRT] [info] [queue_elements.cpp:68] [operator()] Thread in element UserBuffQEl3yolo26n/conv91 is not running anymore, exiting..
[2026-09-07 19:35:53.552] [30418] [HailoRT] [info] [queue_elements.cpp:46] [~BaseQueueElement] Queue element UserBuffQEl3yolo26n/conv91 has 0 frames in his Queue on destruction
[2026-09-07 19:35:53.552] [30434] [HailoRT] [info] [queue_elements.cpp:734] [run_in_thread] Shutdown event was signaled in run_pull of queue element PullQEl_hw_read0yolo26n/conv94!
[2026-09-07 19:35:53.552] [30435] [HailoRT] [info] [queue_elements.cpp:855] [run_in_thread] Shutdown event was signaled in dequeue of UserBuffQEl0yolo26n/conv94!
[2026-09-07 19:35:53.552] [30434] [HailoRT] [info] [queue_elements.cpp:68] [operator()] Thread in element PullQEl_hw_read0yolo26n/conv94 is not running anymore, exiting..
[2026-09-07 19:35:53.552] [30418] [HailoRT] [info] [queue_elements.cpp:46] [~BaseQueueElement] Queue element PullQEl_hw_read0yolo26n/conv94 has 0 frames in his Queue on destruction
[2026-09-07 19:35:53.552] [30435] [HailoRT] [info] [queue_elements.cpp:68] [operator()] Thread in element UserBuffQEl0yolo26n/conv94 is not running anymore, exiting..
[2026-09-07 19:35:53.552] [30418] [HailoRT] [info] [queue_elements.cpp:46] [~BaseQueueElement] Queue element UserBuffQEl0yolo26n/conv94 has 0 frames in his Queue on destruction
[2026-09-07 19:46:47.778] [34082] [HailoRT] [info] [vdevice.cpp:535] [create] Creating vdevice with params: device_count: 1, scheduling_algorithm: NONE, multi_process_service: false
[2026-09-07 19:46:47.791] [34082] [HailoRT] [info] [device.cpp:51] [Device] OS Version: Linux 6.18.39+rpt-rpi-2712 #1 SMP PREEMPT Debian 1:6.18.39-1+rpt1 (2026-07-29) aarch64
[2026-09-07 19:46:47.791] [34082] [HailoRT] [info] [control.cpp:113] [control__parse_identify_results] firmware_version is: 4.23.0
[2026-09-07 19:46:47.791] [34082] [HailoRT] [info] [vdevice.cpp:682] [create] VDevice Infos: 0001:01:00.0
[2026-09-07 19:46:47.798] [34082] [HailoRT] [info] [internal_buffer_manager.cpp:77] [print_execution_results] Planned internal buffer memory: CMA=0 CMA-Desc=917504 Pinned=2956800. memory to edge layer usage factor is 0.9621793
[2026-09-07 19:46:47.798] [34082] [HailoRT] [info] [internal_buffer_manager.cpp:86] [print_execution_results] Default Internal buffer planner executed successfully
[2026-09-07 19:46:47.830] [34082] [HailoRT] [info] [device_internal.cpp:57] [configure] Configuring HEF took 39.199593 milliseconds
[2026-09-07 19:46:47.831] [34082] [HailoRT] [info] [vdevice.cpp:780] [configure] Configuring HEF on VDevice took 40.098259 milliseconds
[2026-09-07 19:46:47.831] [34082] [HailoRT] [info] [hef.cpp:1994] [get_network_group_and_network_name] No name was given. Addressing all networks of default network_group: yolo26n
[2026-09-07 19:46:47.831] [34082] [HailoRT] [info] [hef.cpp:1994] [get_network_group_and_network_name] No name was given. Addressing all networks of default network_group: yolo26n
[2026-09-07 19:46:47.831] [34082] [HailoRT] [info] [edge_elements.cpp:52] [create] Created (HwWriteEl2yolo26n/input_layer1 | hw_frame_size: 2211840)
[2026-09-07 19:46:47.831] [34082] [HailoRT] [info] [vstream.cpp:754] [InputVStreamImpl] Creating yolo26n/input_layer1...
[2026-09-07 19:46:47.831] [34082] [HailoRT] [info] [vstream_builder.cpp:102] [create_inputs] Input pipeline 'yolo26n/input_layer1': (HwWriteEl2yolo26n/input_layer1 | hw_frame_size: 2211840) >> HW
[2026-09-07 19:46:47.832] [34082] [HailoRT] [info] [edge_elements.cpp:287] [create] Created (HwReadEl3yolo26n/conv61 | hw_frame_size: 92160)
[2026-09-07 19:46:47.832] [34082] [HailoRT] [info] [queue_elements.cpp:657] [create] Created (PullQEl_hw_read3yolo26n/conv61)
[2026-09-07 19:46:47.832] [34082] [HailoRT] [info] [filter_elements.cpp:372] [create] Created (PostInferEl3yolo26n/conv61 | Quantization - src_type: UINT16, dst_type FLOAT32, limvals_min: -0.881752, limvals_max: 6.27869)
[2026-09-07 19:46:47.832] [34082] [HailoRT] [info] [queue_elements.cpp:800] [create] Created (UserBuffQEl3yolo26n/conv61 | timeout: 10s)
[2026-09-07 19:46:47.832] [34082] [HailoRT] [info] [vstream.cpp:1114] [OutputVStreamImpl] Creating yolo26n/conv61...
[2026-09-07 19:46:47.832] [34082] [HailoRT] [info] [vstream_builder.cpp:220] [create_outputs] Output pipeline 'yolo26n/conv61': HW >> (HwReadEl3yolo26n/conv61 | hw_frame_size: 92160) >> (PullQEl_hw_read3yolo26n/conv61) >> (PostInferEl3yolo26n/conv61 | Quantization - src_type: UINT16, dst_type FLOAT32, limvals_min: -0.881752, limvals_max: 6.27869) >> (UserBuffQEl3yolo26n/conv61 | timeout: 10s)
[2026-09-07 19:46:47.832] [34082] [HailoRT] [info] [edge_elements.cpp:287] [create] Created (HwReadEl2yolo26n/conv64 | hw_frame_size: 23040)
[2026-09-07 19:46:47.832] [34082] [HailoRT] [info] [queue_elements.cpp:657] [create] Created (PullQEl_hw_read2yolo26n/conv64)
[2026-09-07 19:46:47.832] [34082] [HailoRT] [info] [filter_elements.cpp:372] [create] Created (PostInferEl2yolo26n/conv64 | Quantization - src_type: UINT16, dst_type FLOAT32, limvals_min: -164.817, limvals_max: 3.19963)
[2026-09-07 19:46:47.832] [34082] [HailoRT] [info] [queue_elements.cpp:800] [create] Created (UserBuffQEl2yolo26n/conv64 | timeout: 10s)
[2026-09-07 19:46:47.832] [34082] [HailoRT] [info] [vstream.cpp:1114] [OutputVStreamImpl] Creating yolo26n/conv64...
[2026-09-07 19:46:47.832] [34082] [HailoRT] [info] [vstream_builder.cpp:220] [create_outputs] Output pipeline 'yolo26n/conv64': HW >> (HwReadEl2yolo26n/conv64 | hw_frame_size: 23040) >> (PullQEl_hw_read2yolo26n/conv64) >> (PostInferEl2yolo26n/conv64 | Quantization - src_type: UINT16, dst_type FLOAT32, limvals_min: -164.817, limvals_max: 3.19963) >> (UserBuffQEl2yolo26n/conv64 | timeout: 10s)
[2026-09-07 19:46:47.832] [34082] [HailoRT] [info] [edge_elements.cpp:287] [create] Created (HwReadEl2yolo26n/conv77 | hw_frame_size: 23040)
[2026-09-07 19:46:47.832] [34082] [HailoRT] [info] [queue_elements.cpp:657] [create] Created (PullQEl_hw_read2yolo26n/conv77)
[2026-09-07 19:46:47.832] [34082] [HailoRT] [info] [filter_elements.cpp:372] [create] Created (PostInferEl2yolo26n/conv77 | Quantization - src_type: UINT16, dst_type FLOAT32, limvals_min: -0.67052, limvals_max: 17.2357)
[2026-09-07 19:46:47.832] [34082] [HailoRT] [info] [queue_elements.cpp:800] [create] Created (UserBuffQEl2yolo26n/conv77 | timeout: 10s)
[2026-09-07 19:46:47.832] [34082] [HailoRT] [info] [vstream.cpp:1114] [OutputVStreamImpl] Creating yolo26n/conv77...
[2026-09-07 19:46:47.832] [34082] [HailoRT] [info] [vstream_builder.cpp:220] [create_outputs] Output pipeline 'yolo26n/conv77': HW >> (HwReadEl2yolo26n/conv77 | hw_frame_size: 23040) >> (PullQEl_hw_read2yolo26n/conv77) >> (PostInferEl2yolo26n/conv77 | Quantization - src_type: UINT16, dst_type FLOAT32, limvals_min: -0.67052, limvals_max: 17.2357) >> (UserBuffQEl2yolo26n/conv77 | timeout: 10s)
[2026-09-07 19:46:47.832] [34082] [HailoRT] [info] [edge_elements.cpp:287] [create] Created (HwReadEl0yolo26n/conv80 | hw_frame_size: 5760)
[2026-09-07 19:46:47.832] [34082] [HailoRT] [info] [queue_elements.cpp:657] [create] Created (PullQEl_hw_read0yolo26n/conv80)
[2026-09-07 19:46:47.832] [34082] [HailoRT] [info] [filter_elements.cpp:372] [create] Created (PostInferEl0yolo26n/conv80 | Quantization - src_type: UINT16, dst_type FLOAT32, limvals_min: -67.4827, limvals_max: 0)
[2026-09-07 19:46:47.832] [34082] [HailoRT] [info] [queue_elements.cpp:800] [create] Created (UserBuffQEl0yolo26n/conv80 | timeout: 10s)
[2026-09-07 19:46:47.833] [34082] [HailoRT] [info] [vstream.cpp:1114] [OutputVStreamImpl] Creating yolo26n/conv80...
[2026-09-07 19:46:47.833] [34082] [HailoRT] [info] [vstream_builder.cpp:220] [create_outputs] Output pipeline 'yolo26n/conv80': HW >> (HwReadEl0yolo26n/conv80 | hw_frame_size: 5760) >> (PullQEl_hw_read0yolo26n/conv80) >> (PostInferEl0yolo26n/conv80 | Quantization - src_type: UINT16, dst_type FLOAT32, limvals_min: -67.4827, limvals_max: 0) >> (UserBuffQEl0yolo26n/conv80 | timeout: 10s)
[2026-09-07 19:46:47.833] [34082] [HailoRT] [info] [edge_elements.cpp:287] [create] Created (HwReadEl3yolo26n/conv91 | hw_frame_size: 11520)
[2026-09-07 19:46:47.833] [34082] [HailoRT] [info] [queue_elements.cpp:657] [create] Created (PullQEl_hw_read3yolo26n/conv91)
[2026-09-07 19:46:47.833] [34082] [HailoRT] [info] [filter_elements.cpp:372] [create] Created (PostInferEl3yolo26n/conv91 | Quantization - src_type: UINT16, dst_type FLOAT32, limvals_min: 0, limvals_max: 8.46146 | Reorder - src_order: FCR, src_shape: (20, 36, 8), dst_order: FCR, dst_shape: (20, 36, 4))
[2026-09-07 19:46:47.833] [34082] [HailoRT] [info] [queue_elements.cpp:800] [create] Created (UserBuffQEl3yolo26n/conv91 | timeout: 10s)
[2026-09-07 19:46:47.833] [34082] [HailoRT] [info] [vstream.cpp:1114] [OutputVStreamImpl] Creating yolo26n/conv91...
[2026-09-07 19:46:47.833] [34082] [HailoRT] [info] [vstream_builder.cpp:220] [create_outputs] Output pipeline 'yolo26n/conv91': HW >> (HwReadEl3yolo26n/conv91 | hw_frame_size: 11520) >> (PullQEl_hw_read3yolo26n/conv91) >> (PostInferEl3yolo26n/conv91 | Quantization - src_type: UINT16, dst_type FLOAT32, limvals_min: 0, limvals_max: 8.46146 | Reorder - src_order: FCR, src_shape: (20, 36, 8), dst_order: FCR, dst_shape: (20, 36, 4)) >> (UserBuffQEl3yolo26n/conv91 | timeout: 10s)
[2026-09-07 19:46:47.833] [34082] [HailoRT] [info] [edge_elements.cpp:287] [create] Created (HwReadEl0yolo26n/conv94 | hw_frame_size: 11520)
[2026-09-07 19:46:47.833] [34082] [HailoRT] [info] [queue_elements.cpp:657] [create] Created (PullQEl_hw_read0yolo26n/conv94)
[2026-09-07 19:46:47.833] [34082] [HailoRT] [info] [filter_elements.cpp:372] [create] Created (PostInferEl0yolo26n/conv94 | Quantization - src_type: UINT16, dst_type FLOAT32, limvals_min: -64.0772, limvals_max: 0 | Reorder - src_order: FCR, src_shape: (20, 36, 8), dst_order: FCR, dst_shape: (20, 36, 1))
[2026-09-07 19:46:47.833] [34082] [HailoRT] [info] [queue_elements.cpp:800] [create] Created (UserBuffQEl0yolo26n/conv94 | timeout: 10s)
[2026-09-07 19:46:47.833] [34082] [HailoRT] [info] [vstream.cpp:1114] [OutputVStreamImpl] Creating yolo26n/conv94...
[2026-09-07 19:46:47.833] [34082] [HailoRT] [info] [vstream_builder.cpp:220] [create_outputs] Output pipeline 'yolo26n/conv94': HW >> (HwReadEl0yolo26n/conv94 | hw_frame_size: 11520) >> (PullQEl_hw_read0yolo26n/conv94) >> (PostInferEl0yolo26n/conv94 | Quantization - src_type: UINT16, dst_type FLOAT32, limvals_min: -64.0772, limvals_max: 0 | Reorder - src_order: FCR, src_shape: (20, 36, 8), dst_order: FCR, dst_shape: (20, 36, 1)) >> (UserBuffQEl0yolo26n/conv94 | timeout: 10s)
[2026-09-07 19:46:47.834] [34082] [HailoRT] [info] [core_op.cpp:156] [activate] Activating yolo26n took 0.495463 milliseconds. Note that the function is asynchronous and thus the network is not fully activated yet.
[2026-09-07 19:46:47.834] [34082] [HailoRT] [info] [core_op.cpp:156] [activate] Activating yolo26n took 0.511871 milliseconds. Note that the function is asynchronous and thus the network is not fully activated yet.
[2026-09-07 19:47:33.459] [34090] [HailoRT] [info] [vdevice_native_stream.cpp:331] [read_impl] Failed read from stream HAILO_STREAM_NOT_ACTIVATED(72) (device: 0001:01:00.0)
[2026-09-07 19:47:33.459] [34100] [HailoRT] [info] [vdevice_native_stream.cpp:331] [read_impl] Failed read from stream HAILO_STREAM_NOT_ACTIVATED(72) (device: 0001:01:00.0)
[2026-09-07 19:47:33.459] [34092] [HailoRT] [info] [vdevice_native_stream.cpp:331] [read_impl] Failed read from stream HAILO_STREAM_NOT_ACTIVATED(72) (device: 0001:01:00.0)
[2026-09-07 19:47:33.459] [34088] [HailoRT] [info] [vdevice_native_stream.cpp:331] [read_impl] Failed read from stream HAILO_STREAM_NOT_ACTIVATED(72) (device: 0001:01:00.0)
[2026-09-07 19:47:33.459] [34095] [HailoRT] [info] [vdevice_native_stream.cpp:331] [read_impl] Failed read from stream HAILO_STREAM_NOT_ACTIVATED(72) (device: 0001:01:00.0)
[2026-09-07 19:47:33.459] [34098] [HailoRT] [info] [vdevice_native_stream.cpp:331] [read_impl] Failed read from stream HAILO_STREAM_NOT_ACTIVATED(72) (device: 0001:01:00.0)
[2026-09-07 19:47:33.460] [34082] [HailoRT] [info] [core_op.cpp:186] [deactivate] Deactivating took 0.531519 ms
[2026-09-07 19:47:33.460] [34082] [HailoRT] [info] [core_op.cpp:186] [deactivate] Deactivating took 0.549648 ms
[2026-09-07 19:47:33.460] [34089] [HailoRT] [info] [queue_elements.cpp:855] [run_in_thread] Shutdown event was signaled in dequeue of UserBuffQEl3yolo26n/conv61!
[2026-09-07 19:47:33.460] [34088] [HailoRT] [info] [queue_elements.cpp:734] [run_in_thread] Shutdown event was signaled in run_pull of queue element PullQEl_hw_read3yolo26n/conv61!
[2026-09-07 19:47:33.460] [34088] [HailoRT] [info] [queue_elements.cpp:68] [operator()] Thread in element PullQEl_hw_read3yolo26n/conv61 is not running anymore, exiting..
[2026-09-07 19:47:33.460] [34082] [HailoRT] [info] [queue_elements.cpp:46] [~BaseQueueElement] Queue element PullQEl_hw_read3yolo26n/conv61 has 0 frames in his Queue on destruction
[2026-09-07 19:47:33.460] [34089] [HailoRT] [info] [queue_elements.cpp:68] [operator()] Thread in element UserBuffQEl3yolo26n/conv61 is not running anymore, exiting..
[2026-09-07 19:47:33.460] [34082] [HailoRT] [info] [queue_elements.cpp:46] [~BaseQueueElement] Queue element UserBuffQEl3yolo26n/conv61 has 0 frames in his Queue on destruction
[2026-09-07 19:47:33.460] [34091] [HailoRT] [info] [queue_elements.cpp:855] [run_in_thread] Shutdown event was signaled in dequeue of UserBuffQEl2yolo26n/conv64!
[2026-09-07 19:47:33.460] [34090] [HailoRT] [info] [queue_elements.cpp:734] [run_in_thread] Shutdown event was signaled in run_pull of queue element PullQEl_hw_read2yolo26n/conv64!
[2026-09-07 19:47:33.460] [34090] [HailoRT] [info] [queue_elements.cpp:68] [operator()] Thread in element PullQEl_hw_read2yolo26n/conv64 is not running anymore, exiting..
[2026-09-07 19:47:33.460] [34082] [HailoRT] [info] [queue_elements.cpp:46] [~BaseQueueElement] Queue element PullQEl_hw_read2yolo26n/conv64 has 0 frames in his Queue on destruction
[2026-09-07 19:47:33.460] [34091] [HailoRT] [info] [queue_elements.cpp:68] [operator()] Thread in element UserBuffQEl2yolo26n/conv64 is not running anymore, exiting..
[2026-09-07 19:47:33.460] [34082] [HailoRT] [info] [queue_elements.cpp:46] [~BaseQueueElement] Queue element UserBuffQEl2yolo26n/conv64 has 0 frames in his Queue on destruction
[2026-09-07 19:47:33.460] [34092] [HailoRT] [info] [queue_elements.cpp:734] [run_in_thread] Shutdown event was signaled in run_pull of queue element PullQEl_hw_read2yolo26n/conv77!
[2026-09-07 19:47:33.460] [34093] [HailoRT] [info] [queue_elements.cpp:855] [run_in_thread] Shutdown event was signaled in dequeue of UserBuffQEl2yolo26n/conv77!
[2026-09-07 19:47:33.460] [34092] [HailoRT] [info] [queue_elements.cpp:68] [operator()] Thread in element PullQEl_hw_read2yolo26n/conv77 is not running anymore, exiting..
[2026-09-07 19:47:33.460] [34082] [HailoRT] [info] [queue_elements.cpp:46] [~BaseQueueElement] Queue element PullQEl_hw_read2yolo26n/conv77 has 0 frames in his Queue on destruction
[2026-09-07 19:47:33.460] [34093] [HailoRT] [info] [queue_elements.cpp:68] [operator()] Thread in element UserBuffQEl2yolo26n/conv77 is not running anymore, exiting..
[2026-09-07 19:47:33.460] [34082] [HailoRT] [info] [queue_elements.cpp:46] [~BaseQueueElement] Queue element UserBuffQEl2yolo26n/conv77 has 0 frames in his Queue on destruction
[2026-09-07 19:47:33.460] [34095] [HailoRT] [info] [queue_elements.cpp:734] [run_in_thread] Shutdown event was signaled in run_pull of queue element PullQEl_hw_read0yolo26n/conv80!
[2026-09-07 19:47:33.460] [34096] [HailoRT] [info] [queue_elements.cpp:855] [run_in_thread] Shutdown event was signaled in dequeue of UserBuffQEl0yolo26n/conv80!
[2026-09-07 19:47:33.460] [34095] [HailoRT] [info] [queue_elements.cpp:68] [operator()] Thread in element PullQEl_hw_read0yolo26n/conv80 is not running anymore, exiting..
[2026-09-07 19:47:33.460] [34082] [HailoRT] [info] [queue_elements.cpp:46] [~BaseQueueElement] Queue element PullQEl_hw_read0yolo26n/conv80 has 0 frames in his Queue on destruction
[2026-09-07 19:47:33.460] [34096] [HailoRT] [info] [queue_elements.cpp:68] [operator()] Thread in element UserBuffQEl0yolo26n/conv80 is not running anymore, exiting..
[2026-09-07 19:47:33.460] [34082] [HailoRT] [info] [queue_elements.cpp:46] [~BaseQueueElement] Queue element UserBuffQEl0yolo26n/conv80 has 0 frames in his Queue on destruction
[2026-09-07 19:47:33.460] [34098] [HailoRT] [info] [queue_elements.cpp:734] [run_in_thread] Shutdown event was signaled in run_pull of queue element PullQEl_hw_read3yolo26n/conv91!
[2026-09-07 19:47:33.460] [34099] [HailoRT] [info] [queue_elements.cpp:855] [run_in_thread] Shutdown event was signaled in dequeue of UserBuffQEl3yolo26n/conv91!
[2026-09-07 19:47:33.460] [34098] [HailoRT] [info] [queue_elements.cpp:68] [operator()] Thread in element PullQEl_hw_read3yolo26n/conv91 is not running anymore, exiting..
[2026-09-07 19:47:33.460] [34082] [HailoRT] [info] [queue_elements.cpp:46] [~BaseQueueElement] Queue element PullQEl_hw_read3yolo26n/conv91 has 0 frames in his Queue on destruction
[2026-09-07 19:47:33.460] [34099] [HailoRT] [info] [queue_elements.cpp:68] [operator()] Thread in element UserBuffQEl3yolo26n/conv91 is not running anymore, exiting..
[2026-09-07 19:47:33.460] [34082] [HailoRT] [info] [queue_elements.cpp:46] [~BaseQueueElement] Queue element UserBuffQEl3yolo26n/conv91 has 0 frames in his Queue on destruction
[2026-09-07 19:47:33.460] [34100] [HailoRT] [info] [queue_elements.cpp:734] [run_in_thread] Shutdown event was signaled in run_pull of queue element PullQEl_hw_read0yolo26n/conv94!
[2026-09-07 19:47:33.460] [34101] [HailoRT] [info] [queue_elements.cpp:855] [run_in_thread] Shutdown event was signaled in dequeue of UserBuffQEl0yolo26n/conv94!
[2026-09-07 19:47:33.461] [34100] [HailoRT] [info] [queue_elements.cpp:68] [operator()] Thread in element PullQEl_hw_read0yolo26n/conv94 is not running anymore, exiting..
[2026-09-07 19:47:33.461] [34082] [HailoRT] [info] [queue_elements.cpp:46] [~BaseQueueElement] Queue element PullQEl_hw_read0yolo26n/conv94 has 0 frames in his Queue on destruction
[2026-09-07 19:47:33.461] [34101] [HailoRT] [info] [queue_elements.cpp:68] [operator()] Thread in element UserBuffQEl0yolo26n/conv94 is not running anymore, exiting..
[2026-09-07 19:47:33.461] [34082] [HailoRT] [info] [queue_elements.cpp:46] [~BaseQueueElement] Queue element UserBuffQEl0yolo26n/conv94 has 0 frames in his Queue on destruction
[2026-09-07 20:10:28.281] [45007] [HailoRT] [info] [vdevice.cpp:535] [create] Creating vdevice with params: device_count: 1, scheduling_algorithm: NONE, multi_process_service: false
[2026-09-07 20:10:28.294] [45007] [HailoRT] [info] [device.cpp:51] [Device] OS Version: Linux 6.18.39+rpt-rpi-2712 #1 SMP PREEMPT Debian 1:6.18.39-1+rpt1 (2026-07-29) aarch64
[2026-09-07 20:10:28.294] [45007] [HailoRT] [info] [control.cpp:113] [control__parse_identify_results] firmware_version is: 4.23.0
[2026-09-07 20:10:28.294] [45007] [HailoRT] [info] [vdevice.cpp:682] [create] VDevice Infos: 0001:01:00.0
[2026-09-07 20:10:28.301] [45007] [HailoRT] [info] [internal_buffer_manager.cpp:77] [print_execution_results] Planned internal buffer memory: CMA=0 CMA-Desc=917504 Pinned=2956800. memory to edge layer usage factor is 0.9621793
[2026-09-07 20:10:28.301] [45007] [HailoRT] [info] [internal_buffer_manager.cpp:86] [print_execution_results] Default Internal buffer planner executed successfully
[2026-09-07 20:10:28.341] [45007] [HailoRT] [info] [device_internal.cpp:57] [configure] Configuring HEF took 46.744441 milliseconds
[2026-09-07 20:10:28.341] [45007] [HailoRT] [info] [vdevice.cpp:780] [configure] Configuring HEF on VDevice took 47.107793 milliseconds
[2026-09-07 20:10:28.341] [45007] [HailoRT] [info] [hef.cpp:1994] [get_network_group_and_network_name] No name was given. Addressing all networks of default network_group: yolo26n
[2026-09-07 20:10:28.341] [45007] [HailoRT] [info] [hef.cpp:1994] [get_network_group_and_network_name] No name was given. Addressing all networks of default network_group: yolo26n
[2026-09-07 20:10:28.341] [45007] [HailoRT] [info] [edge_elements.cpp:52] [create] Created (HwWriteEl2yolo26n/input_layer1 | hw_frame_size: 2211840)
[2026-09-07 20:10:28.341] [45007] [HailoRT] [info] [vstream.cpp:754] [InputVStreamImpl] Creating yolo26n/input_layer1...
[2026-09-07 20:10:28.341] [45007] [HailoRT] [info] [vstream_builder.cpp:102] [create_inputs] Input pipeline 'yolo26n/input_layer1': (HwWriteEl2yolo26n/input_layer1 | hw_frame_size: 2211840) >> HW
[2026-09-07 20:10:28.341] [45007] [HailoRT] [info] [edge_elements.cpp:287] [create] Created (HwReadEl3yolo26n/conv61 | hw_frame_size: 92160)
[2026-09-07 20:10:28.342] [45007] [HailoRT] [info] [queue_elements.cpp:657] [create] Created (PullQEl_hw_read3yolo26n/conv61)
[2026-09-07 20:10:28.342] [45007] [HailoRT] [info] [filter_elements.cpp:372] [create] Created (PostInferEl3yolo26n/conv61 | Quantization - src_type: UINT16, dst_type FLOAT32, limvals_min: -0.881752, limvals_max: 6.27869)
[2026-09-07 20:10:28.342] [45007] [HailoRT] [info] [queue_elements.cpp:800] [create] Created (UserBuffQEl3yolo26n/conv61 | timeout: 10s)
[2026-09-07 20:10:28.342] [45007] [HailoRT] [info] [vstream.cpp:1114] [OutputVStreamImpl] Creating yolo26n/conv61...
[2026-09-07 20:10:28.342] [45007] [HailoRT] [info] [vstream_builder.cpp:220] [create_outputs] Output pipeline 'yolo26n/conv61': HW >> (HwReadEl3yolo26n/conv61 | hw_frame_size: 92160) >> (PullQEl_hw_read3yolo26n/conv61) >> (PostInferEl3yolo26n/conv61 | Quantization - src_type: UINT16, dst_type FLOAT32, limvals_min: -0.881752, limvals_max: 6.27869) >> (UserBuffQEl3yolo26n/conv61 | timeout: 10s)
[2026-09-07 20:10:28.342] [45007] [HailoRT] [info] [edge_elements.cpp:287] [create] Created (HwReadEl2yolo26n/conv64 | hw_frame_size: 23040)
[2026-09-07 20:10:28.342] [45007] [HailoRT] [info] [queue_elements.cpp:657] [create] Created (PullQEl_hw_read2yolo26n/conv64)
[2026-09-07 20:10:28.342] [45007] [HailoRT] [info] [filter_elements.cpp:372] [create] Created (PostInferEl2yolo26n/conv64 | Quantization - src_type: UINT16, dst_type FLOAT32, limvals_min: -164.817, limvals_max: 3.19963)
[2026-09-07 20:10:28.342] [45007] [HailoRT] [info] [queue_elements.cpp:800] [create] Created (UserBuffQEl2yolo26n/conv64 | timeout: 10s)
[2026-09-07 20:10:28.342] [45007] [HailoRT] [info] [vstream.cpp:1114] [OutputVStreamImpl] Creating yolo26n/conv64...
[2026-09-07 20:10:28.342] [45007] [HailoRT] [info] [vstream_builder.cpp:220] [create_outputs] Output pipeline 'yolo26n/conv64': HW >> (HwReadEl2yolo26n/conv64 | hw_frame_size: 23040) >> (PullQEl_hw_read2yolo26n/conv64) >> (PostInferEl2yolo26n/conv64 | Quantization - src_type: UINT16, dst_type FLOAT32, limvals_min: -164.817, limvals_max: 3.19963) >> (UserBuffQEl2yolo26n/conv64 | timeout: 10s)
[2026-09-07 20:10:28.342] [45007] [HailoRT] [info] [edge_elements.cpp:287] [create] Created (HwReadEl2yolo26n/conv77 | hw_frame_size: 23040)
[2026-09-07 20:10:28.342] [45007] [HailoRT] [info] [queue_elements.cpp:657] [create] Created (PullQEl_hw_read2yolo26n/conv77)
[2026-09-07 20:10:28.342] [45007] [HailoRT] [info] [filter_elements.cpp:372] [create] Created (PostInferEl2yolo26n/conv77 | Quantization - src_type: UINT16, dst_type FLOAT32, limvals_min: -0.67052, limvals_max: 17.2357)
[2026-09-07 20:10:28.342] [45007] [HailoRT] [info] [queue_elements.cpp:800] [create] Created (UserBuffQEl2yolo26n/conv77 | timeout: 10s)
[2026-09-07 20:10:28.342] [45007] [HailoRT] [info] [vstream.cpp:1114] [OutputVStreamImpl] Creating yolo26n/conv77...
[2026-09-07 20:10:28.342] [45007] [HailoRT] [info] [vstream_builder.cpp:220] [create_outputs] Output pipeline 'yolo26n/conv77': HW >> (HwReadEl2yolo26n/conv77 | hw_frame_size: 23040) >> (PullQEl_hw_read2yolo26n/conv77) >> (PostInferEl2yolo26n/conv77 | Quantization - src_type: UINT16, dst_type FLOAT32, limvals_min: -0.67052, limvals_max: 17.2357) >> (UserBuffQEl2yolo26n/conv77 | timeout: 10s)
[2026-09-07 20:10:28.342] [45007] [HailoRT] [info] [edge_elements.cpp:287] [create] Created (HwReadEl0yolo26n/conv80 | hw_frame_size: 5760)
[2026-09-07 20:10:28.343] [45007] [HailoRT] [info] [queue_elements.cpp:657] [create] Created (PullQEl_hw_read0yolo26n/conv80)
[2026-09-07 20:10:28.343] [45007] [HailoRT] [info] [filter_elements.cpp:372] [create] Created (PostInferEl0yolo26n/conv80 | Quantization - src_type: UINT16, dst_type FLOAT32, limvals_min: -67.4827, limvals_max: 0)
[2026-09-07 20:10:28.343] [45007] [HailoRT] [info] [queue_elements.cpp:800] [create] Created (UserBuffQEl0yolo26n/conv80 | timeout: 10s)
[2026-09-07 20:10:28.343] [45007] [HailoRT] [info] [vstream.cpp:1114] [OutputVStreamImpl] Creating yolo26n/conv80...
[2026-09-07 20:10:28.343] [45007] [HailoRT] [info] [vstream_builder.cpp:220] [create_outputs] Output pipeline 'yolo26n/conv80': HW >> (HwReadEl0yolo26n/conv80 | hw_frame_size: 5760) >> (PullQEl_hw_read0yolo26n/conv80) >> (PostInferEl0yolo26n/conv80 | Quantization - src_type: UINT16, dst_type FLOAT32, limvals_min: -67.4827, limvals_max: 0) >> (UserBuffQEl0yolo26n/conv80 | timeout: 10s)
[2026-09-07 20:10:28.343] [45007] [HailoRT] [info] [edge_elements.cpp:287] [create] Created (HwReadEl3yolo26n/conv91 | hw_frame_size: 11520)
[2026-09-07 20:10:28.343] [45007] [HailoRT] [info] [queue_elements.cpp:657] [create] Created (PullQEl_hw_read3yolo26n/conv91)
[2026-09-07 20:10:28.343] [45007] [HailoRT] [info] [filter_elements.cpp:372] [create] Created (PostInferEl3yolo26n/conv91 | Quantization - src_type: UINT16, dst_type FLOAT32, limvals_min: 0, limvals_max: 8.46146 | Reorder - src_order: FCR, src_shape: (20, 36, 8), dst_order: FCR, dst_shape: (20, 36, 4))
[2026-09-07 20:10:28.343] [45007] [HailoRT] [info] [queue_elements.cpp:800] [create] Created (UserBuffQEl3yolo26n/conv91 | timeout: 10s)
[2026-09-07 20:10:28.343] [45007] [HailoRT] [info] [vstream.cpp:1114] [OutputVStreamImpl] Creating yolo26n/conv91...
[2026-09-07 20:10:28.343] [45007] [HailoRT] [info] [vstream_builder.cpp:220] [create_outputs] Output pipeline 'yolo26n/conv91': HW >> (HwReadEl3yolo26n/conv91 | hw_frame_size: 11520) >> (PullQEl_hw_read3yolo26n/conv91) >> (PostInferEl3yolo26n/conv91 | Quantization - src_type: UINT16, dst_type FLOAT32, limvals_min: 0, limvals_max: 8.46146 | Reorder - src_order: FCR, src_shape: (20, 36, 8), dst_order: FCR, dst_shape: (20, 36, 4)) >> (UserBuffQEl3yolo26n/conv91 | timeout: 10s)
[2026-09-07 20:10:28.343] [45007] [HailoRT] [info] [edge_elements.cpp:287] [create] Created (HwReadEl0yolo26n/conv94 | hw_frame_size: 11520)
[2026-09-07 20:10:28.343] [45007] [HailoRT] [info] [queue_elements.cpp:657] [create] Created (PullQEl_hw_read0yolo26n/conv94)
[2026-09-07 20:10:28.343] [45007] [HailoRT] [info] [filter_elements.cpp:372] [create] Created (PostInferEl0yolo26n/conv94 | Quantization - src_type: UINT16, dst_type FLOAT32, limvals_min: -64.0772, limvals_max: 0 | Reorder - src_order: FCR, src_shape: (20, 36, 8), dst_order: FCR, dst_shape: (20, 36, 1))
[2026-09-07 20:10:28.343] [45007] [HailoRT] [info] [queue_elements.cpp:800] [create] Created (UserBuffQEl0yolo26n/conv94 | timeout: 10s)
[2026-09-07 20:10:28.343] [45007] [HailoRT] [info] [vstream.cpp:1114] [OutputVStreamImpl] Creating yolo26n/conv94...
[2026-09-07 20:10:28.343] [45007] [HailoRT] [info] [vstream_builder.cpp:220] [create_outputs] Output pipeline 'yolo26n/conv94': HW >> (HwReadEl0yolo26n/conv94 | hw_frame_size: 11520) >> (PullQEl_hw_read0yolo26n/conv94) >> (PostInferEl0yolo26n/conv94 | Quantization - src_type: UINT16, dst_type FLOAT32, limvals_min: -64.0772, limvals_max: 0 | Reorder - src_order: FCR, src_shape: (20, 36, 8), dst_order: FCR, dst_shape: (20, 36, 1)) >> (UserBuffQEl0yolo26n/conv94 | timeout: 10s)
[2026-09-07 20:10:28.344] [45007] [HailoRT] [info] [core_op.cpp:156] [activate] Activating yolo26n took 0.607648 milliseconds. Note that the function is asynchronous and thus the network is not fully activated yet.
[2026-09-07 20:10:28.344] [45007] [HailoRT] [info] [core_op.cpp:156] [activate] Activating yolo26n took 0.623982 milliseconds. Note that the function is asynchronous and thus the network is not fully activated yet.
[2026-09-07 20:10:59.625] [45120] [HailoRT] [info] [vdevice_native_stream.cpp:331] [read_impl] Failed read from stream HAILO_STREAM_NOT_ACTIVATED(72) (device: 0001:01:00.0)
[2026-09-07 20:10:59.625] [45126] [HailoRT] [info] [vdevice_native_stream.cpp:331] [read_impl] Failed read from stream HAILO_STREAM_NOT_ACTIVATED(72) (device: 0001:01:00.0)
[2026-09-07 20:10:59.625] [45118] [HailoRT] [info] [vdevice_native_stream.cpp:331] [read_impl] Failed read from stream HAILO_STREAM_NOT_ACTIVATED(72) (device: 0001:01:00.0)
[2026-09-07 20:10:59.625] [45116] [HailoRT] [info] [vdevice_native_stream.cpp:331] [read_impl] Failed read from stream HAILO_STREAM_NOT_ACTIVATED(72) (device: 0001:01:00.0)
[2026-09-07 20:10:59.625] [45123] [HailoRT] [info] [vdevice_native_stream.cpp:331] [read_impl] Failed read from stream HAILO_STREAM_NOT_ACTIVATED(72) (device: 0001:01:00.0)
[2026-09-07 20:10:59.625] [45128] [HailoRT] [info] [vdevice_native_stream.cpp:331] [read_impl] Failed read from stream HAILO_STREAM_NOT_ACTIVATED(72) (device: 0001:01:00.0)
[2026-09-07 20:10:59.626] [45007] [HailoRT] [info] [core_op.cpp:186] [deactivate] Deactivating took 0.534129 ms
[2026-09-07 20:10:59.626] [45007] [HailoRT] [info] [core_op.cpp:186] [deactivate] Deactivating took 0.554129 ms
[2026-09-07 20:10:59.626] [45117] [HailoRT] [info] [queue_elements.cpp:855] [run_in_thread] Shutdown event was signaled in dequeue of UserBuffQEl3yolo26n/conv61!
[2026-09-07 20:10:59.626] [45116] [HailoRT] [info] [queue_elements.cpp:734] [run_in_thread] Shutdown event was signaled in run_pull of queue element PullQEl_hw_read3yolo26n/conv61!
[2026-09-07 20:10:59.626] [45116] [HailoRT] [info] [queue_elements.cpp:68] [operator()] Thread in element PullQEl_hw_read3yolo26n/conv61 is not running anymore, exiting..
[2026-09-07 20:10:59.626] [45007] [HailoRT] [info] [queue_elements.cpp:46] [~BaseQueueElement] Queue element PullQEl_hw_read3yolo26n/conv61 has 0 frames in his Queue on destruction
[2026-09-07 20:10:59.626] [45117] [HailoRT] [info] [queue_elements.cpp:68] [operator()] Thread in element UserBuffQEl3yolo26n/conv61 is not running anymore, exiting..
[2026-09-07 20:10:59.626] [45007] [HailoRT] [info] [queue_elements.cpp:46] [~BaseQueueElement] Queue element UserBuffQEl3yolo26n/conv61 has 0 frames in his Queue on destruction
[2026-09-07 20:10:59.626] [45118] [HailoRT] [info] [queue_elements.cpp:734] [run_in_thread] Shutdown event was signaled in run_pull of queue element PullQEl_hw_read2yolo26n/conv64!
[2026-09-07 20:10:59.626] [45119] [HailoRT] [info] [queue_elements.cpp:855] [run_in_thread] Shutdown event was signaled in dequeue of UserBuffQEl2yolo26n/conv64!
[2026-09-07 20:10:59.626] [45118] [HailoRT] [info] [queue_elements.cpp:68] [operator()] Thread in element PullQEl_hw_read2yolo26n/conv64 is not running anymore, exiting..
[2026-09-07 20:10:59.626] [45007] [HailoRT] [info] [queue_elements.cpp:46] [~BaseQueueElement] Queue element PullQEl_hw_read2yolo26n/conv64 has 0 frames in his Queue on destruction
[2026-09-07 20:10:59.626] [45119] [HailoRT] [info] [queue_elements.cpp:68] [operator()] Thread in element UserBuffQEl2yolo26n/conv64 is not running anymore, exiting..
[2026-09-07 20:10:59.626] [45007] [HailoRT] [info] [queue_elements.cpp:46] [~BaseQueueElement] Queue element UserBuffQEl2yolo26n/conv64 has 0 frames in his Queue on destruction
[2026-09-07 20:10:59.626] [45121] [HailoRT] [info] [queue_elements.cpp:855] [run_in_thread] Shutdown event was signaled in dequeue of UserBuffQEl2yolo26n/conv77!
[2026-09-07 20:10:59.626] [45120] [HailoRT] [info] [queue_elements.cpp:734] [run_in_thread] Shutdown event was signaled in run_pull of queue element PullQEl_hw_read2yolo26n/conv77!
[2026-09-07 20:10:59.626] [45120] [HailoRT] [info] [queue_elements.cpp:68] [operator()] Thread in element PullQEl_hw_read2yolo26n/conv77 is not running anymore, exiting..
[2026-09-07 20:10:59.626] [45007] [HailoRT] [info] [queue_elements.cpp:46] [~BaseQueueElement] Queue element PullQEl_hw_read2yolo26n/conv77 has 0 frames in his Queue on destruction
[2026-09-07 20:10:59.626] [45121] [HailoRT] [info] [queue_elements.cpp:68] [operator()] Thread in element UserBuffQEl2yolo26n/conv77 is not running anymore, exiting..
[2026-09-07 20:10:59.626] [45007] [HailoRT] [info] [queue_elements.cpp:46] [~BaseQueueElement] Queue element UserBuffQEl2yolo26n/conv77 has 0 frames in his Queue on destruction
[2026-09-07 20:10:59.626] [45123] [HailoRT] [info] [queue_elements.cpp:734] [run_in_thread] Shutdown event was signaled in run_pull of queue element PullQEl_hw_read0yolo26n/conv80!
[2026-09-07 20:10:59.626] [45124] [HailoRT] [info] [queue_elements.cpp:855] [run_in_thread] Shutdown event was signaled in dequeue of UserBuffQEl0yolo26n/conv80!
[2026-09-07 20:10:59.626] [45123] [HailoRT] [info] [queue_elements.cpp:68] [operator()] Thread in element PullQEl_hw_read0yolo26n/conv80 is not running anymore, exiting..
[2026-09-07 20:10:59.626] [45007] [HailoRT] [info] [queue_elements.cpp:46] [~BaseQueueElement] Queue element PullQEl_hw_read0yolo26n/conv80 has 0 frames in his Queue on destruction
[2026-09-07 20:10:59.626] [45124] [HailoRT] [info] [queue_elements.cpp:68] [operator()] Thread in element UserBuffQEl0yolo26n/conv80 is not running anymore, exiting..
[2026-09-07 20:10:59.627] [45007] [HailoRT] [info] [queue_elements.cpp:46] [~BaseQueueElement] Queue element UserBuffQEl0yolo26n/conv80 has 0 frames in his Queue on destruction
[2026-09-07 20:10:59.627] [45127] [HailoRT] [info] [queue_elements.cpp:855] [run_in_thread] Shutdown event was signaled in dequeue of UserBuffQEl3yolo26n/conv91!
[2026-09-07 20:10:59.627] [45126] [HailoRT] [info] [queue_elements.cpp:734] [run_in_thread] Shutdown event was signaled in run_pull of queue element PullQEl_hw_read3yolo26n/conv91!
[2026-09-07 20:10:59.627] [45126] [HailoRT] [info] [queue_elements.cpp:68] [operator()] Thread in element PullQEl_hw_read3yolo26n/conv91 is not running anymore, exiting..
[2026-09-07 20:10:59.627] [45007] [HailoRT] [info] [queue_elements.cpp:46] [~BaseQueueElement] Queue element PullQEl_hw_read3yolo26n/conv91 has 0 frames in his Queue on destruction
[2026-09-07 20:10:59.627] [45127] [HailoRT] [info] [queue_elements.cpp:68] [operator()] Thread in element UserBuffQEl3yolo26n/conv91 is not running anymore, exiting..
[2026-09-07 20:10:59.627] [45007] [HailoRT] [info] [queue_elements.cpp:46] [~BaseQueueElement] Queue element UserBuffQEl3yolo26n/conv91 has 0 frames in his Queue on destruction
[2026-09-07 20:10:59.627] [45129] [HailoRT] [info] [queue_elements.cpp:855] [run_in_thread] Shutdown event was signaled in dequeue of UserBuffQEl0yolo26n/conv94!
[2026-09-07 20:10:59.627] [45128] [HailoRT] [info] [queue_elements.cpp:734] [run_in_thread] Shutdown event was signaled in run_pull of queue element PullQEl_hw_read0yolo26n/conv94!
[2026-09-07 20:10:59.627] [45128] [HailoRT] [info] [queue_elements.cpp:68] [operator()] Thread in element PullQEl_hw_read0yolo26n/conv94 is not running anymore, exiting..
[2026-09-07 20:10:59.627] [45007] [HailoRT] [info] [queue_elements.cpp:46] [~BaseQueueElement] Queue element PullQEl_hw_read0yolo26n/conv94 has 0 frames in his Queue on destruction
[2026-09-07 20:10:59.627] [45129] [HailoRT] [info] [queue_elements.cpp:68] [operator()] Thread in element UserBuffQEl0yolo26n/conv94 is not running anymore, exiting..
[2026-09-07 20:10:59.627] [45007] [HailoRT] [info] [queue_elements.cpp:46] [~BaseQueueElement] Queue element UserBuffQEl0yolo26n/conv94 has 0 frames in his Queue on destruction
[2026-09-07 20:13:37.388] [51254] [HailoRT] [info] [vdevice.cpp:535] [create] Creating vdevice with params: device_count: 1, scheduling_algorithm: NONE, multi_process_service: false
[2026-09-07 20:13:37.399] [51254] [HailoRT] [info] [device.cpp:51] [Device] OS Version: Linux 6.18.39+rpt-rpi-2712 #1 SMP PREEMPT Debian 1:6.18.39-1+rpt1 (2026-07-29) aarch64
[2026-09-07 20:13:37.399] [51254] [HailoRT] [info] [control.cpp:113] [control__parse_identify_results] firmware_version is: 4.23.0
[2026-09-07 20:13:37.399] [51254] [HailoRT] [info] [vdevice.cpp:682] [create] VDevice Infos: 0001:01:00.0
[2026-09-07 20:13:37.406] [51254] [HailoRT] [info] [internal_buffer_manager.cpp:77] [print_execution_results] Planned internal buffer memory: CMA=0 CMA-Desc=917504 Pinned=2956800. memory to edge layer usage factor is 0.9621793
[2026-09-07 20:13:37.406] [51254] [HailoRT] [info] [internal_buffer_manager.cpp:86] [print_execution_results] Default Internal buffer planner executed successfully
[2026-09-07 20:13:37.443] [51254] [HailoRT] [info] [device_internal.cpp:57] [configure] Configuring HEF took 43.49733 milliseconds
[2026-09-07 20:13:37.443] [51254] [HailoRT] [info] [vdevice.cpp:780] [configure] Configuring HEF on VDevice took 43.812219 milliseconds
[2026-09-07 20:13:37.443] [51254] [HailoRT] [info] [hef.cpp:1994] [get_network_group_and_network_name] No name was given. Addressing all networks of default network_group: yolo26n
[2026-09-07 20:13:37.443] [51254] [HailoRT] [info] [hef.cpp:1994] [get_network_group_and_network_name] No name was given. Addressing all networks of default network_group: yolo26n
[2026-09-07 20:13:37.443] [51254] [HailoRT] [info] [edge_elements.cpp:52] [create] Created (HwWriteEl2yolo26n/input_layer1 | hw_frame_size: 2211840)
[2026-09-07 20:13:37.443] [51254] [HailoRT] [info] [vstream.cpp:754] [InputVStreamImpl] Creating yolo26n/input_layer1...
[2026-09-07 20:13:37.443] [51254] [HailoRT] [info] [vstream_builder.cpp:102] [create_inputs] Input pipeline 'yolo26n/input_layer1': (HwWriteEl2yolo26n/input_layer1 | hw_frame_size: 2211840) >> HW
[2026-09-07 20:13:37.443] [51254] [HailoRT] [info] [edge_elements.cpp:287] [create] Created (HwReadEl3yolo26n/conv61 | hw_frame_size: 92160)
[2026-09-07 20:13:37.444] [51254] [HailoRT] [info] [queue_elements.cpp:657] [create] Created (PullQEl_hw_read3yolo26n/conv61)
[2026-09-07 20:13:37.444] [51254] [HailoRT] [info] [filter_elements.cpp:372] [create] Created (PostInferEl3yolo26n/conv61 | Quantization - src_type: UINT16, dst_type FLOAT32, limvals_min: -0.881752, limvals_max: 6.27869)
[2026-09-07 20:13:37.444] [51254] [HailoRT] [info] [queue_elements.cpp:800] [create] Created (UserBuffQEl3yolo26n/conv61 | timeout: 10s)
[2026-09-07 20:13:37.444] [51254] [HailoRT] [info] [vstream.cpp:1114] [OutputVStreamImpl] Creating yolo26n/conv61...
[2026-09-07 20:13:37.444] [51254] [HailoRT] [info] [vstream_builder.cpp:220] [create_outputs] Output pipeline 'yolo26n/conv61': HW >> (HwReadEl3yolo26n/conv61 | hw_frame_size: 92160) >> (PullQEl_hw_read3yolo26n/conv61) >> (PostInferEl3yolo26n/conv61 | Quantization - src_type: UINT16, dst_type FLOAT32, limvals_min: -0.881752, limvals_max: 6.27869) >> (UserBuffQEl3yolo26n/conv61 | timeout: 10s)
[2026-09-07 20:13:37.444] [51254] [HailoRT] [info] [edge_elements.cpp:287] [create] Created (HwReadEl2yolo26n/conv64 | hw_frame_size: 23040)
[2026-09-07 20:13:37.444] [51254] [HailoRT] [info] [queue_elements.cpp:657] [create] Created (PullQEl_hw_read2yolo26n/conv64)
[2026-09-07 20:13:37.444] [51254] [HailoRT] [info] [filter_elements.cpp:372] [create] Created (PostInferEl2yolo26n/conv64 | Quantization - src_type: UINT16, dst_type FLOAT32, limvals_min: -164.817, limvals_max: 3.19963)
[2026-09-07 20:13:37.444] [51254] [HailoRT] [info] [queue_elements.cpp:800] [create] Created (UserBuffQEl2yolo26n/conv64 | timeout: 10s)
[2026-09-07 20:13:37.444] [51254] [HailoRT] [info] [vstream.cpp:1114] [OutputVStreamImpl] Creating yolo26n/conv64...
[2026-09-07 20:13:37.444] [51254] [HailoRT] [info] [vstream_builder.cpp:220] [create_outputs] Output pipeline 'yolo26n/conv64': HW >> (HwReadEl2yolo26n/conv64 | hw_frame_size: 23040) >> (PullQEl_hw_read2yolo26n/conv64) >> (PostInferEl2yolo26n/conv64 | Quantization - src_type: UINT16, dst_type FLOAT32, limvals_min: -164.817, limvals_max: 3.19963) >> (UserBuffQEl2yolo26n/conv64 | timeout: 10s)
[2026-09-07 20:13:37.444] [51254] [HailoRT] [info] [edge_elements.cpp:287] [create] Created (HwReadEl2yolo26n/conv77 | hw_frame_size: 23040)
[2026-09-07 20:13:37.444] [51254] [HailoRT] [info] [queue_elements.cpp:657] [create] Created (PullQEl_hw_read2yolo26n/conv77)
[2026-09-07 20:13:37.444] [51254] [HailoRT] [info] [filter_elements.cpp:372] [create] Created (PostInferEl2yolo26n/conv77 | Quantization - src_type: UINT16, dst_type FLOAT32, limvals_min: -0.67052, limvals_max: 17.2357)
[2026-09-07 20:13:37.444] [51254] [HailoRT] [info] [queue_elements.cpp:800] [create] Created (UserBuffQEl2yolo26n/conv77 | timeout: 10s)
[2026-09-07 20:13:37.444] [51254] [HailoRT] [info] [vstream.cpp:1114] [OutputVStreamImpl] Creating yolo26n/conv77...
[2026-09-07 20:13:37.444] [51254] [HailoRT] [info] [vstream_builder.cpp:220] [create_outputs] Output pipeline 'yolo26n/conv77': HW >> (HwReadEl2yolo26n/conv77 | hw_frame_size: 23040) >> (PullQEl_hw_read2yolo26n/conv77) >> (PostInferEl2yolo26n/conv77 | Quantization - src_type: UINT16, dst_type FLOAT32, limvals_min: -0.67052, limvals_max: 17.2357) >> (UserBuffQEl2yolo26n/conv77 | timeout: 10s)
[2026-09-07 20:13:37.444] [51254] [HailoRT] [info] [edge_elements.cpp:287] [create] Created (HwReadEl0yolo26n/conv80 | hw_frame_size: 5760)
[2026-09-07 20:13:37.444] [51254] [HailoRT] [info] [queue_elements.cpp:657] [create] Created (PullQEl_hw_read0yolo26n/conv80)
[2026-09-07 20:13:37.444] [51254] [HailoRT] [info] [filter_elements.cpp:372] [create] Created (PostInferEl0yolo26n/conv80 | Quantization - src_type: UINT16, dst_type FLOAT32, limvals_min: -67.4827, limvals_max: 0)
[2026-09-07 20:13:37.444] [51254] [HailoRT] [info] [queue_elements.cpp:800] [create] Created (UserBuffQEl0yolo26n/conv80 | timeout: 10s)
[2026-09-07 20:13:37.444] [51254] [HailoRT] [info] [vstream.cpp:1114] [OutputVStreamImpl] Creating yolo26n/conv80...
[2026-09-07 20:13:37.444] [51254] [HailoRT] [info] [vstream_builder.cpp:220] [create_outputs] Output pipeline 'yolo26n/conv80': HW >> (HwReadEl0yolo26n/conv80 | hw_frame_size: 5760) >> (PullQEl_hw_read0yolo26n/conv80) >> (PostInferEl0yolo26n/conv80 | Quantization - src_type: UINT16, dst_type FLOAT32, limvals_min: -67.4827, limvals_max: 0) >> (UserBuffQEl0yolo26n/conv80 | timeout: 10s)
[2026-09-07 20:13:37.444] [51254] [HailoRT] [info] [edge_elements.cpp:287] [create] Created (HwReadEl3yolo26n/conv91 | hw_frame_size: 11520)
[2026-09-07 20:13:37.444] [51254] [HailoRT] [info] [queue_elements.cpp:657] [create] Created (PullQEl_hw_read3yolo26n/conv91)
[2026-09-07 20:13:37.444] [51254] [HailoRT] [info] [filter_elements.cpp:372] [create] Created (PostInferEl3yolo26n/conv91 | Quantization - src_type: UINT16, dst_type FLOAT32, limvals_min: 0, limvals_max: 8.46146 | Reorder - src_order: FCR, src_shape: (20, 36, 8), dst_order: FCR, dst_shape: (20, 36, 4))
[2026-09-07 20:13:37.444] [51254] [HailoRT] [info] [queue_elements.cpp:800] [create] Created (UserBuffQEl3yolo26n/conv91 | timeout: 10s)
[2026-09-07 20:13:37.444] [51254] [HailoRT] [info] [vstream.cpp:1114] [OutputVStreamImpl] Creating yolo26n/conv91...
[2026-09-07 20:13:37.444] [51254] [HailoRT] [info] [vstream_builder.cpp:220] [create_outputs] Output pipeline 'yolo26n/conv91': HW >> (HwReadEl3yolo26n/conv91 | hw_frame_size: 11520) >> (PullQEl_hw_read3yolo26n/conv91) >> (PostInferEl3yolo26n/conv91 | Quantization - src_type: UINT16, dst_type FLOAT32, limvals_min: 0, limvals_max: 8.46146 | Reorder - src_order: FCR, src_shape: (20, 36, 8), dst_order: FCR, dst_shape: (20, 36, 4)) >> (UserBuffQEl3yolo26n/conv91 | timeout: 10s)
[2026-09-07 20:13:37.445] [51254] [HailoRT] [info] [edge_elements.cpp:287] [create] Created (HwReadEl0yolo26n/conv94 | hw_frame_size: 11520)
[2026-09-07 20:13:37.445] [51254] [HailoRT] [info] [queue_elements.cpp:657] [create] Created (PullQEl_hw_read0yolo26n/conv94)
[2026-09-07 20:13:37.445] [51254] [HailoRT] [info] [filter_elements.cpp:372] [create] Created (PostInferEl0yolo26n/conv94 | Quantization - src_type: UINT16, dst_type FLOAT32, limvals_min: -64.0772, limvals_max: 0 | Reorder - src_order: FCR, src_shape: (20, 36, 8), dst_order: FCR, dst_shape: (20, 36, 1))
[2026-09-07 20:13:37.445] [51254] [HailoRT] [info] [queue_elements.cpp:800] [create] Created (UserBuffQEl0yolo26n/conv94 | timeout: 10s)
[2026-09-07 20:13:37.445] [51254] [HailoRT] [info] [vstream.cpp:1114] [OutputVStreamImpl] Creating yolo26n/conv94...
[2026-09-07 20:13:37.445] [51254] [HailoRT] [info] [vstream_builder.cpp:220] [create_outputs] Output pipeline 'yolo26n/conv94': HW >> (HwReadEl0yolo26n/conv94 | hw_frame_size: 11520) >> (PullQEl_hw_read0yolo26n/conv94) >> (PostInferEl0yolo26n/conv94 | Quantization - src_type: UINT16, dst_type FLOAT32, limvals_min: -64.0772, limvals_max: 0 | Reorder - src_order: FCR, src_shape: (20, 36, 8), dst_order: FCR, dst_shape: (20, 36, 1)) >> (UserBuffQEl0yolo26n/conv94 | timeout: 10s)
[2026-09-07 20:13:37.445] [51254] [HailoRT] [info] [core_op.cpp:156] [activate] Activating yolo26n took 0.493833 milliseconds. Note that the function is asynchronous and thus the network is not fully activated yet.
[2026-09-07 20:13:37.445] [51254] [HailoRT] [info] [core_op.cpp:156] [activate] Activating yolo26n took 0.506611 milliseconds. Note that the function is asynchronous and thus the network is not fully activated yet.
[2026-09-07 20:14:12.069] [51366] [HailoRT] [info] [vdevice_native_stream.cpp:331] [read_impl] Failed read from stream HAILO_STREAM_NOT_ACTIVATED(72) (device: 0001:01:00.0)
[2026-09-07 20:14:12.069] [51372] [HailoRT] [info] [vdevice_native_stream.cpp:331] [read_impl] Failed read from stream HAILO_STREAM_NOT_ACTIVATED(72) (device: 0001:01:00.0)
[2026-09-07 20:14:12.069] [51364] [HailoRT] [info] [vdevice_native_stream.cpp:331] [read_impl] Failed read from stream HAILO_STREAM_NOT_ACTIVATED(72) (device: 0001:01:00.0)
[2026-09-07 20:14:12.069] [51362] [HailoRT] [info] [vdevice_native_stream.cpp:331] [read_impl] Failed read from stream HAILO_STREAM_NOT_ACTIVATED(72) (device: 0001:01:00.0)
[2026-09-07 20:14:12.069] [51374] [HailoRT] [info] [vdevice_native_stream.cpp:331] [read_impl] Failed read from stream HAILO_STREAM_NOT_ACTIVATED(72) (device: 0001:01:00.0)
[2026-09-07 20:14:12.069] [51369] [HailoRT] [info] [vdevice_native_stream.cpp:331] [read_impl] Failed read from stream HAILO_STREAM_NOT_ACTIVATED(72) (device: 0001:01:00.0)
[2026-09-07 20:14:12.070] [51254] [HailoRT] [info] [core_op.cpp:186] [deactivate] Deactivating took 0.550574 ms
[2026-09-07 20:14:12.070] [51254] [HailoRT] [info] [core_op.cpp:186] [deactivate] Deactivating took 0.569222 ms
[2026-09-07 20:14:12.070] [51362] [HailoRT] [info] [queue_elements.cpp:734] [run_in_thread] Shutdown event was signaled in run_pull of queue element PullQEl_hw_read3yolo26n/conv61!
[2026-09-07 20:14:12.070] [51363] [HailoRT] [info] [queue_elements.cpp:855] [run_in_thread] Shutdown event was signaled in dequeue of UserBuffQEl3yolo26n/conv61!
[2026-09-07 20:14:12.070] [51362] [HailoRT] [info] [queue_elements.cpp:68] [operator()] Thread in element PullQEl_hw_read3yolo26n/conv61 is not running anymore, exiting..
[2026-09-07 20:14:12.070] [51254] [HailoRT] [info] [queue_elements.cpp:46] [~BaseQueueElement] Queue element PullQEl_hw_read3yolo26n/conv61 has 0 frames in his Queue on destruction
[2026-09-07 20:14:12.070] [51363] [HailoRT] [info] [queue_elements.cpp:68] [operator()] Thread in element UserBuffQEl3yolo26n/conv61 is not running anymore, exiting..
[2026-09-07 20:14:12.070] [51254] [HailoRT] [info] [queue_elements.cpp:46] [~BaseQueueElement] Queue element UserBuffQEl3yolo26n/conv61 has 0 frames in his Queue on destruction
[2026-09-07 20:14:12.070] [51365] [HailoRT] [info] [queue_elements.cpp:855] [run_in_thread] Shutdown event was signaled in dequeue of UserBuffQEl2yolo26n/conv64!
[2026-09-07 20:14:12.070] [51364] [HailoRT] [info] [queue_elements.cpp:734] [run_in_thread] Shutdown event was signaled in run_pull of queue element PullQEl_hw_read2yolo26n/conv64!
[2026-09-07 20:14:12.070] [51364] [HailoRT] [info] [queue_elements.cpp:68] [operator()] Thread in element PullQEl_hw_read2yolo26n/conv64 is not running anymore, exiting..
[2026-09-07 20:14:12.070] [51254] [HailoRT] [info] [queue_elements.cpp:46] [~BaseQueueElement] Queue element PullQEl_hw_read2yolo26n/conv64 has 0 frames in his Queue on destruction
[2026-09-07 20:14:12.070] [51365] [HailoRT] [info] [queue_elements.cpp:68] [operator()] Thread in element UserBuffQEl2yolo26n/conv64 is not running anymore, exiting..
[2026-09-07 20:14:12.070] [51254] [HailoRT] [info] [queue_elements.cpp:46] [~BaseQueueElement] Queue element UserBuffQEl2yolo26n/conv64 has 0 frames in his Queue on destruction
[2026-09-07 20:14:12.070] [51367] [HailoRT] [info] [queue_elements.cpp:855] [run_in_thread] Shutdown event was signaled in dequeue of UserBuffQEl2yolo26n/conv77!
[2026-09-07 20:14:12.070] [51366] [HailoRT] [info] [queue_elements.cpp:734] [run_in_thread] Shutdown event was signaled in run_pull of queue element PullQEl_hw_read2yolo26n/conv77!
[2026-09-07 20:14:12.070] [51366] [HailoRT] [info] [queue_elements.cpp:68] [operator()] Thread in element PullQEl_hw_read2yolo26n/conv77 is not running anymore, exiting..
[2026-09-07 20:14:12.070] [51254] [HailoRT] [info] [queue_elements.cpp:46] [~BaseQueueElement] Queue element PullQEl_hw_read2yolo26n/conv77 has 0 frames in his Queue on destruction
[2026-09-07 20:14:12.070] [51367] [HailoRT] [info] [queue_elements.cpp:68] [operator()] Thread in element UserBuffQEl2yolo26n/conv77 is not running anymore, exiting..
[2026-09-07 20:14:12.070] [51254] [HailoRT] [info] [queue_elements.cpp:46] [~BaseQueueElement] Queue element UserBuffQEl2yolo26n/conv77 has 0 frames in his Queue on destruction
[2026-09-07 20:14:12.070] [51369] [HailoRT] [info] [queue_elements.cpp:734] [run_in_thread] Shutdown event was signaled in run_pull of queue element PullQEl_hw_read0yolo26n/conv80!
[2026-09-07 20:14:12.070] [51370] [HailoRT] [info] [queue_elements.cpp:855] [run_in_thread] Shutdown event was signaled in dequeue of UserBuffQEl0yolo26n/conv80!
[2026-09-07 20:14:12.070] [51369] [HailoRT] [info] [queue_elements.cpp:68] [operator()] Thread in element PullQEl_hw_read0yolo26n/conv80 is not running anymore, exiting..
[2026-09-07 20:14:12.070] [51254] [HailoRT] [info] [queue_elements.cpp:46] [~BaseQueueElement] Queue element PullQEl_hw_read0yolo26n/conv80 has 0 frames in his Queue on destruction
[2026-09-07 20:14:12.070] [51370] [HailoRT] [info] [queue_elements.cpp:68] [operator()] Thread in element UserBuffQEl0yolo26n/conv80 is not running anymore, exiting..
[2026-09-07 20:14:12.071] [51254] [HailoRT] [info] [queue_elements.cpp:46] [~BaseQueueElement] Queue element UserBuffQEl0yolo26n/conv80 has 0 frames in his Queue on destruction
[2026-09-07 20:14:12.071] [51372] [HailoRT] [info] [queue_elements.cpp:734] [run_in_thread] Shutdown event was signaled in run_pull of queue element PullQEl_hw_read3yolo26n/conv91!
[2026-09-07 20:14:12.071] [51373] [HailoRT] [info] [queue_elements.cpp:855] [run_in_thread] Shutdown event was signaled in dequeue of UserBuffQEl3yolo26n/conv91!
[2026-09-07 20:14:12.071] [51372] [HailoRT] [info] [queue_elements.cpp:68] [operator()] Thread in element PullQEl_hw_read3yolo26n/conv91 is not running anymore, exiting..
[2026-09-07 20:14:12.071] [51254] [HailoRT] [info] [queue_elements.cpp:46] [~BaseQueueElement] Queue element PullQEl_hw_read3yolo26n/conv91 has 0 frames in his Queue on destruction
[2026-09-07 20:14:12.071] [51373] [HailoRT] [info] [queue_elements.cpp:68] [operator()] Thread in element UserBuffQEl3yolo26n/conv91 is not running anymore, exiting..
[2026-09-07 20:14:12.071] [51254] [HailoRT] [info] [queue_elements.cpp:46] [~BaseQueueElement] Queue element UserBuffQEl3yolo26n/conv91 has 0 frames in his Queue on destruction
[2026-09-07 20:14:12.071] [51375] [HailoRT] [info] [queue_elements.cpp:855] [run_in_thread] Shutdown event was signaled in dequeue of UserBuffQEl0yolo26n/conv94!
[2026-09-07 20:14:12.071] [51374] [HailoRT] [info] [queue_elements.cpp:734] [run_in_thread] Shutdown event was signaled in run_pull of queue element PullQEl_hw_read0yolo26n/conv94!
[2026-09-07 20:14:12.071] [51374] [HailoRT] [info] [queue_elements.cpp:68] [operator()] Thread in element PullQEl_hw_read0yolo26n/conv94 is not running anymore, exiting..
[2026-09-07 20:14:12.071] [51254] [HailoRT] [info] [queue_elements.cpp:46] [~BaseQueueElement] Queue element PullQEl_hw_read0yolo26n/conv94 has 0 frames in his Queue on destruction
[2026-09-07 20:14:12.071] [51375] [HailoRT] [info] [queue_elements.cpp:68] [operator()] Thread in element UserBuffQEl0yolo26n/conv94 is not running anymore, exiting..
[2026-09-07 20:14:12.071] [51254] [HailoRT] [info] [queue_elements.cpp:46] [~BaseQueueElement] Queue element UserBuffQEl0yolo26n/conv94 has 0 frames in his Queue on destruction
[2026-09-07 20:16:53.637] [57297] [HailoRT] [info] [vdevice.cpp:535] [create] Creating vdevice with params: device_count: 1, scheduling_algorithm: NONE, multi_process_service: false
[2026-09-07 20:16:53.649] [57297] [HailoRT] [info] [device.cpp:51] [Device] OS Version: Linux 6.18.39+rpt-rpi-2712 #1 SMP PREEMPT Debian 1:6.18.39-1+rpt1 (2026-07-29) aarch64
[2026-09-07 20:16:53.649] [57297] [HailoRT] [info] [control.cpp:113] [control__parse_identify_results] firmware_version is: 4.23.0
[2026-09-07 20:16:53.649] [57297] [HailoRT] [info] [vdevice.cpp:682] [create] VDevice Infos: 0001:01:00.0
[2026-09-07 20:16:53.656] [57297] [HailoRT] [info] [internal_buffer_manager.cpp:77] [print_execution_results] Planned internal buffer memory: CMA=0 CMA-Desc=917504 Pinned=2956800. memory to edge layer usage factor is 0.9621793
[2026-09-07 20:16:53.656] [57297] [HailoRT] [info] [internal_buffer_manager.cpp:86] [print_execution_results] Default Internal buffer planner executed successfully
[2026-09-07 20:16:53.691] [57297] [HailoRT] [info] [device_internal.cpp:57] [configure] Configuring HEF took 41.254145 milliseconds
[2026-09-07 20:16:53.691] [57297] [HailoRT] [info] [vdevice.cpp:780] [configure] Configuring HEF on VDevice took 41.582738 milliseconds
[2026-09-07 20:16:53.691] [57297] [HailoRT] [info] [hef.cpp:1994] [get_network_group_and_network_name] No name was given. Addressing all networks of default network_group: yolo26n
[2026-09-07 20:16:53.691] [57297] [HailoRT] [info] [hef.cpp:1994] [get_network_group_and_network_name] No name was given. Addressing all networks of default network_group: yolo26n
[2026-09-07 20:16:53.691] [57297] [HailoRT] [info] [edge_elements.cpp:52] [create] Created (HwWriteEl2yolo26n/input_layer1 | hw_frame_size: 2211840)
[2026-09-07 20:16:53.691] [57297] [HailoRT] [info] [vstream.cpp:754] [InputVStreamImpl] Creating yolo26n/input_layer1...
[2026-09-07 20:16:53.691] [57297] [HailoRT] [info] [vstream_builder.cpp:102] [create_inputs] Input pipeline 'yolo26n/input_layer1': (HwWriteEl2yolo26n/input_layer1 | hw_frame_size: 2211840) >> HW
[2026-09-07 20:16:53.691] [57297] [HailoRT] [info] [edge_elements.cpp:287] [create] Created (HwReadEl3yolo26n/conv61 | hw_frame_size: 92160)
[2026-09-07 20:16:53.691] [57297] [HailoRT] [info] [queue_elements.cpp:657] [create] Created (PullQEl_hw_read3yolo26n/conv61)
[2026-09-07 20:16:53.691] [57297] [HailoRT] [info] [filter_elements.cpp:372] [create] Created (PostInferEl3yolo26n/conv61 | Quantization - src_type: UINT16, dst_type FLOAT32, limvals_min: -0.881752, limvals_max: 6.27869)
[2026-09-07 20:16:53.692] [57297] [HailoRT] [info] [queue_elements.cpp:800] [create] Created (UserBuffQEl3yolo26n/conv61 | timeout: 10s)
[2026-09-07 20:16:53.692] [57297] [HailoRT] [info] [vstream.cpp:1114] [OutputVStreamImpl] Creating yolo26n/conv61...
[2026-09-07 20:16:53.692] [57297] [HailoRT] [info] [vstream_builder.cpp:220] [create_outputs] Output pipeline 'yolo26n/conv61': HW >> (HwReadEl3yolo26n/conv61 | hw_frame_size: 92160) >> (PullQEl_hw_read3yolo26n/conv61) >> (PostInferEl3yolo26n/conv61 | Quantization - src_type: UINT16, dst_type FLOAT32, limvals_min: -0.881752, limvals_max: 6.27869) >> (UserBuffQEl3yolo26n/conv61 | timeout: 10s)
[2026-09-07 20:16:53.692] [57297] [HailoRT] [info] [edge_elements.cpp:287] [create] Created (HwReadEl2yolo26n/conv64 | hw_frame_size: 23040)
[2026-09-07 20:16:53.692] [57297] [HailoRT] [info] [queue_elements.cpp:657] [create] Created (PullQEl_hw_read2yolo26n/conv64)
[2026-09-07 20:16:53.692] [57297] [HailoRT] [info] [filter_elements.cpp:372] [create] Created (PostInferEl2yolo26n/conv64 | Quantization - src_type: UINT16, dst_type FLOAT32, limvals_min: -164.817, limvals_max: 3.19963)
[2026-09-07 20:16:53.692] [57297] [HailoRT] [info] [queue_elements.cpp:800] [create] Created (UserBuffQEl2yolo26n/conv64 | timeout: 10s)
[2026-09-07 20:16:53.692] [57297] [HailoRT] [info] [vstream.cpp:1114] [OutputVStreamImpl] Creating yolo26n/conv64...
[2026-09-07 20:16:53.692] [57297] [HailoRT] [info] [vstream_builder.cpp:220] [create_outputs] Output pipeline 'yolo26n/conv64': HW >> (HwReadEl2yolo26n/conv64 | hw_frame_size: 23040) >> (PullQEl_hw_read2yolo26n/conv64) >> (PostInferEl2yolo26n/conv64 | Quantization - src_type: UINT16, dst_type FLOAT32, limvals_min: -164.817, limvals_max: 3.19963) >> (UserBuffQEl2yolo26n/conv64 | timeout: 10s)
[2026-09-07 20:16:53.692] [57297] [HailoRT] [info] [edge_elements.cpp:287] [create] Created (HwReadEl2yolo26n/conv77 | hw_frame_size: 23040)
[2026-09-07 20:16:53.692] [57297] [HailoRT] [info] [queue_elements.cpp:657] [create] Created (PullQEl_hw_read2yolo26n/conv77)
[2026-09-07 20:16:53.692] [57297] [HailoRT] [info] [filter_elements.cpp:372] [create] Created (PostInferEl2yolo26n/conv77 | Quantization - src_type: UINT16, dst_type FLOAT32, limvals_min: -0.67052, limvals_max: 17.2357)
[2026-09-07 20:16:53.692] [57297] [HailoRT] [info] [queue_elements.cpp:800] [create] Created (UserBuffQEl2yolo26n/conv77 | timeout: 10s)
[2026-09-07 20:16:53.692] [57297] [HailoRT] [info] [vstream.cpp:1114] [OutputVStreamImpl] Creating yolo26n/conv77...
[2026-09-07 20:16:53.692] [57297] [HailoRT] [info] [vstream_builder.cpp:220] [create_outputs] Output pipeline 'yolo26n/conv77': HW >> (HwReadEl2yolo26n/conv77 | hw_frame_size: 23040) >> (PullQEl_hw_read2yolo26n/conv77) >> (PostInferEl2yolo26n/conv77 | Quantization - src_type: UINT16, dst_type FLOAT32, limvals_min: -0.67052, limvals_max: 17.2357) >> (UserBuffQEl2yolo26n/conv77 | timeout: 10s)
[2026-09-07 20:16:53.692] [57297] [HailoRT] [info] [edge_elements.cpp:287] [create] Created (HwReadEl0yolo26n/conv80 | hw_frame_size: 5760)
[2026-09-07 20:16:53.692] [57297] [HailoRT] [info] [queue_elements.cpp:657] [create] Created (PullQEl_hw_read0yolo26n/conv80)
[2026-09-07 20:16:53.692] [57297] [HailoRT] [info] [filter_elements.cpp:372] [create] Created (PostInferEl0yolo26n/conv80 | Quantization - src_type: UINT16, dst_type FLOAT32, limvals_min: -67.4827, limvals_max: 0)
[2026-09-07 20:16:53.692] [57297] [HailoRT] [info] [queue_elements.cpp:800] [create] Created (UserBuffQEl0yolo26n/conv80 | timeout: 10s)
[2026-09-07 20:16:53.692] [57297] [HailoRT] [info] [vstream.cpp:1114] [OutputVStreamImpl] Creating yolo26n/conv80...
[2026-09-07 20:16:53.692] [57297] [HailoRT] [info] [vstream_builder.cpp:220] [create_outputs] Output pipeline 'yolo26n/conv80': HW >> (HwReadEl0yolo26n/conv80 | hw_frame_size: 5760) >> (PullQEl_hw_read0yolo26n/conv80) >> (PostInferEl0yolo26n/conv80 | Quantization - src_type: UINT16, dst_type FLOAT32, limvals_min: -67.4827, limvals_max: 0) >> (UserBuffQEl0yolo26n/conv80 | timeout: 10s)
[2026-09-07 20:16:53.692] [57297] [HailoRT] [info] [edge_elements.cpp:287] [create] Created (HwReadEl3yolo26n/conv91 | hw_frame_size: 11520)
[2026-09-07 20:16:53.692] [57297] [HailoRT] [info] [queue_elements.cpp:657] [create] Created (PullQEl_hw_read3yolo26n/conv91)
[2026-09-07 20:16:53.692] [57297] [HailoRT] [info] [filter_elements.cpp:372] [create] Created (PostInferEl3yolo26n/conv91 | Quantization - src_type: UINT16, dst_type FLOAT32, limvals_min: 0, limvals_max: 8.46146 | Reorder - src_order: FCR, src_shape: (20, 36, 8), dst_order: FCR, dst_shape: (20, 36, 4))
[2026-09-07 20:16:53.692] [57297] [HailoRT] [info] [queue_elements.cpp:800] [create] Created (UserBuffQEl3yolo26n/conv91 | timeout: 10s)
[2026-09-07 20:16:53.692] [57297] [HailoRT] [info] [vstream.cpp:1114] [OutputVStreamImpl] Creating yolo26n/conv91...
[2026-09-07 20:16:53.692] [57297] [HailoRT] [info] [vstream_builder.cpp:220] [create_outputs] Output pipeline 'yolo26n/conv91': HW >> (HwReadEl3yolo26n/conv91 | hw_frame_size: 11520) >> (PullQEl_hw_read3yolo26n/conv91) >> (PostInferEl3yolo26n/conv91 | Quantization - src_type: UINT16, dst_type FLOAT32, limvals_min: 0, limvals_max: 8.46146 | Reorder - src_order: FCR, src_shape: (20, 36, 8), dst_order: FCR, dst_shape: (20, 36, 4)) >> (UserBuffQEl3yolo26n/conv91 | timeout: 10s)
[2026-09-07 20:16:53.692] [57297] [HailoRT] [info] [edge_elements.cpp:287] [create] Created (HwReadEl0yolo26n/conv94 | hw_frame_size: 11520)
[2026-09-07 20:16:53.693] [57297] [HailoRT] [info] [queue_elements.cpp:657] [create] Created (PullQEl_hw_read0yolo26n/conv94)
[2026-09-07 20:16:53.693] [57297] [HailoRT] [info] [filter_elements.cpp:372] [create] Created (PostInferEl0yolo26n/conv94 | Quantization - src_type: UINT16, dst_type FLOAT32, limvals_min: -64.0772, limvals_max: 0 | Reorder - src_order: FCR, src_shape: (20, 36, 8), dst_order: FCR, dst_shape: (20, 36, 1))
[2026-09-07 20:16:53.693] [57297] [HailoRT] [info] [queue_elements.cpp:800] [create] Created (UserBuffQEl0yolo26n/conv94 | timeout: 10s)
[2026-09-07 20:16:53.693] [57297] [HailoRT] [info] [vstream.cpp:1114] [OutputVStreamImpl] Creating yolo26n/conv94...
[2026-09-07 20:16:53.693] [57297] [HailoRT] [info] [vstream_builder.cpp:220] [create_outputs] Output pipeline 'yolo26n/conv94': HW >> (HwReadEl0yolo26n/conv94 | hw_frame_size: 11520) >> (PullQEl_hw_read0yolo26n/conv94) >> (PostInferEl0yolo26n/conv94 | Quantization - src_type: UINT16, dst_type FLOAT32, limvals_min: -64.0772, limvals_max: 0 | Reorder - src_order: FCR, src_shape: (20, 36, 8), dst_order: FCR, dst_shape: (20, 36, 1)) >> (UserBuffQEl0yolo26n/conv94 | timeout: 10s)
[2026-09-07 20:16:53.693] [57297] [HailoRT] [info] [core_op.cpp:156] [activate] Activating yolo26n took 0.545704 milliseconds. Note that the function is asynchronous and thus the network is not fully activated yet.
[2026-09-07 20:16:53.693] [57297] [HailoRT] [info] [core_op.cpp:156] [activate] Activating yolo26n took 0.561408 milliseconds. Note that the function is asynchronous and thus the network is not fully activated yet.
[2026-09-07 20:17:56.506] [57358] [HailoRT] [info] [vdevice_native_stream.cpp:331] [read_impl] Failed read from stream HAILO_STREAM_NOT_ACTIVATED(72) (device: 0001:01:00.0)
[2026-09-07 20:17:56.506] [57360] [HailoRT] [info] [vdevice_native_stream.cpp:331] [read_impl] Failed read from stream HAILO_STREAM_NOT_ACTIVATED(72) (device: 0001:01:00.0)
[2026-09-07 20:17:56.506] [57370] [HailoRT] [info] [vdevice_native_stream.cpp:331] [read_impl] Failed read from stream HAILO_STREAM_NOT_ACTIVATED(72) (device: 0001:01:00.0)
[2026-09-07 20:17:56.506] [57362] [HailoRT] [info] [vdevice_native_stream.cpp:331] [read_impl] Failed read from stream HAILO_STREAM_NOT_ACTIVATED(72) (device: 0001:01:00.0)
[2026-09-07 20:17:56.506] [57365] [HailoRT] [info] [vdevice_native_stream.cpp:331] [read_impl] Failed read from stream HAILO_STREAM_NOT_ACTIVATED(72) (device: 0001:01:00.0)
[2026-09-07 20:17:56.506] [57368] [HailoRT] [info] [vdevice_native_stream.cpp:331] [read_impl] Failed read from stream HAILO_STREAM_NOT_ACTIVATED(72) (device: 0001:01:00.0)
[2026-09-07 20:17:56.506] [57297] [HailoRT] [info] [core_op.cpp:186] [deactivate] Deactivating took 0.538222 ms
[2026-09-07 20:17:56.506] [57297] [HailoRT] [info] [core_op.cpp:186] [deactivate] Deactivating took 0.557222 ms
[2026-09-07 20:17:56.506] [57359] [HailoRT] [info] [queue_elements.cpp:855] [run_in_thread] Shutdown event was signaled in dequeue of UserBuffQEl3yolo26n/conv61!
[2026-09-07 20:17:56.506] [57358] [HailoRT] [info] [queue_elements.cpp:734] [run_in_thread] Shutdown event was signaled in run_pull of queue element PullQEl_hw_read3yolo26n/conv61!
[2026-09-07 20:17:56.506] [57358] [HailoRT] [info] [queue_elements.cpp:68] [operator()] Thread in element PullQEl_hw_read3yolo26n/conv61 is not running anymore, exiting..
[2026-09-07 20:17:56.506] [57297] [HailoRT] [info] [queue_elements.cpp:46] [~BaseQueueElement] Queue element PullQEl_hw_read3yolo26n/conv61 has 0 frames in his Queue on destruction
[2026-09-07 20:17:56.506] [57359] [HailoRT] [info] [queue_elements.cpp:68] [operator()] Thread in element UserBuffQEl3yolo26n/conv61 is not running anymore, exiting..
[2026-09-07 20:17:56.506] [57297] [HailoRT] [info] [queue_elements.cpp:46] [~BaseQueueElement] Queue element UserBuffQEl3yolo26n/conv61 has 0 frames in his Queue on destruction
[2026-09-07 20:17:56.506] [57360] [HailoRT] [info] [queue_elements.cpp:734] [run_in_thread] Shutdown event was signaled in run_pull of queue element PullQEl_hw_read2yolo26n/conv64!
[2026-09-07 20:17:56.506] [57361] [HailoRT] [info] [queue_elements.cpp:855] [run_in_thread] Shutdown event was signaled in dequeue of UserBuffQEl2yolo26n/conv64!
[2026-09-07 20:17:56.506] [57360] [HailoRT] [info] [queue_elements.cpp:68] [operator()] Thread in element PullQEl_hw_read2yolo26n/conv64 is not running anymore, exiting..
[2026-09-07 20:17:56.506] [57297] [HailoRT] [info] [queue_elements.cpp:46] [~BaseQueueElement] Queue element PullQEl_hw_read2yolo26n/conv64 has 0 frames in his Queue on destruction
[2026-09-07 20:17:56.506] [57361] [HailoRT] [info] [queue_elements.cpp:68] [operator()] Thread in element UserBuffQEl2yolo26n/conv64 is not running anymore, exiting..
[2026-09-07 20:17:56.506] [57297] [HailoRT] [info] [queue_elements.cpp:46] [~BaseQueueElement] Queue element UserBuffQEl2yolo26n/conv64 has 0 frames in his Queue on destruction
[2026-09-07 20:17:56.506] [57362] [HailoRT] [info] [queue_elements.cpp:734] [run_in_thread] Shutdown event was signaled in run_pull of queue element PullQEl_hw_read2yolo26n/conv77!
[2026-09-07 20:17:56.506] [57363] [HailoRT] [info] [queue_elements.cpp:855] [run_in_thread] Shutdown event was signaled in dequeue of UserBuffQEl2yolo26n/conv77!
[2026-09-07 20:17:56.506] [57362] [HailoRT] [info] [queue_elements.cpp:68] [operator()] Thread in element PullQEl_hw_read2yolo26n/conv77 is not running anymore, exiting..
[2026-09-07 20:17:56.506] [57297] [HailoRT] [info] [queue_elements.cpp:46] [~BaseQueueElement] Queue element PullQEl_hw_read2yolo26n/conv77 has 0 frames in his Queue on destruction
[2026-09-07 20:17:56.507] [57363] [HailoRT] [info] [queue_elements.cpp:68] [operator()] Thread in element UserBuffQEl2yolo26n/conv77 is not running anymore, exiting..
[2026-09-07 20:17:56.507] [57297] [HailoRT] [info] [queue_elements.cpp:46] [~BaseQueueElement] Queue element UserBuffQEl2yolo26n/conv77 has 0 frames in his Queue on destruction
[2026-09-07 20:17:56.507] [57366] [HailoRT] [info] [queue_elements.cpp:855] [run_in_thread] Shutdown event was signaled in dequeue of UserBuffQEl0yolo26n/conv80!
[2026-09-07 20:17:56.507] [57365] [HailoRT] [info] [queue_elements.cpp:734] [run_in_thread] Shutdown event was signaled in run_pull of queue element PullQEl_hw_read0yolo26n/conv80!
[2026-09-07 20:17:56.507] [57365] [HailoRT] [info] [queue_elements.cpp:68] [operator()] Thread in element PullQEl_hw_read0yolo26n/conv80 is not running anymore, exiting..
[2026-09-07 20:17:56.507] [57297] [HailoRT] [info] [queue_elements.cpp:46] [~BaseQueueElement] Queue element PullQEl_hw_read0yolo26n/conv80 has 0 frames in his Queue on destruction
[2026-09-07 20:17:56.507] [57366] [HailoRT] [info] [queue_elements.cpp:68] [operator()] Thread in element UserBuffQEl0yolo26n/conv80 is not running anymore, exiting..
[2026-09-07 20:17:56.507] [57297] [HailoRT] [info] [queue_elements.cpp:46] [~BaseQueueElement] Queue element UserBuffQEl0yolo26n/conv80 has 0 frames in his Queue on destruction
[2026-09-07 20:17:56.507] [57369] [HailoRT] [info] [queue_elements.cpp:855] [run_in_thread] Shutdown event was signaled in dequeue of UserBuffQEl3yolo26n/conv91!
[2026-09-07 20:17:56.507] [57368] [HailoRT] [info] [queue_elements.cpp:734] [run_in_thread] Shutdown event was signaled in run_pull of queue element PullQEl_hw_read3yolo26n/conv91!
[2026-09-07 20:17:56.507] [57368] [HailoRT] [info] [queue_elements.cpp:68] [operator()] Thread in element PullQEl_hw_read3yolo26n/conv91 is not running anymore, exiting..
[2026-09-07 20:17:56.507] [57297] [HailoRT] [info] [queue_elements.cpp:46] [~BaseQueueElement] Queue element PullQEl_hw_read3yolo26n/conv91 has 0 frames in his Queue on destruction
[2026-09-07 20:17:56.507] [57369] [HailoRT] [info] [queue_elements.cpp:68] [operator()] Thread in element UserBuffQEl3yolo26n/conv91 is not running anymore, exiting..
[2026-09-07 20:17:56.507] [57297] [HailoRT] [info] [queue_elements.cpp:46] [~BaseQueueElement] Queue element UserBuffQEl3yolo26n/conv91 has 0 frames in his Queue on destruction
[2026-09-07 20:17:56.507] [57370] [HailoRT] [info] [queue_elements.cpp:734] [run_in_thread] Shutdown event was signaled in run_pull of queue element PullQEl_hw_read0yolo26n/conv94!
[2026-09-07 20:17:56.507] [57371] [HailoRT] [info] [queue_elements.cpp:855] [run_in_thread] Shutdown event was signaled in dequeue of UserBuffQEl0yolo26n/conv94!
[2026-09-07 20:17:56.507] [57370] [HailoRT] [info] [queue_elements.cpp:68] [operator()] Thread in element PullQEl_hw_read0yolo26n/conv94 is not running anymore, exiting..
[2026-09-07 20:17:56.507] [57297] [HailoRT] [info] [queue_elements.cpp:46] [~BaseQueueElement] Queue element PullQEl_hw_read0yolo26n/conv94 has 0 frames in his Queue on destruction
[2026-09-07 20:17:56.507] [57371] [HailoRT] [info] [queue_elements.cpp:68] [operator()] Thread in element UserBuffQEl0yolo26n/conv94 is not running anymore, exiting..
[2026-09-07 20:17:56.507] [57297] [HailoRT] [info] [queue_elements.cpp:46] [~BaseQueueElement] Queue element UserBuffQEl0yolo26n/conv94 has 0 frames in his Queue on destruction
[2026-09-07 20:19:34.830] [63845] [HailoRT] [info] [vdevice.cpp:535] [create] Creating vdevice with params: device_count: 1, scheduling_algorithm: NONE, multi_process_service: false
[2026-09-07 20:19:34.842] [63845] [HailoRT] [info] [device.cpp:51] [Device] OS Version: Linux 6.18.39+rpt-rpi-2712 #1 SMP PREEMPT Debian 1:6.18.39-1+rpt1 (2026-07-29) aarch64
[2026-09-07 20:19:34.843] [63845] [HailoRT] [info] [control.cpp:113] [control__parse_identify_results] firmware_version is: 4.23.0
[2026-09-07 20:19:34.843] [63845] [HailoRT] [info] [vdevice.cpp:682] [create] VDevice Infos: 0001:01:00.0
[2026-09-07 20:19:34.849] [63845] [HailoRT] [info] [internal_buffer_manager.cpp:77] [print_execution_results] Planned internal buffer memory: CMA=0 CMA-Desc=917504 Pinned=2956800. memory to edge layer usage factor is 0.9621793
[2026-09-07 20:19:34.849] [63845] [HailoRT] [info] [internal_buffer_manager.cpp:86] [print_execution_results] Default Internal buffer planner executed successfully
[2026-09-07 20:19:34.878] [63845] [HailoRT] [info] [device_internal.cpp:57] [configure] Configuring HEF took 35.111756 milliseconds
[2026-09-07 20:19:34.878] [63845] [HailoRT] [info] [vdevice.cpp:780] [configure] Configuring HEF on VDevice took 35.466645 milliseconds
[2026-09-07 20:19:34.878] [63845] [HailoRT] [info] [hef.cpp:1994] [get_network_group_and_network_name] No name was given. Addressing all networks of default network_group: yolo26n
[2026-09-07 20:19:34.878] [63845] [HailoRT] [info] [hef.cpp:1994] [get_network_group_and_network_name] No name was given. Addressing all networks of default network_group: yolo26n
[2026-09-07 20:19:34.878] [63845] [HailoRT] [info] [edge_elements.cpp:52] [create] Created (HwWriteEl2yolo26n/input_layer1 | hw_frame_size: 2211840)
[2026-09-07 20:19:34.878] [63845] [HailoRT] [info] [vstream.cpp:754] [InputVStreamImpl] Creating yolo26n/input_layer1...
[2026-09-07 20:19:34.878] [63845] [HailoRT] [info] [vstream_builder.cpp:102] [create_inputs] Input pipeline 'yolo26n/input_layer1': (HwWriteEl2yolo26n/input_layer1 | hw_frame_size: 2211840) >> HW
[2026-09-07 20:19:34.879] [63845] [HailoRT] [info] [edge_elements.cpp:287] [create] Created (HwReadEl3yolo26n/conv61 | hw_frame_size: 92160)
[2026-09-07 20:19:34.879] [63845] [HailoRT] [info] [queue_elements.cpp:657] [create] Created (PullQEl_hw_read3yolo26n/conv61)
[2026-09-07 20:19:34.879] [63845] [HailoRT] [info] [filter_elements.cpp:372] [create] Created (PostInferEl3yolo26n/conv61 | Quantization - src_type: UINT16, dst_type FLOAT32, limvals_min: -0.881752, limvals_max: 6.27869)
[2026-09-07 20:19:34.879] [63845] [HailoRT] [info] [queue_elements.cpp:800] [create] Created (UserBuffQEl3yolo26n/conv61 | timeout: 10s)
[2026-09-07 20:19:34.879] [63845] [HailoRT] [info] [vstream.cpp:1114] [OutputVStreamImpl] Creating yolo26n/conv61...
[2026-09-07 20:19:34.879] [63845] [HailoRT] [info] [vstream_builder.cpp:220] [create_outputs] Output pipeline 'yolo26n/conv61': HW >> (HwReadEl3yolo26n/conv61 | hw_frame_size: 92160) >> (PullQEl_hw_read3yolo26n/conv61) >> (PostInferEl3yolo26n/conv61 | Quantization - src_type: UINT16, dst_type FLOAT32, limvals_min: -0.881752, limvals_max: 6.27869) >> (UserBuffQEl3yolo26n/conv61 | timeout: 10s)
[2026-09-07 20:19:34.879] [63845] [HailoRT] [info] [edge_elements.cpp:287] [create] Created (HwReadEl2yolo26n/conv64 | hw_frame_size: 23040)
[2026-09-07 20:19:34.879] [63845] [HailoRT] [info] [queue_elements.cpp:657] [create] Created (PullQEl_hw_read2yolo26n/conv64)
[2026-09-07 20:19:34.879] [63845] [HailoRT] [info] [filter_elements.cpp:372] [create] Created (PostInferEl2yolo26n/conv64 | Quantization - src_type: UINT16, dst_type FLOAT32, limvals_min: -164.817, limvals_max: 3.19963)
[2026-09-07 20:19:34.879] [63845] [HailoRT] [info] [queue_elements.cpp:800] [create] Created (UserBuffQEl2yolo26n/conv64 | timeout: 10s)
[2026-09-07 20:19:34.879] [63845] [HailoRT] [info] [vstream.cpp:1114] [OutputVStreamImpl] Creating yolo26n/conv64...
[2026-09-07 20:19:34.879] [63845] [HailoRT] [info] [vstream_builder.cpp:220] [create_outputs] Output pipeline 'yolo26n/conv64': HW >> (HwReadEl2yolo26n/conv64 | hw_frame_size: 23040) >> (PullQEl_hw_read2yolo26n/conv64) >> (PostInferEl2yolo26n/conv64 | Quantization - src_type: UINT16, dst_type FLOAT32, limvals_min: -164.817, limvals_max: 3.19963) >> (UserBuffQEl2yolo26n/conv64 | timeout: 10s)
[2026-09-07 20:19:34.879] [63845] [HailoRT] [info] [edge_elements.cpp:287] [create] Created (HwReadEl2yolo26n/conv77 | hw_frame_size: 23040)
[2026-09-07 20:19:34.879] [63845] [HailoRT] [info] [queue_elements.cpp:657] [create] Created (PullQEl_hw_read2yolo26n/conv77)
[2026-09-07 20:19:34.879] [63845] [HailoRT] [info] [filter_elements.cpp:372] [create] Created (PostInferEl2yolo26n/conv77 | Quantization - src_type: UINT16, dst_type FLOAT32, limvals_min: -0.67052, limvals_max: 17.2357)
[2026-09-07 20:19:34.879] [63845] [HailoRT] [info] [queue_elements.cpp:800] [create] Created (UserBuffQEl2yolo26n/conv77 | timeout: 10s)
[2026-09-07 20:19:34.879] [63845] [HailoRT] [info] [vstream.cpp:1114] [OutputVStreamImpl] Creating yolo26n/conv77...
[2026-09-07 20:19:34.879] [63845] [HailoRT] [info] [vstream_builder.cpp:220] [create_outputs] Output pipeline 'yolo26n/conv77': HW >> (HwReadEl2yolo26n/conv77 | hw_frame_size: 23040) >> (PullQEl_hw_read2yolo26n/conv77) >> (PostInferEl2yolo26n/conv77 | Quantization - src_type: UINT16, dst_type FLOAT32, limvals_min: -0.67052, limvals_max: 17.2357) >> (UserBuffQEl2yolo26n/conv77 | timeout: 10s)
[2026-09-07 20:19:34.879] [63845] [HailoRT] [info] [edge_elements.cpp:287] [create] Created (HwReadEl0yolo26n/conv80 | hw_frame_size: 5760)
[2026-09-07 20:19:34.879] [63845] [HailoRT] [info] [queue_elements.cpp:657] [create] Created (PullQEl_hw_read0yolo26n/conv80)
[2026-09-07 20:19:34.879] [63845] [HailoRT] [info] [filter_elements.cpp:372] [create] Created (PostInferEl0yolo26n/conv80 | Quantization - src_type: UINT16, dst_type FLOAT32, limvals_min: -67.4827, limvals_max: 0)
[2026-09-07 20:19:34.879] [63845] [HailoRT] [info] [queue_elements.cpp:800] [create] Created (UserBuffQEl0yolo26n/conv80 | timeout: 10s)
[2026-09-07 20:19:34.879] [63845] [HailoRT] [info] [vstream.cpp:1114] [OutputVStreamImpl] Creating yolo26n/conv80...
[2026-09-07 20:19:34.879] [63845] [HailoRT] [info] [vstream_builder.cpp:220] [create_outputs] Output pipeline 'yolo26n/conv80': HW >> (HwReadEl0yolo26n/conv80 | hw_frame_size: 5760) >> (PullQEl_hw_read0yolo26n/conv80) >> (PostInferEl0yolo26n/conv80 | Quantization - src_type: UINT16, dst_type FLOAT32, limvals_min: -67.4827, limvals_max: 0) >> (UserBuffQEl0yolo26n/conv80 | timeout: 10s)
[2026-09-07 20:19:34.879] [63845] [HailoRT] [info] [edge_elements.cpp:287] [create] Created (HwReadEl3yolo26n/conv91 | hw_frame_size: 11520)
[2026-09-07 20:19:34.879] [63845] [HailoRT] [info] [queue_elements.cpp:657] [create] Created (PullQEl_hw_read3yolo26n/conv91)
[2026-09-07 20:19:34.879] [63845] [HailoRT] [info] [filter_elements.cpp:372] [create] Created (PostInferEl3yolo26n/conv91 | Quantization - src_type: UINT16, dst_type FLOAT32, limvals_min: 0, limvals_max: 8.46146 | Reorder - src_order: FCR, src_shape: (20, 36, 8), dst_order: FCR, dst_shape: (20, 36, 4))
[2026-09-07 20:19:34.880] [63845] [HailoRT] [info] [queue_elements.cpp:800] [create] Created (UserBuffQEl3yolo26n/conv91 | timeout: 10s)
[2026-09-07 20:19:34.880] [63845] [HailoRT] [info] [vstream.cpp:1114] [OutputVStreamImpl] Creating yolo26n/conv91...
[2026-09-07 20:19:34.880] [63845] [HailoRT] [info] [vstream_builder.cpp:220] [create_outputs] Output pipeline 'yolo26n/conv91': HW >> (HwReadEl3yolo26n/conv91 | hw_frame_size: 11520) >> (PullQEl_hw_read3yolo26n/conv91) >> (PostInferEl3yolo26n/conv91 | Quantization - src_type: UINT16, dst_type FLOAT32, limvals_min: 0, limvals_max: 8.46146 | Reorder - src_order: FCR, src_shape: (20, 36, 8), dst_order: FCR, dst_shape: (20, 36, 4)) >> (UserBuffQEl3yolo26n/conv91 | timeout: 10s)
[2026-09-07 20:19:34.880] [63845] [HailoRT] [info] [edge_elements.cpp:287] [create] Created (HwReadEl0yolo26n/conv94 | hw_frame_size: 11520)
[2026-09-07 20:19:34.880] [63845] [HailoRT] [info] [queue_elements.cpp:657] [create] Created (PullQEl_hw_read0yolo26n/conv94)
[2026-09-07 20:19:34.880] [63845] [HailoRT] [info] [filter_elements.cpp:372] [create] Created (PostInferEl0yolo26n/conv94 | Quantization - src_type: UINT16, dst_type FLOAT32, limvals_min: -64.0772, limvals_max: 0 | Reorder - src_order: FCR, src_shape: (20, 36, 8), dst_order: FCR, dst_shape: (20, 36, 1))
[2026-09-07 20:19:34.880] [63845] [HailoRT] [info] [queue_elements.cpp:800] [create] Created (UserBuffQEl0yolo26n/conv94 | timeout: 10s)
[2026-09-07 20:19:34.880] [63845] [HailoRT] [info] [vstream.cpp:1114] [OutputVStreamImpl] Creating yolo26n/conv94...
[2026-09-07 20:19:34.880] [63845] [HailoRT] [info] [vstream_builder.cpp:220] [create_outputs] Output pipeline 'yolo26n/conv94': HW >> (HwReadEl0yolo26n/conv94 | hw_frame_size: 11520) >> (PullQEl_hw_read0yolo26n/conv94) >> (PostInferEl0yolo26n/conv94 | Quantization - src_type: UINT16, dst_type FLOAT32, limvals_min: -64.0772, limvals_max: 0 | Reorder - src_order: FCR, src_shape: (20, 36, 8), dst_order: FCR, dst_shape: (20, 36, 1)) >> (UserBuffQEl0yolo26n/conv94 | timeout: 10s)
[2026-09-07 20:19:34.880] [63845] [HailoRT] [info] [core_op.cpp:156] [activate] Activating yolo26n took 0.465482 milliseconds. Note that the function is asynchronous and thus the network is not fully activated yet.
[2026-09-07 20:19:34.880] [63845] [HailoRT] [info] [core_op.cpp:156] [activate] Activating yolo26n took 0.474297 milliseconds. Note that the function is asynchronous and thus the network is not fully activated yet.
[2026-09-07 20:20:32.191] [63901] [HailoRT] [info] [vdevice_native_stream.cpp:331] [read_impl] Failed read from stream HAILO_STREAM_NOT_ACTIVATED(72) (device: 0001:01:00.0)
[2026-09-07 20:20:32.191] [63909] [HailoRT] [info] [vdevice_native_stream.cpp:331] [read_impl] Failed read from stream HAILO_STREAM_NOT_ACTIVATED(72) (device: 0001:01:00.0)
[2026-09-07 20:20:32.191] [63905] [HailoRT] [info] [vdevice_native_stream.cpp:331] [read_impl] Failed read from stream HAILO_STREAM_NOT_ACTIVATED(72) (device: 0001:01:00.0)
[2026-09-07 20:20:32.191] [63911] [HailoRT] [info] [vdevice_native_stream.cpp:331] [read_impl] Failed read from stream HAILO_STREAM_NOT_ACTIVATED(72) (device: 0001:01:00.0)
[2026-09-07 20:20:32.191] [63903] [HailoRT] [info] [vdevice_native_stream.cpp:331] [read_impl] Failed read from stream HAILO_STREAM_NOT_ACTIVATED(72) (device: 0001:01:00.0)
[2026-09-07 20:20:32.191] [63907] [HailoRT] [info] [vdevice_native_stream.cpp:331] [read_impl] Failed read from stream HAILO_STREAM_NOT_ACTIVATED(72) (device: 0001:01:00.0)
[2026-09-07 20:20:32.192] [63845] [HailoRT] [info] [core_op.cpp:186] [deactivate] Deactivating took 0.532296 ms
[2026-09-07 20:20:32.192] [63845] [HailoRT] [info] [core_op.cpp:186] [deactivate] Deactivating took 0.550833 ms
[2026-09-07 20:20:32.192] [63901] [HailoRT] [info] [queue_elements.cpp:734] [run_in_thread] Shutdown event was signaled in run_pull of queue element PullQEl_hw_read3yolo26n/conv61!
[2026-09-07 20:20:32.192] [63902] [HailoRT] [info] [queue_elements.cpp:855] [run_in_thread] Shutdown event was signaled in dequeue of UserBuffQEl3yolo26n/conv61!
[2026-09-07 20:20:32.192] [63901] [HailoRT] [info] [queue_elements.cpp:68] [operator()] Thread in element PullQEl_hw_read3yolo26n/conv61 is not running anymore, exiting..
[2026-09-07 20:20:32.192] [63845] [HailoRT] [info] [queue_elements.cpp:46] [~BaseQueueElement] Queue element PullQEl_hw_read3yolo26n/conv61 has 0 frames in his Queue on destruction
[2026-09-07 20:20:32.192] [63902] [HailoRT] [info] [queue_elements.cpp:68] [operator()] Thread in element UserBuffQEl3yolo26n/conv61 is not running anymore, exiting..
[2026-09-07 20:20:32.192] [63845] [HailoRT] [info] [queue_elements.cpp:46] [~BaseQueueElement] Queue element UserBuffQEl3yolo26n/conv61 has 0 frames in his Queue on destruction
[2026-09-07 20:20:32.192] [63904] [HailoRT] [info] [queue_elements.cpp:855] [run_in_thread] Shutdown event was signaled in dequeue of UserBuffQEl2yolo26n/conv64!
[2026-09-07 20:20:32.192] [63903] [HailoRT] [info] [queue_elements.cpp:734] [run_in_thread] Shutdown event was signaled in run_pull of queue element PullQEl_hw_read2yolo26n/conv64!
[2026-09-07 20:20:32.192] [63903] [HailoRT] [info] [queue_elements.cpp:68] [operator()] Thread in element PullQEl_hw_read2yolo26n/conv64 is not running anymore, exiting..
[2026-09-07 20:20:32.192] [63845] [HailoRT] [info] [queue_elements.cpp:46] [~BaseQueueElement] Queue element PullQEl_hw_read2yolo26n/conv64 has 0 frames in his Queue on destruction
[2026-09-07 20:20:32.192] [63904] [HailoRT] [info] [queue_elements.cpp:68] [operator()] Thread in element UserBuffQEl2yolo26n/conv64 is not running anymore, exiting..
[2026-09-07 20:20:32.192] [63845] [HailoRT] [info] [queue_elements.cpp:46] [~BaseQueueElement] Queue element UserBuffQEl2yolo26n/conv64 has 0 frames in his Queue on destruction
[2026-09-07 20:20:32.192] [63906] [HailoRT] [info] [queue_elements.cpp:855] [run_in_thread] Shutdown event was signaled in dequeue of UserBuffQEl2yolo26n/conv77!
[2026-09-07 20:20:32.192] [63905] [HailoRT] [info] [queue_elements.cpp:734] [run_in_thread] Shutdown event was signaled in run_pull of queue element PullQEl_hw_read2yolo26n/conv77!
[2026-09-07 20:20:32.192] [63905] [HailoRT] [info] [queue_elements.cpp:68] [operator()] Thread in element PullQEl_hw_read2yolo26n/conv77 is not running anymore, exiting..
[2026-09-07 20:20:32.192] [63845] [HailoRT] [info] [queue_elements.cpp:46] [~BaseQueueElement] Queue element PullQEl_hw_read2yolo26n/conv77 has 0 frames in his Queue on destruction
[2026-09-07 20:20:32.192] [63906] [HailoRT] [info] [queue_elements.cpp:68] [operator()] Thread in element UserBuffQEl2yolo26n/conv77 is not running anymore, exiting..
[2026-09-07 20:20:32.192] [63845] [HailoRT] [info] [queue_elements.cpp:46] [~BaseQueueElement] Queue element UserBuffQEl2yolo26n/conv77 has 0 frames in his Queue on destruction
[2026-09-07 20:20:32.192] [63908] [HailoRT] [info] [queue_elements.cpp:855] [run_in_thread] Shutdown event was signaled in dequeue of UserBuffQEl0yolo26n/conv80!
[2026-09-07 20:20:32.192] [63907] [HailoRT] [info] [queue_elements.cpp:734] [run_in_thread] Shutdown event was signaled in run_pull of queue element PullQEl_hw_read0yolo26n/conv80!
[2026-09-07 20:20:32.192] [63907] [HailoRT] [info] [queue_elements.cpp:68] [operator()] Thread in element PullQEl_hw_read0yolo26n/conv80 is not running anymore, exiting..
[2026-09-07 20:20:32.192] [63845] [HailoRT] [info] [queue_elements.cpp:46] [~BaseQueueElement] Queue element PullQEl_hw_read0yolo26n/conv80 has 0 frames in his Queue on destruction
[2026-09-07 20:20:32.192] [63908] [HailoRT] [info] [queue_elements.cpp:68] [operator()] Thread in element UserBuffQEl0yolo26n/conv80 is not running anymore, exiting..
[2026-09-07 20:20:32.192] [63845] [HailoRT] [info] [queue_elements.cpp:46] [~BaseQueueElement] Queue element UserBuffQEl0yolo26n/conv80 has 0 frames in his Queue on destruction
[2026-09-07 20:20:32.192] [63910] [HailoRT] [info] [queue_elements.cpp:855] [run_in_thread] Shutdown event was signaled in dequeue of UserBuffQEl3yolo26n/conv91!
[2026-09-07 20:20:32.192] [63909] [HailoRT] [info] [queue_elements.cpp:734] [run_in_thread] Shutdown event was signaled in run_pull of queue element PullQEl_hw_read3yolo26n/conv91!
[2026-09-07 20:20:32.192] [63909] [HailoRT] [info] [queue_elements.cpp:68] [operator()] Thread in element PullQEl_hw_read3yolo26n/conv91 is not running anymore, exiting..
[2026-09-07 20:20:32.192] [63845] [HailoRT] [info] [queue_elements.cpp:46] [~BaseQueueElement] Queue element PullQEl_hw_read3yolo26n/conv91 has 0 frames in his Queue on destruction
[2026-09-07 20:20:32.192] [63910] [HailoRT] [info] [queue_elements.cpp:68] [operator()] Thread in element UserBuffQEl3yolo26n/conv91 is not running anymore, exiting..
[2026-09-07 20:20:32.192] [63845] [HailoRT] [info] [queue_elements.cpp:46] [~BaseQueueElement] Queue element UserBuffQEl3yolo26n/conv91 has 0 frames in his Queue on destruction
[2026-09-07 20:20:32.192] [63912] [HailoRT] [info] [queue_elements.cpp:855] [run_in_thread] Shutdown event was signaled in dequeue of UserBuffQEl0yolo26n/conv94!
[2026-09-07 20:20:32.192] [63911] [HailoRT] [info] [queue_elements.cpp:734] [run_in_thread] Shutdown event was signaled in run_pull of queue element PullQEl_hw_read0yolo26n/conv94!
[2026-09-07 20:20:32.192] [63911] [HailoRT] [info] [queue_elements.cpp:68] [operator()] Thread in element PullQEl_hw_read0yolo26n/conv94 is not running anymore, exiting..
[2026-09-07 20:20:32.192] [63845] [HailoRT] [info] [queue_elements.cpp:46] [~BaseQueueElement] Queue element PullQEl_hw_read0yolo26n/conv94 has 0 frames in his Queue on destruction
[2026-09-07 20:20:32.192] [63912] [HailoRT] [info] [queue_elements.cpp:68] [operator()] Thread in element UserBuffQEl0yolo26n/conv94 is not running anymore, exiting..
[2026-09-07 20:20:32.193] [63845] [HailoRT] [info] [queue_elements.cpp:46] [~BaseQueueElement] Queue element UserBuffQEl0yolo26n/conv94 has 0 frames in his Queue on destruction
[2026-09-07 20:38:27.603] [2806] [HailoRT] [info] [vdevice.cpp:535] [create] Creating vdevice with params: device_count: 1, scheduling_algorithm: NONE, multi_process_service: false
[2026-09-07 20:38:27.623] [2806] [HailoRT] [info] [device.cpp:51] [Device] OS Version: Linux 6.18.39+rpt-rpi-2712 #1 SMP PREEMPT Debian 1:6.18.39-1+rpt1 (2026-07-29) aarch64
[2026-09-07 20:38:27.625] [2806] [HailoRT] [info] [control.cpp:113] [control__parse_identify_results] firmware_version is: 4.23.0
[2026-09-07 20:38:27.625] [2806] [HailoRT] [info] [vdevice.cpp:682] [create] VDevice Infos: 0001:01:00.0
[2026-09-07 20:38:27.636] [2806] [HailoRT] [info] [internal_buffer_manager.cpp:77] [print_execution_results] Planned internal buffer memory: CMA=0 CMA-Desc=917504 Pinned=2956800. memory to edge layer usage factor is 0.9621793
[2026-09-07 20:38:27.636] [2806] [HailoRT] [info] [internal_buffer_manager.cpp:86] [print_execution_results] Default Internal buffer planner executed successfully
[2026-09-07 20:38:27.670] [2806] [HailoRT] [info] [device_internal.cpp:57] [configure] Configuring HEF took 43.675389 milliseconds
[2026-09-07 20:38:27.670] [2806] [HailoRT] [info] [vdevice.cpp:780] [configure] Configuring HEF on VDevice took 44.339537 milliseconds
[2026-09-07 20:38:27.671] [2806] [HailoRT] [info] [hef.cpp:1994] [get_network_group_and_network_name] No name was given. Addressing all networks of default network_group: yolo26n
[2026-09-07 20:38:27.672] [2806] [HailoRT] [info] [hef.cpp:1994] [get_network_group_and_network_name] No name was given. Addressing all networks of default network_group: yolo26n
[2026-09-07 20:38:27.674] [2806] [HailoRT] [info] [edge_elements.cpp:52] [create] Created (HwWriteEl2yolo26n/input_layer1 | hw_frame_size: 2211840)
[2026-09-07 20:38:27.676] [2806] [HailoRT] [info] [vstream.cpp:754] [InputVStreamImpl] Creating yolo26n/input_layer1...
[2026-09-07 20:38:27.676] [2806] [HailoRT] [info] [vstream_builder.cpp:102] [create_inputs] Input pipeline 'yolo26n/input_layer1': (HwWriteEl2yolo26n/input_layer1 | hw_frame_size: 2211840) >> HW
[2026-09-07 20:38:27.676] [2806] [HailoRT] [info] [edge_elements.cpp:287] [create] Created (HwReadEl3yolo26n/conv61 | hw_frame_size: 92160)
[2026-09-07 20:38:27.676] [2806] [HailoRT] [info] [queue_elements.cpp:657] [create] Created (PullQEl_hw_read3yolo26n/conv61)
[2026-09-07 20:38:27.676] [2806] [HailoRT] [info] [filter_elements.cpp:372] [create] Created (PostInferEl3yolo26n/conv61 | Quantization - src_type: UINT16, dst_type FLOAT32, limvals_min: -0.881752, limvals_max: 6.27869)
[2026-09-07 20:38:27.677] [2806] [HailoRT] [info] [queue_elements.cpp:800] [create] Created (UserBuffQEl3yolo26n/conv61 | timeout: 10s)
[2026-09-07 20:38:27.677] [2806] [HailoRT] [info] [vstream.cpp:1114] [OutputVStreamImpl] Creating yolo26n/conv61...
[2026-09-07 20:38:27.677] [2806] [HailoRT] [info] [vstream_builder.cpp:220] [create_outputs] Output pipeline 'yolo26n/conv61': HW >> (HwReadEl3yolo26n/conv61 | hw_frame_size: 92160) >> (PullQEl_hw_read3yolo26n/conv61) >> (PostInferEl3yolo26n/conv61 | Quantization - src_type: UINT16, dst_type FLOAT32, limvals_min: -0.881752, limvals_max: 6.27869) >> (UserBuffQEl3yolo26n/conv61 | timeout: 10s)
[2026-09-07 20:38:27.677] [2806] [HailoRT] [info] [edge_elements.cpp:287] [create] Created (HwReadEl2yolo26n/conv64 | hw_frame_size: 23040)
[2026-09-07 20:38:27.677] [2806] [HailoRT] [info] [queue_elements.cpp:657] [create] Created (PullQEl_hw_read2yolo26n/conv64)
[2026-09-07 20:38:27.677] [2806] [HailoRT] [info] [filter_elements.cpp:372] [create] Created (PostInferEl2yolo26n/conv64 | Quantization - src_type: UINT16, dst_type FLOAT32, limvals_min: -164.817, limvals_max: 3.19963)
[2026-09-07 20:38:27.677] [2806] [HailoRT] [info] [queue_elements.cpp:800] [create] Created (UserBuffQEl2yolo26n/conv64 | timeout: 10s)
[2026-09-07 20:38:27.677] [2806] [HailoRT] [info] [vstream.cpp:1114] [OutputVStreamImpl] Creating yolo26n/conv64...
[2026-09-07 20:38:27.678] [2806] [HailoRT] [info] [vstream_builder.cpp:220] [create_outputs] Output pipeline 'yolo26n/conv64': HW >> (HwReadEl2yolo26n/conv64 | hw_frame_size: 23040) >> (PullQEl_hw_read2yolo26n/conv64) >> (PostInferEl2yolo26n/conv64 | Quantization - src_type: UINT16, dst_type FLOAT32, limvals_min: -164.817, limvals_max: 3.19963) >> (UserBuffQEl2yolo26n/conv64 | timeout: 10s)
[2026-09-07 20:38:27.679] [2806] [HailoRT] [info] [edge_elements.cpp:287] [create] Created (HwReadEl2yolo26n/conv77 | hw_frame_size: 23040)
[2026-09-07 20:38:27.679] [2806] [HailoRT] [info] [queue_elements.cpp:657] [create] Created (PullQEl_hw_read2yolo26n/conv77)
[2026-09-07 20:38:27.679] [2806] [HailoRT] [info] [filter_elements.cpp:372] [create] Created (PostInferEl2yolo26n/conv77 | Quantization - src_type: UINT16, dst_type FLOAT32, limvals_min: -0.67052, limvals_max: 17.2357)
[2026-09-07 20:38:27.679] [2806] [HailoRT] [info] [queue_elements.cpp:800] [create] Created (UserBuffQEl2yolo26n/conv77 | timeout: 10s)
[2026-09-07 20:38:27.679] [2806] [HailoRT] [info] [vstream.cpp:1114] [OutputVStreamImpl] Creating yolo26n/conv77...
[2026-09-07 20:38:27.679] [2806] [HailoRT] [info] [vstream_builder.cpp:220] [create_outputs] Output pipeline 'yolo26n/conv77': HW >> (HwReadEl2yolo26n/conv77 | hw_frame_size: 23040) >> (PullQEl_hw_read2yolo26n/conv77) >> (PostInferEl2yolo26n/conv77 | Quantization - src_type: UINT16, dst_type FLOAT32, limvals_min: -0.67052, limvals_max: 17.2357) >> (UserBuffQEl2yolo26n/conv77 | timeout: 10s)
[2026-09-07 20:38:27.679] [2806] [HailoRT] [info] [edge_elements.cpp:287] [create] Created (HwReadEl0yolo26n/conv80 | hw_frame_size: 5760)
[2026-09-07 20:38:27.679] [2806] [HailoRT] [info] [queue_elements.cpp:657] [create] Created (PullQEl_hw_read0yolo26n/conv80)
[2026-09-07 20:38:27.679] [2806] [HailoRT] [info] [filter_elements.cpp:372] [create] Created (PostInferEl0yolo26n/conv80 | Quantization - src_type: UINT16, dst_type FLOAT32, limvals_min: -67.4827, limvals_max: 0)
[2026-09-07 20:38:27.679] [2806] [HailoRT] [info] [queue_elements.cpp:800] [create] Created (UserBuffQEl0yolo26n/conv80 | timeout: 10s)
[2026-09-07 20:38:27.679] [2806] [HailoRT] [info] [vstream.cpp:1114] [OutputVStreamImpl] Creating yolo26n/conv80...
[2026-09-07 20:38:27.679] [2806] [HailoRT] [info] [vstream_builder.cpp:220] [create_outputs] Output pipeline 'yolo26n/conv80': HW >> (HwReadEl0yolo26n/conv80 | hw_frame_size: 5760) >> (PullQEl_hw_read0yolo26n/conv80) >> (PostInferEl0yolo26n/conv80 | Quantization - src_type: UINT16, dst_type FLOAT32, limvals_min: -67.4827, limvals_max: 0) >> (UserBuffQEl0yolo26n/conv80 | timeout: 10s)
[2026-09-07 20:38:27.679] [2806] [HailoRT] [info] [edge_elements.cpp:287] [create] Created (HwReadEl3yolo26n/conv91 | hw_frame_size: 11520)
[2026-09-07 20:38:27.680] [2806] [HailoRT] [info] [queue_elements.cpp:657] [create] Created (PullQEl_hw_read3yolo26n/conv91)
[2026-09-07 20:38:27.680] [2806] [HailoRT] [info] [filter_elements.cpp:372] [create] Created (PostInferEl3yolo26n/conv91 | Quantization - src_type: UINT16, dst_type FLOAT32, limvals_min: 0, limvals_max: 8.46146 | Reorder - src_order: FCR, src_shape: (20, 36, 8), dst_order: FCR, dst_shape: (20, 36, 4))
[2026-09-07 20:38:27.680] [2806] [HailoRT] [info] [queue_elements.cpp:800] [create] Created (UserBuffQEl3yolo26n/conv91 | timeout: 10s)
[2026-09-07 20:38:27.680] [2806] [HailoRT] [info] [vstream.cpp:1114] [OutputVStreamImpl] Creating yolo26n/conv91...
[2026-09-07 20:38:27.680] [2806] [HailoRT] [info] [vstream_builder.cpp:220] [create_outputs] Output pipeline 'yolo26n/conv91': HW >> (HwReadEl3yolo26n/conv91 | hw_frame_size: 11520) >> (PullQEl_hw_read3yolo26n/conv91) >> (PostInferEl3yolo26n/conv91 | Quantization - src_type: UINT16, dst_type FLOAT32, limvals_min: 0, limvals_max: 8.46146 | Reorder - src_order: FCR, src_shape: (20, 36, 8), dst_order: FCR, dst_shape: (20, 36, 4)) >> (UserBuffQEl3yolo26n/conv91 | timeout: 10s)
[2026-09-07 20:38:27.680] [2806] [HailoRT] [info] [edge_elements.cpp:287] [create] Created (HwReadEl0yolo26n/conv94 | hw_frame_size: 11520)
[2026-09-07 20:38:27.680] [2806] [HailoRT] [info] [queue_elements.cpp:657] [create] Created (PullQEl_hw_read0yolo26n/conv94)
[2026-09-07 20:38:27.680] [2806] [HailoRT] [info] [filter_elements.cpp:372] [create] Created (PostInferEl0yolo26n/conv94 | Quantization - src_type: UINT16, dst_type FLOAT32, limvals_min: -64.0772, limvals_max: 0 | Reorder - src_order: FCR, src_shape: (20, 36, 8), dst_order: FCR, dst_shape: (20, 36, 1))
[2026-09-07 20:38:27.680] [2806] [HailoRT] [info] [queue_elements.cpp:800] [create] Created (UserBuffQEl0yolo26n/conv94 | timeout: 10s)
[2026-09-07 20:38:27.680] [2806] [HailoRT] [info] [vstream.cpp:1114] [OutputVStreamImpl] Creating yolo26n/conv94...
[2026-09-07 20:38:27.680] [2806] [HailoRT] [info] [vstream_builder.cpp:220] [create_outputs] Output pipeline 'yolo26n/conv94': HW >> (HwReadEl0yolo26n/conv94 | hw_frame_size: 11520) >> (PullQEl_hw_read0yolo26n/conv94) >> (PostInferEl0yolo26n/conv94 | Quantization - src_type: UINT16, dst_type FLOAT32, limvals_min: -64.0772, limvals_max: 0 | Reorder - src_order: FCR, src_shape: (20, 36, 8), dst_order: FCR, dst_shape: (20, 36, 1)) >> (UserBuffQEl0yolo26n/conv94 | timeout: 10s)
[2026-09-07 20:38:27.680] [2806] [HailoRT] [info] [core_op.cpp:156] [activate] Activating yolo26n took 0.463333 milliseconds. Note that the function is asynchronous and thus the network is not fully activated yet.
[2026-09-07 20:38:27.680] [2806] [HailoRT] [info] [core_op.cpp:156] [activate] Activating yolo26n took 0.472 milliseconds. Note that the function is asynchronous and thus the network is not fully activated yet.
[2026-09-07 20:38:27.681] [2816] [HailoRT] [info] [vdevice_native_stream.cpp:331] [read_impl] Failed read from stream HAILO_STREAM_NOT_ACTIVATED(72) (device: 0001:01:00.0)
[2026-09-07 20:38:27.681] [2814] [HailoRT] [info] [vdevice_native_stream.cpp:331] [read_impl] Failed read from stream HAILO_STREAM_NOT_ACTIVATED(72) (device: 0001:01:00.0)
[2026-09-07 20:38:27.681] [2822] [HailoRT] [info] [vdevice_native_stream.cpp:331] [read_impl] Failed read from stream HAILO_STREAM_NOT_ACTIVATED(72) (device: 0001:01:00.0)
[2026-09-07 20:38:27.681] [2818] [HailoRT] [info] [vdevice_native_stream.cpp:331] [read_impl] Failed read from stream HAILO_STREAM_NOT_ACTIVATED(72) (device: 0001:01:00.0)
[2026-09-07 20:38:27.681] [2820] [HailoRT] [info] [vdevice_native_stream.cpp:331] [read_impl] Failed read from stream HAILO_STREAM_NOT_ACTIVATED(72) (device: 0001:01:00.0)
[2026-09-07 20:38:27.681] [2824] [HailoRT] [info] [vdevice_native_stream.cpp:331] [read_impl] Failed read from stream HAILO_STREAM_NOT_ACTIVATED(72) (device: 0001:01:00.0)
[2026-09-07 20:38:27.681] [2614] [HailoRT] [info] [core_op.cpp:186] [deactivate] Deactivating took 0.533167 ms
[2026-09-07 20:38:27.681] [2614] [HailoRT] [info] [core_op.cpp:186] [deactivate] Deactivating took 0.543944 ms
[2026-09-07 20:38:27.681] [2815] [HailoRT] [info] [queue_elements.cpp:855] [run_in_thread] Shutdown event was signaled in dequeue of UserBuffQEl3yolo26n/conv61!
[2026-09-07 20:38:27.681] [2814] [HailoRT] [info] [queue_elements.cpp:734] [run_in_thread] Shutdown event was signaled in run_pull of queue element PullQEl_hw_read3yolo26n/conv61!
[2026-09-07 20:38:27.681] [2814] [HailoRT] [info] [queue_elements.cpp:68] [operator()] Thread in element PullQEl_hw_read3yolo26n/conv61 is not running anymore, exiting..
[2026-09-07 20:38:27.681] [2614] [HailoRT] [info] [queue_elements.cpp:46] [~BaseQueueElement] Queue element PullQEl_hw_read3yolo26n/conv61 has 0 frames in his Queue on destruction
[2026-09-07 20:38:27.681] [2815] [HailoRT] [info] [queue_elements.cpp:68] [operator()] Thread in element UserBuffQEl3yolo26n/conv61 is not running anymore, exiting..
[2026-09-07 20:38:27.681] [2614] [HailoRT] [info] [queue_elements.cpp:46] [~BaseQueueElement] Queue element UserBuffQEl3yolo26n/conv61 has 0 frames in his Queue on destruction
[2026-09-07 20:38:27.681] [2816] [HailoRT] [info] [queue_elements.cpp:734] [run_in_thread] Shutdown event was signaled in run_pull of queue element PullQEl_hw_read2yolo26n/conv64!
[2026-09-07 20:38:27.681] [2817] [HailoRT] [info] [queue_elements.cpp:855] [run_in_thread] Shutdown event was signaled in dequeue of UserBuffQEl2yolo26n/conv64!
[2026-09-07 20:38:27.681] [2816] [HailoRT] [info] [queue_elements.cpp:68] [operator()] Thread in element PullQEl_hw_read2yolo26n/conv64 is not running anymore, exiting..
[2026-09-07 20:38:27.681] [2614] [HailoRT] [info] [queue_elements.cpp:46] [~BaseQueueElement] Queue element PullQEl_hw_read2yolo26n/conv64 has 0 frames in his Queue on destruction
[2026-09-07 20:38:27.682] [2817] [HailoRT] [info] [queue_elements.cpp:68] [operator()] Thread in element UserBuffQEl2yolo26n/conv64 is not running anymore, exiting..
[2026-09-07 20:38:27.682] [2614] [HailoRT] [info] [queue_elements.cpp:46] [~BaseQueueElement] Queue element UserBuffQEl2yolo26n/conv64 has 0 frames in his Queue on destruction
[2026-09-07 20:38:27.682] [2818] [HailoRT] [info] [queue_elements.cpp:734] [run_in_thread] Shutdown event was signaled in run_pull of queue element PullQEl_hw_read2yolo26n/conv77!
[2026-09-07 20:38:27.682] [2819] [HailoRT] [info] [queue_elements.cpp:855] [run_in_thread] Shutdown event was signaled in dequeue of UserBuffQEl2yolo26n/conv77!
[2026-09-07 20:38:27.682] [2818] [HailoRT] [info] [queue_elements.cpp:68] [operator()] Thread in element PullQEl_hw_read2yolo26n/conv77 is not running anymore, exiting..
[2026-09-07 20:38:27.682] [2614] [HailoRT] [info] [queue_elements.cpp:46] [~BaseQueueElement] Queue element PullQEl_hw_read2yolo26n/conv77 has 0 frames in his Queue on destruction
[2026-09-07 20:38:27.682] [2819] [HailoRT] [info] [queue_elements.cpp:68] [operator()] Thread in element UserBuffQEl2yolo26n/conv77 is not running anymore, exiting..
[2026-09-07 20:38:27.682] [2614] [HailoRT] [info] [queue_elements.cpp:46] [~BaseQueueElement] Queue element UserBuffQEl2yolo26n/conv77 has 0 frames in his Queue on destruction
[2026-09-07 20:38:27.682] [2820] [HailoRT] [info] [queue_elements.cpp:734] [run_in_thread] Shutdown event was signaled in run_pull of queue element PullQEl_hw_read0yolo26n/conv80!
[2026-09-07 20:38:27.682] [2821] [HailoRT] [info] [queue_elements.cpp:855] [run_in_thread] Shutdown event was signaled in dequeue of UserBuffQEl0yolo26n/conv80!
[2026-09-07 20:38:27.682] [2820] [HailoRT] [info] [queue_elements.cpp:68] [operator()] Thread in element PullQEl_hw_read0yolo26n/conv80 is not running anymore, exiting..
[2026-09-07 20:38:27.682] [2614] [HailoRT] [info] [queue_elements.cpp:46] [~BaseQueueElement] Queue element PullQEl_hw_read0yolo26n/conv80 has 0 frames in his Queue on destruction
[2026-09-07 20:38:27.682] [2821] [HailoRT] [info] [queue_elements.cpp:68] [operator()] Thread in element UserBuffQEl0yolo26n/conv80 is not running anymore, exiting..
[2026-09-07 20:38:27.682] [2614] [HailoRT] [info] [queue_elements.cpp:46] [~BaseQueueElement] Queue element UserBuffQEl0yolo26n/conv80 has 0 frames in his Queue on destruction
[2026-09-07 20:38:27.682] [2823] [HailoRT] [info] [queue_elements.cpp:855] [run_in_thread] Shutdown event was signaled in dequeue of UserBuffQEl3yolo26n/conv91!
[2026-09-07 20:38:27.682] [2822] [HailoRT] [info] [queue_elements.cpp:734] [run_in_thread] Shutdown event was signaled in run_pull of queue element PullQEl_hw_read3yolo26n/conv91!
[2026-09-07 20:38:27.682] [2614] [HailoRT] [info] [queue_elements.cpp:46] [~BaseQueueElement] Queue element PullQEl_hw_read3yolo26n/conv91 has 0 frames in his Queue on destruction
[2026-09-07 20:38:27.682] [2823] [HailoRT] [info] [queue_elements.cpp:68] [operator()] Thread in element UserBuffQEl3yolo26n/conv91 is not running anymore, exiting..
[2026-09-07 20:38:27.682] [2614] [HailoRT] [info] [queue_elements.cpp:46] [~BaseQueueElement] Queue element UserBuffQEl3yolo26n/conv91 has 0 frames in his Queue on destruction
[2026-09-07 20:38:27.682] [2824] [HailoRT] [info] [queue_elements.cpp:734] [run_in_thread] Shutdown event was signaled in run_pull of queue element PullQEl_hw_read0yolo26n/conv94!
[2026-09-07 20:38:27.682] [2825] [HailoRT] [info] [queue_elements.cpp:855] [run_in_thread] Shutdown event was signaled in dequeue of UserBuffQEl0yolo26n/conv94!
[2026-09-07 20:38:27.682] [2824] [HailoRT] [info] [queue_elements.cpp:68] [operator()] Thread in element PullQEl_hw_read0yolo26n/conv94 is not running anymore, exiting..
[2026-09-07 20:38:27.682] [2614] [HailoRT] [info] [queue_elements.cpp:46] [~BaseQueueElement] Queue element PullQEl_hw_read0yolo26n/conv94 has 0 frames in his Queue on destruction
[2026-09-07 20:38:27.682] [2825] [HailoRT] [info] [queue_elements.cpp:68] [operator()] Thread in element UserBuffQEl0yolo26n/conv94 is not running anymore, exiting..
[2026-09-07 20:38:27.682] [2614] [HailoRT] [info] [queue_elements.cpp:46] [~BaseQueueElement] Queue element UserBuffQEl0yolo26n/conv94 has 0 frames in his Queue on destruction
[2026-09-07 21:16:59.479] [2052] [HailoRT] [info] [vdevice.cpp:535] [create] Creating vdevice with params: device_count: 1, scheduling_algorithm: NONE, multi_process_service: false
[2026-09-07 21:16:59.498] [2052] [HailoRT] [info] [device.cpp:51] [Device] OS Version: Linux 6.18.39+rpt-rpi-2712 #1 SMP PREEMPT Debian 1:6.18.39-1+rpt1 (2026-07-29) aarch64
[2026-09-07 21:16:59.500] [2052] [HailoRT] [info] [control.cpp:113] [control__parse_identify_results] firmware_version is: 4.23.0
[2026-09-07 21:16:59.500] [2052] [HailoRT] [info] [vdevice.cpp:682] [create] VDevice Infos: 0001:01:00.0
[2026-09-07 21:16:59.511] [2052] [HailoRT] [info] [internal_buffer_manager.cpp:77] [print_execution_results] Planned internal buffer memory: CMA=0 CMA-Desc=917504 Pinned=2956800. memory to edge layer usage factor is 0.9621793
[2026-09-07 21:16:59.511] [2052] [HailoRT] [info] [internal_buffer_manager.cpp:86] [print_execution_results] Default Internal buffer planner executed successfully
[2026-09-07 21:16:59.547] [2052] [HailoRT] [info] [device_internal.cpp:57] [configure] Configuring HEF took 46.548241 milliseconds
[2026-09-07 21:16:59.547] [2052] [HailoRT] [info] [vdevice.cpp:780] [configure] Configuring HEF on VDevice took 47.266352 milliseconds
[2026-09-07 21:16:59.549] [2052] [HailoRT] [info] [hef.cpp:1994] [get_network_group_and_network_name] No name was given. Addressing all networks of default network_group: yolo26n
[2026-09-07 21:16:59.549] [2052] [HailoRT] [info] [hef.cpp:1994] [get_network_group_and_network_name] No name was given. Addressing all networks of default network_group: yolo26n
[2026-09-07 21:16:59.552] [2052] [HailoRT] [info] [edge_elements.cpp:52] [create] Created (HwWriteEl2yolo26n/input_layer1 | hw_frame_size: 2211840)
[2026-09-07 21:16:59.553] [2052] [HailoRT] [info] [vstream.cpp:754] [InputVStreamImpl] Creating yolo26n/input_layer1...
[2026-09-07 21:16:59.553] [2052] [HailoRT] [info] [vstream_builder.cpp:102] [create_inputs] Input pipeline 'yolo26n/input_layer1': (HwWriteEl2yolo26n/input_layer1 | hw_frame_size: 2211840) >> HW
[2026-09-07 21:16:59.553] [2052] [HailoRT] [info] [edge_elements.cpp:287] [create] Created (HwReadEl3yolo26n/conv61 | hw_frame_size: 92160)
[2026-09-07 21:16:59.553] [2052] [HailoRT] [info] [queue_elements.cpp:657] [create] Created (PullQEl_hw_read3yolo26n/conv61)
[2026-09-07 21:16:59.553] [2052] [HailoRT] [info] [filter_elements.cpp:372] [create] Created (PostInferEl3yolo26n/conv61 | Quantization - src_type: UINT16, dst_type FLOAT32, limvals_min: -0.881752, limvals_max: 6.27869)
[2026-09-07 21:16:59.555] [2052] [HailoRT] [info] [queue_elements.cpp:800] [create] Created (UserBuffQEl3yolo26n/conv61 | timeout: 10s)
[2026-09-07 21:16:59.555] [2052] [HailoRT] [info] [vstream.cpp:1114] [OutputVStreamImpl] Creating yolo26n/conv61...
[2026-09-07 21:16:59.555] [2052] [HailoRT] [info] [vstream_builder.cpp:220] [create_outputs] Output pipeline 'yolo26n/conv61': HW >> (HwReadEl3yolo26n/conv61 | hw_frame_size: 92160) >> (PullQEl_hw_read3yolo26n/conv61) >> (PostInferEl3yolo26n/conv61 | Quantization - src_type: UINT16, dst_type FLOAT32, limvals_min: -0.881752, limvals_max: 6.27869) >> (UserBuffQEl3yolo26n/conv61 | timeout: 10s)
[2026-09-07 21:16:59.555] [2052] [HailoRT] [info] [edge_elements.cpp:287] [create] Created (HwReadEl2yolo26n/conv64 | hw_frame_size: 23040)
[2026-09-07 21:16:59.555] [2052] [HailoRT] [info] [queue_elements.cpp:657] [create] Created (PullQEl_hw_read2yolo26n/conv64)
[2026-09-07 21:16:59.555] [2052] [HailoRT] [info] [filter_elements.cpp:372] [create] Created (PostInferEl2yolo26n/conv64 | Quantization - src_type: UINT16, dst_type FLOAT32, limvals_min: -164.817, limvals_max: 3.19963)
[2026-09-07 21:16:59.555] [2052] [HailoRT] [info] [queue_elements.cpp:800] [create] Created (UserBuffQEl2yolo26n/conv64 | timeout: 10s)
[2026-09-07 21:16:59.555] [2052] [HailoRT] [info] [vstream.cpp:1114] [OutputVStreamImpl] Creating yolo26n/conv64...
[2026-09-07 21:16:59.556] [2052] [HailoRT] [info] [vstream_builder.cpp:220] [create_outputs] Output pipeline 'yolo26n/conv64': HW >> (HwReadEl2yolo26n/conv64 | hw_frame_size: 23040) >> (PullQEl_hw_read2yolo26n/conv64) >> (PostInferEl2yolo26n/conv64 | Quantization - src_type: UINT16, dst_type FLOAT32, limvals_min: -164.817, limvals_max: 3.19963) >> (UserBuffQEl2yolo26n/conv64 | timeout: 10s)
[2026-09-07 21:16:59.557] [2052] [HailoRT] [info] [edge_elements.cpp:287] [create] Created (HwReadEl2yolo26n/conv77 | hw_frame_size: 23040)
[2026-09-07 21:16:59.557] [2052] [HailoRT] [info] [queue_elements.cpp:657] [create] Created (PullQEl_hw_read2yolo26n/conv77)
[2026-09-07 21:16:59.557] [2052] [HailoRT] [info] [filter_elements.cpp:372] [create] Created (PostInferEl2yolo26n/conv77 | Quantization - src_type: UINT16, dst_type FLOAT32, limvals_min: -0.67052, limvals_max: 17.2357)
[2026-09-07 21:16:59.557] [2052] [HailoRT] [info] [queue_elements.cpp:800] [create] Created (UserBuffQEl2yolo26n/conv77 | timeout: 10s)
[2026-09-07 21:16:59.557] [2052] [HailoRT] [info] [vstream.cpp:1114] [OutputVStreamImpl] Creating yolo26n/conv77...
[2026-09-07 21:16:59.557] [2052] [HailoRT] [info] [vstream_builder.cpp:220] [create_outputs] Output pipeline 'yolo26n/conv77': HW >> (HwReadEl2yolo26n/conv77 | hw_frame_size: 23040) >> (PullQEl_hw_read2yolo26n/conv77) >> (PostInferEl2yolo26n/conv77 | Quantization - src_type: UINT16, dst_type FLOAT32, limvals_min: -0.67052, limvals_max: 17.2357) >> (UserBuffQEl2yolo26n/conv77 | timeout: 10s)
[2026-09-07 21:16:59.557] [2052] [HailoRT] [info] [edge_elements.cpp:287] [create] Created (HwReadEl0yolo26n/conv80 | hw_frame_size: 5760)
[2026-09-07 21:16:59.557] [2052] [HailoRT] [info] [queue_elements.cpp:657] [create] Created (PullQEl_hw_read0yolo26n/conv80)
[2026-09-07 21:16:59.557] [2052] [HailoRT] [info] [filter_elements.cpp:372] [create] Created (PostInferEl0yolo26n/conv80 | Quantization - src_type: UINT16, dst_type FLOAT32, limvals_min: -67.4827, limvals_max: 0)
[2026-09-07 21:16:59.557] [2052] [HailoRT] [info] [queue_elements.cpp:800] [create] Created (UserBuffQEl0yolo26n/conv80 | timeout: 10s)
[2026-09-07 21:16:59.557] [2052] [HailoRT] [info] [vstream.cpp:1114] [OutputVStreamImpl] Creating yolo26n/conv80...
[2026-09-07 21:16:59.557] [2052] [HailoRT] [info] [vstream_builder.cpp:220] [create_outputs] Output pipeline 'yolo26n/conv80': HW >> (HwReadEl0yolo26n/conv80 | hw_frame_size: 5760) >> (PullQEl_hw_read0yolo26n/conv80) >> (PostInferEl0yolo26n/conv80 | Quantization - src_type: UINT16, dst_type FLOAT32, limvals_min: -67.4827, limvals_max: 0) >> (UserBuffQEl0yolo26n/conv80 | timeout: 10s)
[2026-09-07 21:16:59.557] [2052] [HailoRT] [info] [edge_elements.cpp:287] [create] Created (HwReadEl3yolo26n/conv91 | hw_frame_size: 11520)
[2026-09-07 21:16:59.557] [2052] [HailoRT] [info] [queue_elements.cpp:657] [create] Created (PullQEl_hw_read3yolo26n/conv91)
[2026-09-07 21:16:59.557] [2052] [HailoRT] [info] [filter_elements.cpp:372] [create] Created (PostInferEl3yolo26n/conv91 | Quantization - src_type: UINT16, dst_type FLOAT32, limvals_min: 0, limvals_max: 8.46146 | Reorder - src_order: FCR, src_shape: (20, 36, 8), dst_order: FCR, dst_shape: (20, 36, 4))
[2026-09-07 21:16:59.557] [2052] [HailoRT] [info] [queue_elements.cpp:800] [create] Created (UserBuffQEl3yolo26n/conv91 | timeout: 10s)
[2026-09-07 21:16:59.557] [2052] [HailoRT] [info] [vstream.cpp:1114] [OutputVStreamImpl] Creating yolo26n/conv91...
[2026-09-07 21:16:59.557] [2052] [HailoRT] [info] [vstream_builder.cpp:220] [create_outputs] Output pipeline 'yolo26n/conv91': HW >> (HwReadEl3yolo26n/conv91 | hw_frame_size: 11520) >> (PullQEl_hw_read3yolo26n/conv91) >> (PostInferEl3yolo26n/conv91 | Quantization - src_type: UINT16, dst_type FLOAT32, limvals_min: 0, limvals_max: 8.46146 | Reorder - src_order: FCR, src_shape: (20, 36, 8), dst_order: FCR, dst_shape: (20, 36, 4)) >> (UserBuffQEl3yolo26n/conv91 | timeout: 10s)
[2026-09-07 21:16:59.557] [2052] [HailoRT] [info] [edge_elements.cpp:287] [create] Created (HwReadEl0yolo26n/conv94 | hw_frame_size: 11520)
[2026-09-07 21:16:59.557] [2052] [HailoRT] [info] [queue_elements.cpp:657] [create] Created (PullQEl_hw_read0yolo26n/conv94)
[2026-09-07 21:16:59.557] [2052] [HailoRT] [info] [filter_elements.cpp:372] [create] Created (PostInferEl0yolo26n/conv94 | Quantization - src_type: UINT16, dst_type FLOAT32, limvals_min: -64.0772, limvals_max: 0 | Reorder - src_order: FCR, src_shape: (20, 36, 8), dst_order: FCR, dst_shape: (20, 36, 1))
[2026-09-07 21:16:59.557] [2052] [HailoRT] [info] [queue_elements.cpp:800] [create] Created (UserBuffQEl0yolo26n/conv94 | timeout: 10s)
[2026-09-07 21:16:59.557] [2052] [HailoRT] [info] [vstream.cpp:1114] [OutputVStreamImpl] Creating yolo26n/conv94...
[2026-09-07 21:16:59.557] [2052] [HailoRT] [info] [vstream_builder.cpp:220] [create_outputs] Output pipeline 'yolo26n/conv94': HW >> (HwReadEl0yolo26n/conv94 | hw_frame_size: 11520) >> (PullQEl_hw_read0yolo26n/conv94) >> (PostInferEl0yolo26n/conv94 | Quantization - src_type: UINT16, dst_type FLOAT32, limvals_min: -64.0772, limvals_max: 0 | Reorder - src_order: FCR, src_shape: (20, 36, 8), dst_order: FCR, dst_shape: (20, 36, 1)) >> (UserBuffQEl0yolo26n/conv94 | timeout: 10s)
[2026-09-07 21:16:59.558] [2052] [HailoRT] [info] [core_op.cpp:156] [activate] Activating yolo26n took 0.436686 milliseconds. Note that the function is asynchronous and thus the network is not fully activated yet.
[2026-09-07 21:16:59.558] [2052] [HailoRT] [info] [core_op.cpp:156] [activate] Activating yolo26n took 0.444704 milliseconds. Note that the function is asynchronous and thus the network is not fully activated yet.
[2026-09-07 21:18:10.122] [2079] [HailoRT] [info] [vdevice_native_stream.cpp:331] [read_impl] Failed read from stream HAILO_STREAM_NOT_ACTIVATED(72) (device: 0001:01:00.0)
[2026-09-07 21:18:10.122] [2081] [HailoRT] [info] [vdevice_native_stream.cpp:331] [read_impl] Failed read from stream HAILO_STREAM_NOT_ACTIVATED(72) (device: 0001:01:00.0)
[2026-09-07 21:18:10.122] [2077] [HailoRT] [info] [vdevice_native_stream.cpp:331] [read_impl] Failed read from stream HAILO_STREAM_NOT_ACTIVATED(72) (device: 0001:01:00.0)
[2026-09-07 21:18:10.122] [2083] [HailoRT] [info] [vdevice_native_stream.cpp:331] [read_impl] Failed read from stream HAILO_STREAM_NOT_ACTIVATED(72) (device: 0001:01:00.0)
[2026-09-07 21:18:10.122] [2085] [HailoRT] [info] [vdevice_native_stream.cpp:331] [read_impl] Failed read from stream HAILO_STREAM_NOT_ACTIVATED(72) (device: 0001:01:00.0)
[2026-09-07 21:18:10.122] [2087] [HailoRT] [info] [vdevice_native_stream.cpp:331] [read_impl] Failed read from stream HAILO_STREAM_NOT_ACTIVATED(72) (device: 0001:01:00.0)
[2026-09-07 21:18:10.122] [2052] [HailoRT] [info] [core_op.cpp:186] [deactivate] Deactivating took 0.537833 ms
[2026-09-07 21:18:10.122] [2052] [HailoRT] [info] [core_op.cpp:186] [deactivate] Deactivating took 0.557796 ms
[2026-09-07 21:18:10.122] [2077] [HailoRT] [info] [queue_elements.cpp:734] [run_in_thread] Shutdown event was signaled in run_pull of queue element PullQEl_hw_read3yolo26n/conv61!
[2026-09-07 21:18:10.122] [2078] [HailoRT] [info] [queue_elements.cpp:855] [run_in_thread] Shutdown event was signaled in dequeue of UserBuffQEl3yolo26n/conv61!
[2026-09-07 21:18:10.122] [2077] [HailoRT] [info] [queue_elements.cpp:68] [operator()] Thread in element PullQEl_hw_read3yolo26n/conv61 is not running anymore, exiting..
[2026-09-07 21:18:10.122] [2052] [HailoRT] [info] [queue_elements.cpp:46] [~BaseQueueElement] Queue element PullQEl_hw_read3yolo26n/conv61 has 0 frames in his Queue on destruction
[2026-09-07 21:18:10.122] [2078] [HailoRT] [info] [queue_elements.cpp:68] [operator()] Thread in element UserBuffQEl3yolo26n/conv61 is not running anymore, exiting..
[2026-09-07 21:18:10.122] [2052] [HailoRT] [info] [queue_elements.cpp:46] [~BaseQueueElement] Queue element UserBuffQEl3yolo26n/conv61 has 0 frames in his Queue on destruction
[2026-09-07 21:18:10.122] [2080] [HailoRT] [info] [queue_elements.cpp:855] [run_in_thread] Shutdown event was signaled in dequeue of UserBuffQEl2yolo26n/conv64!
[2026-09-07 21:18:10.122] [2079] [HailoRT] [info] [queue_elements.cpp:734] [run_in_thread] Shutdown event was signaled in run_pull of queue element PullQEl_hw_read2yolo26n/conv64!
[2026-09-07 21:18:10.122] [2079] [HailoRT] [info] [queue_elements.cpp:68] [operator()] Thread in element PullQEl_hw_read2yolo26n/conv64 is not running anymore, exiting..
[2026-09-07 21:18:10.122] [2052] [HailoRT] [info] [queue_elements.cpp:46] [~BaseQueueElement] Queue element PullQEl_hw_read2yolo26n/conv64 has 0 frames in his Queue on destruction
[2026-09-07 21:18:10.122] [2080] [HailoRT] [info] [queue_elements.cpp:68] [operator()] Thread in element UserBuffQEl2yolo26n/conv64 is not running anymore, exiting..
[2026-09-07 21:18:10.122] [2052] [HailoRT] [info] [queue_elements.cpp:46] [~BaseQueueElement] Queue element UserBuffQEl2yolo26n/conv64 has 0 frames in his Queue on destruction
[2026-09-07 21:18:10.122] [2081] [HailoRT] [info] [queue_elements.cpp:734] [run_in_thread] Shutdown event was signaled in run_pull of queue element PullQEl_hw_read2yolo26n/conv77!
[2026-09-07 21:18:10.122] [2082] [HailoRT] [info] [queue_elements.cpp:855] [run_in_thread] Shutdown event was signaled in dequeue of UserBuffQEl2yolo26n/conv77!
[2026-09-07 21:18:10.122] [2081] [HailoRT] [info] [queue_elements.cpp:68] [operator()] Thread in element PullQEl_hw_read2yolo26n/conv77 is not running anymore, exiting..
[2026-09-07 21:18:10.123] [2052] [HailoRT] [info] [queue_elements.cpp:46] [~BaseQueueElement] Queue element PullQEl_hw_read2yolo26n/conv77 has 0 frames in his Queue on destruction
[2026-09-07 21:18:10.123] [2082] [HailoRT] [info] [queue_elements.cpp:68] [operator()] Thread in element UserBuffQEl2yolo26n/conv77 is not running anymore, exiting..
[2026-09-07 21:18:10.123] [2052] [HailoRT] [info] [queue_elements.cpp:46] [~BaseQueueElement] Queue element UserBuffQEl2yolo26n/conv77 has 0 frames in his Queue on destruction
[2026-09-07 21:18:10.123] [2083] [HailoRT] [info] [queue_elements.cpp:734] [run_in_thread] Shutdown event was signaled in run_pull of queue element PullQEl_hw_read0yolo26n/conv80!
[2026-09-07 21:18:10.123] [2084] [HailoRT] [info] [queue_elements.cpp:855] [run_in_thread] Shutdown event was signaled in dequeue of UserBuffQEl0yolo26n/conv80!
[2026-09-07 21:18:10.123] [2083] [HailoRT] [info] [queue_elements.cpp:68] [operator()] Thread in element PullQEl_hw_read0yolo26n/conv80 is not running anymore, exiting..
[2026-09-07 21:18:10.123] [2052] [HailoRT] [info] [queue_elements.cpp:46] [~BaseQueueElement] Queue element PullQEl_hw_read0yolo26n/conv80 has 0 frames in his Queue on destruction
[2026-09-07 21:18:10.123] [2084] [HailoRT] [info] [queue_elements.cpp:68] [operator()] Thread in element UserBuffQEl0yolo26n/conv80 is not running anymore, exiting..
[2026-09-07 21:18:10.123] [2052] [HailoRT] [info] [queue_elements.cpp:46] [~BaseQueueElement] Queue element UserBuffQEl0yolo26n/conv80 has 0 frames in his Queue on destruction
[2026-09-07 21:18:10.123] [2085] [HailoRT] [info] [queue_elements.cpp:734] [run_in_thread] Shutdown event was signaled in run_pull of queue element PullQEl_hw_read3yolo26n/conv91!
[2026-09-07 21:18:10.123] [2086] [HailoRT] [info] [queue_elements.cpp:855] [run_in_thread] Shutdown event was signaled in dequeue of UserBuffQEl3yolo26n/conv91!
[2026-09-07 21:18:10.123] [2085] [HailoRT] [info] [queue_elements.cpp:68] [operator()] Thread in element PullQEl_hw_read3yolo26n/conv91 is not running anymore, exiting..
[2026-09-07 21:18:10.123] [2052] [HailoRT] [info] [queue_elements.cpp:46] [~BaseQueueElement] Queue element PullQEl_hw_read3yolo26n/conv91 has 0 frames in his Queue on destruction
[2026-09-07 21:18:10.123] [2086] [HailoRT] [info] [queue_elements.cpp:68] [operator()] Thread in element UserBuffQEl3yolo26n/conv91 is not running anymore, exiting..
[2026-09-07 21:18:10.123] [2052] [HailoRT] [info] [queue_elements.cpp:46] [~BaseQueueElement] Queue element UserBuffQEl3yolo26n/conv91 has 0 frames in his Queue on destruction
[2026-09-07 21:18:10.123] [2088] [HailoRT] [info] [queue_elements.cpp:855] [run_in_thread] Shutdown event was signaled in dequeue of UserBuffQEl0yolo26n/conv94!
[2026-09-07 21:18:10.123] [2087] [HailoRT] [info] [queue_elements.cpp:734] [run_in_thread] Shutdown event was signaled in run_pull of queue element PullQEl_hw_read0yolo26n/conv94!
[2026-09-07 21:18:10.123] [2087] [HailoRT] [info] [queue_elements.cpp:68] [operator()] Thread in element PullQEl_hw_read0yolo26n/conv94 is not running anymore, exiting..
[2026-09-07 21:18:10.123] [2052] [HailoRT] [info] [queue_elements.cpp:46] [~BaseQueueElement] Queue element PullQEl_hw_read0yolo26n/conv94 has 0 frames in his Queue on destruction
[2026-09-07 21:18:10.123] [2088] [HailoRT] [info] [queue_elements.cpp:68] [operator()] Thread in element UserBuffQEl0yolo26n/conv94 is not running anymore, exiting..
[2026-09-07 21:18:10.123] [2052] [HailoRT] [info] [queue_elements.cpp:46] [~BaseQueueElement] Queue element UserBuffQEl0yolo26n/conv94 has 0 frames in his Queue on destruction
[2026-09-07 21:18:52.725] [20054] [HailoRT] [info] [vdevice.cpp:535] [create] Creating vdevice with params: device_count: 1, scheduling_algorithm: NONE, multi_process_service: false
[2026-09-07 21:18:52.736] [20054] [HailoRT] [info] [device.cpp:51] [Device] OS Version: Linux 6.18.39+rpt-rpi-2712 #1 SMP PREEMPT Debian 1:6.18.39-1+rpt1 (2026-07-29) aarch64
[2026-09-07 21:18:52.736] [20054] [HailoRT] [info] [control.cpp:113] [control__parse_identify_results] firmware_version is: 4.23.0
[2026-09-07 21:18:52.736] [20054] [HailoRT] [info] [vdevice.cpp:682] [create] VDevice Infos: 0001:01:00.0
[2026-09-07 21:18:52.743] [20054] [HailoRT] [info] [internal_buffer_manager.cpp:77] [print_execution_results] Planned internal buffer memory: CMA=0 CMA-Desc=917504 Pinned=2956800. memory to edge layer usage factor is 0.9621793
[2026-09-07 21:18:52.743] [20054] [HailoRT] [info] [internal_buffer_manager.cpp:86] [print_execution_results] Default Internal buffer planner executed successfully
[2026-09-07 21:18:52.778] [20054] [HailoRT] [info] [device_internal.cpp:57] [configure] Configuring HEF took 41.2925 milliseconds
[2026-09-07 21:18:52.778] [20054] [HailoRT] [info] [vdevice.cpp:780] [configure] Configuring HEF on VDevice took 41.600889 milliseconds
[2026-09-07 21:18:52.778] [20054] [HailoRT] [info] [hef.cpp:1994] [get_network_group_and_network_name] No name was given. Addressing all networks of default network_group: yolo26n
[2026-09-07 21:18:52.778] [20054] [HailoRT] [info] [hef.cpp:1994] [get_network_group_and_network_name] No name was given. Addressing all networks of default network_group: yolo26n
[2026-09-07 21:18:52.778] [20054] [HailoRT] [info] [edge_elements.cpp:52] [create] Created (HwWriteEl2yolo26n/input_layer1 | hw_frame_size: 2211840)
[2026-09-07 21:18:52.778] [20054] [HailoRT] [info] [vstream.cpp:754] [InputVStreamImpl] Creating yolo26n/input_layer1...
[2026-09-07 21:18:52.778] [20054] [HailoRT] [info] [vstream_builder.cpp:102] [create_inputs] Input pipeline 'yolo26n/input_layer1': (HwWriteEl2yolo26n/input_layer1 | hw_frame_size: 2211840) >> HW
[2026-09-07 21:18:52.778] [20054] [HailoRT] [info] [edge_elements.cpp:287] [create] Created (HwReadEl3yolo26n/conv61 | hw_frame_size: 92160)
[2026-09-07 21:18:52.778] [20054] [HailoRT] [info] [queue_elements.cpp:657] [create] Created (PullQEl_hw_read3yolo26n/conv61)
[2026-09-07 21:18:52.778] [20054] [HailoRT] [info] [filter_elements.cpp:372] [create] Created (PostInferEl3yolo26n/conv61 | Quantization - src_type: UINT16, dst_type FLOAT32, limvals_min: -0.881752, limvals_max: 6.27869)
[2026-09-07 21:18:52.778] [20054] [HailoRT] [info] [queue_elements.cpp:800] [create] Created (UserBuffQEl3yolo26n/conv61 | timeout: 10s)
[2026-09-07 21:18:52.778] [20054] [HailoRT] [info] [vstream.cpp:1114] [OutputVStreamImpl] Creating yolo26n/conv61...
[2026-09-07 21:18:52.778] [20054] [HailoRT] [info] [vstream_builder.cpp:220] [create_outputs] Output pipeline 'yolo26n/conv61': HW >> (HwReadEl3yolo26n/conv61 | hw_frame_size: 92160) >> (PullQEl_hw_read3yolo26n/conv61) >> (PostInferEl3yolo26n/conv61 | Quantization - src_type: UINT16, dst_type FLOAT32, limvals_min: -0.881752, limvals_max: 6.27869) >> (UserBuffQEl3yolo26n/conv61 | timeout: 10s)
[2026-09-07 21:18:52.778] [20054] [HailoRT] [info] [edge_elements.cpp:287] [create] Created (HwReadEl2yolo26n/conv64 | hw_frame_size: 23040)
[2026-09-07 21:18:52.778] [20054] [HailoRT] [info] [queue_elements.cpp:657] [create] Created (PullQEl_hw_read2yolo26n/conv64)
[2026-09-07 21:18:52.778] [20054] [HailoRT] [info] [filter_elements.cpp:372] [create] Created (PostInferEl2yolo26n/conv64 | Quantization - src_type: UINT16, dst_type FLOAT32, limvals_min: -164.817, limvals_max: 3.19963)
[2026-09-07 21:18:52.778] [20054] [HailoRT] [info] [queue_elements.cpp:800] [create] Created (UserBuffQEl2yolo26n/conv64 | timeout: 10s)
[2026-09-07 21:18:52.778] [20054] [HailoRT] [info] [vstream.cpp:1114] [OutputVStreamImpl] Creating yolo26n/conv64...
[2026-09-07 21:18:52.778] [20054] [HailoRT] [info] [vstream_builder.cpp:220] [create_outputs] Output pipeline 'yolo26n/conv64': HW >> (HwReadEl2yolo26n/conv64 | hw_frame_size: 23040) >> (PullQEl_hw_read2yolo26n/conv64) >> (PostInferEl2yolo26n/conv64 | Quantization - src_type: UINT16, dst_type FLOAT32, limvals_min: -164.817, limvals_max: 3.19963) >> (UserBuffQEl2yolo26n/conv64 | timeout: 10s)
[2026-09-07 21:18:52.778] [20054] [HailoRT] [info] [edge_elements.cpp:287] [create] Created (HwReadEl2yolo26n/conv77 | hw_frame_size: 23040)
[2026-09-07 21:18:52.778] [20054] [HailoRT] [info] [queue_elements.cpp:657] [create] Created (PullQEl_hw_read2yolo26n/conv77)
[2026-09-07 21:18:52.779] [20054] [HailoRT] [info] [filter_elements.cpp:372] [create] Created (PostInferEl2yolo26n/conv77 | Quantization - src_type: UINT16, dst_type FLOAT32, limvals_min: -0.67052, limvals_max: 17.2357)
[2026-09-07 21:18:52.779] [20054] [HailoRT] [info] [queue_elements.cpp:800] [create] Created (UserBuffQEl2yolo26n/conv77 | timeout: 10s)
[2026-09-07 21:18:52.779] [20054] [HailoRT] [info] [vstream.cpp:1114] [OutputVStreamImpl] Creating yolo26n/conv77...
[2026-09-07 21:18:52.779] [20054] [HailoRT] [info] [vstream_builder.cpp:220] [create_outputs] Output pipeline 'yolo26n/conv77': HW >> (HwReadEl2yolo26n/conv77 | hw_frame_size: 23040) >> (PullQEl_hw_read2yolo26n/conv77) >> (PostInferEl2yolo26n/conv77 | Quantization - src_type: UINT16, dst_type FLOAT32, limvals_min: -0.67052, limvals_max: 17.2357) >> (UserBuffQEl2yolo26n/conv77 | timeout: 10s)
[2026-09-07 21:18:52.779] [20054] [HailoRT] [info] [edge_elements.cpp:287] [create] Created (HwReadEl0yolo26n/conv80 | hw_frame_size: 5760)
[2026-09-07 21:18:52.779] [20054] [HailoRT] [info] [queue_elements.cpp:657] [create] Created (PullQEl_hw_read0yolo26n/conv80)
[2026-09-07 21:18:52.779] [20054] [HailoRT] [info] [filter_elements.cpp:372] [create] Created (PostInferEl0yolo26n/conv80 | Quantization - src_type: UINT16, dst_type FLOAT32, limvals_min: -67.4827, limvals_max: 0)
[2026-09-07 21:18:52.779] [20054] [HailoRT] [info] [queue_elements.cpp:800] [create] Created (UserBuffQEl0yolo26n/conv80 | timeout: 10s)
[2026-09-07 21:18:52.779] [20054] [HailoRT] [info] [vstream.cpp:1114] [OutputVStreamImpl] Creating yolo26n/conv80...
[2026-09-07 21:18:52.779] [20054] [HailoRT] [info] [vstream_builder.cpp:220] [create_outputs] Output pipeline 'yolo26n/conv80': HW >> (HwReadEl0yolo26n/conv80 | hw_frame_size: 5760) >> (PullQEl_hw_read0yolo26n/conv80) >> (PostInferEl0yolo26n/conv80 | Quantization - src_type: UINT16, dst_type FLOAT32, limvals_min: -67.4827, limvals_max: 0) >> (UserBuffQEl0yolo26n/conv80 | timeout: 10s)
[2026-09-07 21:18:52.779] [20054] [HailoRT] [info] [edge_elements.cpp:287] [create] Created (HwReadEl3yolo26n/conv91 | hw_frame_size: 11520)
[2026-09-07 21:18:52.779] [20054] [HailoRT] [info] [queue_elements.cpp:657] [create] Created (PullQEl_hw_read3yolo26n/conv91)
[2026-09-07 21:18:52.779] [20054] [HailoRT] [info] [filter_elements.cpp:372] [create] Created (PostInferEl3yolo26n/conv91 | Quantization - src_type: UINT16, dst_type FLOAT32, limvals_min: 0, limvals_max: 8.46146 | Reorder - src_order: FCR, src_shape: (20, 36, 8), dst_order: FCR, dst_shape: (20, 36, 4))
[2026-09-07 21:18:52.779] [20054] [HailoRT] [info] [queue_elements.cpp:800] [create] Created (UserBuffQEl3yolo26n/conv91 | timeout: 10s)
[2026-09-07 21:18:52.779] [20054] [HailoRT] [info] [vstream.cpp:1114] [OutputVStreamImpl] Creating yolo26n/conv91...
[2026-09-07 21:18:52.779] [20054] [HailoRT] [info] [vstream_builder.cpp:220] [create_outputs] Output pipeline 'yolo26n/conv91': HW >> (HwReadEl3yolo26n/conv91 | hw_frame_size: 11520) >> (PullQEl_hw_read3yolo26n/conv91) >> (PostInferEl3yolo26n/conv91 | Quantization - src_type: UINT16, dst_type FLOAT32, limvals_min: 0, limvals_max: 8.46146 | Reorder - src_order: FCR, src_shape: (20, 36, 8), dst_order: FCR, dst_shape: (20, 36, 4)) >> (UserBuffQEl3yolo26n/conv91 | timeout: 10s)
[2026-09-07 21:18:52.779] [20054] [HailoRT] [info] [edge_elements.cpp:287] [create] Created (HwReadEl0yolo26n/conv94 | hw_frame_size: 11520)
[2026-09-07 21:18:52.779] [20054] [HailoRT] [info] [queue_elements.cpp:657] [create] Created (PullQEl_hw_read0yolo26n/conv94)
[2026-09-07 21:18:52.779] [20054] [HailoRT] [info] [filter_elements.cpp:372] [create] Created (PostInferEl0yolo26n/conv94 | Quantization - src_type: UINT16, dst_type FLOAT32, limvals_min: -64.0772, limvals_max: 0 | Reorder - src_order: FCR, src_shape: (20, 36, 8), dst_order: FCR, dst_shape: (20, 36, 1))
[2026-09-07 21:18:52.779] [20054] [HailoRT] [info] [queue_elements.cpp:800] [create] Created (UserBuffQEl0yolo26n/conv94 | timeout: 10s)
[2026-09-07 21:18:52.779] [20054] [HailoRT] [info] [vstream.cpp:1114] [OutputVStreamImpl] Creating yolo26n/conv94...
[2026-09-07 21:18:52.779] [20054] [HailoRT] [info] [vstream_builder.cpp:220] [create_outputs] Output pipeline 'yolo26n/conv94': HW >> (HwReadEl0yolo26n/conv94 | hw_frame_size: 11520) >> (PullQEl_hw_read0yolo26n/conv94) >> (PostInferEl0yolo26n/conv94 | Quantization - src_type: UINT16, dst_type FLOAT32, limvals_min: -64.0772, limvals_max: 0 | Reorder - src_order: FCR, src_shape: (20, 36, 8), dst_order: FCR, dst_shape: (20, 36, 1)) >> (UserBuffQEl0yolo26n/conv94 | timeout: 10s)
[2026-09-07 21:18:52.780] [20054] [HailoRT] [info] [core_op.cpp:156] [activate] Activating yolo26n took 0.477648 milliseconds. Note that the function is asynchronous and thus the network is not fully activated yet.
[2026-09-07 21:18:52.780] [20054] [HailoRT] [info] [core_op.cpp:156] [activate] Activating yolo26n took 0.486574 milliseconds. Note that the function is asynchronous and thus the network is not fully activated yet.
[2026-09-07 21:19:39.858] [20079] [HailoRT] [info] [vdevice_native_stream.cpp:331] [read_impl] Failed read from stream HAILO_STREAM_NOT_ACTIVATED(72) (device: 0001:01:00.0)
[2026-09-07 21:19:39.858] [20089] [HailoRT] [info] [vdevice_native_stream.cpp:331] [read_impl] Failed read from stream HAILO_STREAM_NOT_ACTIVATED(72) (device: 0001:01:00.0)
[2026-09-07 21:19:39.858] [20083] [HailoRT] [info] [vdevice_native_stream.cpp:331] [read_impl] Failed read from stream HAILO_STREAM_NOT_ACTIVATED(72) (device: 0001:01:00.0)
[2026-09-07 21:19:39.858] [20081] [HailoRT] [info] [vdevice_native_stream.cpp:331] [read_impl] Failed read from stream HAILO_STREAM_NOT_ACTIVATED(72) (device: 0001:01:00.0)
[2026-09-07 21:19:39.858] [20085] [HailoRT] [info] [vdevice_native_stream.cpp:331] [read_impl] Failed read from stream HAILO_STREAM_NOT_ACTIVATED(72) (device: 0001:01:00.0)
[2026-09-07 21:19:39.858] [20087] [HailoRT] [info] [vdevice_native_stream.cpp:331] [read_impl] Failed read from stream HAILO_STREAM_NOT_ACTIVATED(72) (device: 0001:01:00.0)
[2026-09-07 21:19:39.859] [20054] [HailoRT] [info] [core_op.cpp:186] [deactivate] Deactivating took 0.497815 ms
[2026-09-07 21:19:39.859] [20054] [HailoRT] [info] [core_op.cpp:186] [deactivate] Deactivating took 0.512611 ms
[2026-09-07 21:19:39.859] [20079] [HailoRT] [info] [queue_elements.cpp:734] [run_in_thread] Shutdown event was signaled in run_pull of queue element PullQEl_hw_read3yolo26n/conv61!
[2026-09-07 21:19:39.859] [20080] [HailoRT] [info] [queue_elements.cpp:855] [run_in_thread] Shutdown event was signaled in dequeue of UserBuffQEl3yolo26n/conv61!
[2026-09-07 21:19:39.859] [20079] [HailoRT] [info] [queue_elements.cpp:68] [operator()] Thread in element PullQEl_hw_read3yolo26n/conv61 is not running anymore, exiting..
[2026-09-07 21:19:39.859] [20054] [HailoRT] [info] [queue_elements.cpp:46] [~BaseQueueElement] Queue element PullQEl_hw_read3yolo26n/conv61 has 0 frames in his Queue on destruction
[2026-09-07 21:19:39.859] [20080] [HailoRT] [info] [queue_elements.cpp:68] [operator()] Thread in element UserBuffQEl3yolo26n/conv61 is not running anymore, exiting..
[2026-09-07 21:19:39.859] [20054] [HailoRT] [info] [queue_elements.cpp:46] [~BaseQueueElement] Queue element UserBuffQEl3yolo26n/conv61 has 0 frames in his Queue on destruction
[2026-09-07 21:19:39.859] [20081] [HailoRT] [info] [queue_elements.cpp:734] [run_in_thread] Shutdown event was signaled in run_pull of queue element PullQEl_hw_read2yolo26n/conv64!
[2026-09-07 21:19:39.859] [20082] [HailoRT] [info] [queue_elements.cpp:855] [run_in_thread] Shutdown event was signaled in dequeue of UserBuffQEl2yolo26n/conv64!
[2026-09-07 21:19:39.859] [20081] [HailoRT] [info] [queue_elements.cpp:68] [operator()] Thread in element PullQEl_hw_read2yolo26n/conv64 is not running anymore, exiting..
[2026-09-07 21:19:39.859] [20054] [HailoRT] [info] [queue_elements.cpp:46] [~BaseQueueElement] Queue element PullQEl_hw_read2yolo26n/conv64 has 0 frames in his Queue on destruction
[2026-09-07 21:19:39.859] [20082] [HailoRT] [info] [queue_elements.cpp:68] [operator()] Thread in element UserBuffQEl2yolo26n/conv64 is not running anymore, exiting..
[2026-09-07 21:19:39.859] [20054] [HailoRT] [info] [queue_elements.cpp:46] [~BaseQueueElement] Queue element UserBuffQEl2yolo26n/conv64 has 0 frames in his Queue on destruction
[2026-09-07 21:19:39.859] [20083] [HailoRT] [info] [queue_elements.cpp:734] [run_in_thread] Shutdown event was signaled in run_pull of queue element PullQEl_hw_read2yolo26n/conv77!
[2026-09-07 21:19:39.859] [20084] [HailoRT] [info] [queue_elements.cpp:855] [run_in_thread] Shutdown event was signaled in dequeue of UserBuffQEl2yolo26n/conv77!
[2026-09-07 21:19:39.859] [20083] [HailoRT] [info] [queue_elements.cpp:68] [operator()] Thread in element PullQEl_hw_read2yolo26n/conv77 is not running anymore, exiting..
[2026-09-07 21:19:39.859] [20054] [HailoRT] [info] [queue_elements.cpp:46] [~BaseQueueElement] Queue element PullQEl_hw_read2yolo26n/conv77 has 0 frames in his Queue on destruction
[2026-09-07 21:19:39.859] [20084] [HailoRT] [info] [queue_elements.cpp:68] [operator()] Thread in element UserBuffQEl2yolo26n/conv77 is not running anymore, exiting..
[2026-09-07 21:19:39.859] [20054] [HailoRT] [info] [queue_elements.cpp:46] [~BaseQueueElement] Queue element UserBuffQEl2yolo26n/conv77 has 0 frames in his Queue on destruction
[2026-09-07 21:19:39.859] [20085] [HailoRT] [info] [queue_elements.cpp:734] [run_in_thread] Shutdown event was signaled in run_pull of queue element PullQEl_hw_read0yolo26n/conv80!
[2026-09-07 21:19:39.859] [20086] [HailoRT] [info] [queue_elements.cpp:855] [run_in_thread] Shutdown event was signaled in dequeue of UserBuffQEl0yolo26n/conv80!
[2026-09-07 21:19:39.859] [20085] [HailoRT] [info] [queue_elements.cpp:68] [operator()] Thread in element PullQEl_hw_read0yolo26n/conv80 is not running anymore, exiting..
[2026-09-07 21:19:39.859] [20054] [HailoRT] [info] [queue_elements.cpp:46] [~BaseQueueElement] Queue element PullQEl_hw_read0yolo26n/conv80 has 0 frames in his Queue on destruction
[2026-09-07 21:19:39.859] [20086] [HailoRT] [info] [queue_elements.cpp:68] [operator()] Thread in element UserBuffQEl0yolo26n/conv80 is not running anymore, exiting..
[2026-09-07 21:19:39.859] [20054] [HailoRT] [info] [queue_elements.cpp:46] [~BaseQueueElement] Queue element UserBuffQEl0yolo26n/conv80 has 0 frames in his Queue on destruction
[2026-09-07 21:19:39.859] [20087] [HailoRT] [info] [queue_elements.cpp:734] [run_in_thread] Shutdown event was signaled in run_pull of queue element PullQEl_hw_read3yolo26n/conv91!
[2026-09-07 21:19:39.859] [20088] [HailoRT] [info] [queue_elements.cpp:855] [run_in_thread] Shutdown event was signaled in dequeue of UserBuffQEl3yolo26n/conv91!
[2026-09-07 21:19:39.859] [20087] [HailoRT] [info] [queue_elements.cpp:68] [operator()] Thread in element PullQEl_hw_read3yolo26n/conv91 is not running anymore, exiting..
[2026-09-07 21:19:39.859] [20054] [HailoRT] [info] [queue_elements.cpp:46] [~BaseQueueElement] Queue element PullQEl_hw_read3yolo26n/conv91 has 0 frames in his Queue on destruction
[2026-09-07 21:19:39.859] [20088] [HailoRT] [info] [queue_elements.cpp:68] [operator()] Thread in element UserBuffQEl3yolo26n/conv91 is not running anymore, exiting..
[2026-09-07 21:19:39.859] [20054] [HailoRT] [info] [queue_elements.cpp:46] [~BaseQueueElement] Queue element UserBuffQEl3yolo26n/conv91 has 0 frames in his Queue on destruction
[2026-09-07 21:19:39.859] [20089] [HailoRT] [info] [queue_elements.cpp:734] [run_in_thread] Shutdown event was signaled in run_pull of queue element PullQEl_hw_read0yolo26n/conv94!
[2026-09-07 21:19:39.859] [20090] [HailoRT] [info] [queue_elements.cpp:855] [run_in_thread] Shutdown event was signaled in dequeue of UserBuffQEl0yolo26n/conv94!
[2026-09-07 21:19:39.859] [20089] [HailoRT] [info] [queue_elements.cpp:68] [operator()] Thread in element PullQEl_hw_read0yolo26n/conv94 is not running anymore, exiting..
[2026-09-07 21:19:39.859] [20054] [HailoRT] [info] [queue_elements.cpp:46] [~BaseQueueElement] Queue element PullQEl_hw_read0yolo26n/conv94 has 0 frames in his Queue on destruction
[2026-09-07 21:19:39.859] [20090] [HailoRT] [info] [queue_elements.cpp:68] [operator()] Thread in element UserBuffQEl0yolo26n/conv94 is not running anymore, exiting..
[2026-09-07 21:19:39.859] [20054] [HailoRT] [info] [queue_elements.cpp:46] [~BaseQueueElement] Queue element UserBuffQEl0yolo26n/conv94 has 0 frames in his Queue on destruction
[2026-09-07 21:20:39.585] [31195] [HailoRT] [info] [vdevice.cpp:535] [create] Creating vdevice with params: device_count: 1, scheduling_algorithm: NONE, multi_process_service: false
[2026-09-07 21:20:39.596] [31195] [HailoRT] [info] [device.cpp:51] [Device] OS Version: Linux 6.18.39+rpt-rpi-2712 #1 SMP PREEMPT Debian 1:6.18.39-1+rpt1 (2026-07-29) aarch64
[2026-09-07 21:20:39.596] [31195] [HailoRT] [info] [control.cpp:113] [control__parse_identify_results] firmware_version is: 4.23.0
[2026-09-07 21:20:39.596] [31195] [HailoRT] [info] [vdevice.cpp:682] [create] VDevice Infos: 0001:01:00.0
[2026-09-07 21:20:39.603] [31195] [HailoRT] [info] [internal_buffer_manager.cpp:77] [print_execution_results] Planned internal buffer memory: CMA=0 CMA-Desc=917504 Pinned=2956800. memory to edge layer usage factor is 0.9621793
[2026-09-07 21:20:39.603] [31195] [HailoRT] [info] [internal_buffer_manager.cpp:86] [print_execution_results] Default Internal buffer planner executed successfully
[2026-09-07 21:20:39.636] [31195] [HailoRT] [info] [device_internal.cpp:57] [configure] Configuring HEF took 40.228648 milliseconds
[2026-09-07 21:20:39.637] [31195] [HailoRT] [info] [vdevice.cpp:780] [configure] Configuring HEF on VDevice took 40.537389 milliseconds
[2026-09-07 21:20:39.637] [31195] [HailoRT] [info] [hef.cpp:1994] [get_network_group_and_network_name] No name was given. Addressing all networks of default network_group: yolo26n
[2026-09-07 21:20:39.637] [31195] [HailoRT] [info] [hef.cpp:1994] [get_network_group_and_network_name] No name was given. Addressing all networks of default network_group: yolo26n
[2026-09-07 21:20:39.637] [31195] [HailoRT] [info] [edge_elements.cpp:52] [create] Created (HwWriteEl2yolo26n/input_layer1 | hw_frame_size: 2211840)
[2026-09-07 21:20:39.637] [31195] [HailoRT] [info] [vstream.cpp:754] [InputVStreamImpl] Creating yolo26n/input_layer1...
[2026-09-07 21:20:39.637] [31195] [HailoRT] [info] [vstream_builder.cpp:102] [create_inputs] Input pipeline 'yolo26n/input_layer1': (HwWriteEl2yolo26n/input_layer1 | hw_frame_size: 2211840) >> HW
[2026-09-07 21:20:39.637] [31195] [HailoRT] [info] [edge_elements.cpp:287] [create] Created (HwReadEl3yolo26n/conv61 | hw_frame_size: 92160)
[2026-09-07 21:20:39.637] [31195] [HailoRT] [info] [queue_elements.cpp:657] [create] Created (PullQEl_hw_read3yolo26n/conv61)
[2026-09-07 21:20:39.637] [31195] [HailoRT] [info] [filter_elements.cpp:372] [create] Created (PostInferEl3yolo26n/conv61 | Quantization - src_type: UINT16, dst_type FLOAT32, limvals_min: -0.881752, limvals_max: 6.27869)
[2026-09-07 21:20:39.637] [31195] [HailoRT] [info] [queue_elements.cpp:800] [create] Created (UserBuffQEl3yolo26n/conv61 | timeout: 10s)
[2026-09-07 21:20:39.637] [31195] [HailoRT] [info] [vstream.cpp:1114] [OutputVStreamImpl] Creating yolo26n/conv61...
[2026-09-07 21:20:39.637] [31195] [HailoRT] [info] [vstream_builder.cpp:220] [create_outputs] Output pipeline 'yolo26n/conv61': HW >> (HwReadEl3yolo26n/conv61 | hw_frame_size: 92160) >> (PullQEl_hw_read3yolo26n/conv61) >> (PostInferEl3yolo26n/conv61 | Quantization - src_type: UINT16, dst_type FLOAT32, limvals_min: -0.881752, limvals_max: 6.27869) >> (UserBuffQEl3yolo26n/conv61 | timeout: 10s)
[2026-09-07 21:20:39.637] [31195] [HailoRT] [info] [edge_elements.cpp:287] [create] Created (HwReadEl2yolo26n/conv64 | hw_frame_size: 23040)
[2026-09-07 21:20:39.637] [31195] [HailoRT] [info] [queue_elements.cpp:657] [create] Created (PullQEl_hw_read2yolo26n/conv64)
[2026-09-07 21:20:39.637] [31195] [HailoRT] [info] [filter_elements.cpp:372] [create] Created (PostInferEl2yolo26n/conv64 | Quantization - src_type: UINT16, dst_type FLOAT32, limvals_min: -164.817, limvals_max: 3.19963)
[2026-09-07 21:20:39.637] [31195] [HailoRT] [info] [queue_elements.cpp:800] [create] Created (UserBuffQEl2yolo26n/conv64 | timeout: 10s)
[2026-09-07 21:20:39.637] [31195] [HailoRT] [info] [vstream.cpp:1114] [OutputVStreamImpl] Creating yolo26n/conv64...
[2026-09-07 21:20:39.637] [31195] [HailoRT] [info] [vstream_builder.cpp:220] [create_outputs] Output pipeline 'yolo26n/conv64': HW >> (HwReadEl2yolo26n/conv64 | hw_frame_size: 23040) >> (PullQEl_hw_read2yolo26n/conv64) >> (PostInferEl2yolo26n/conv64 | Quantization - src_type: UINT16, dst_type FLOAT32, limvals_min: -164.817, limvals_max: 3.19963) >> (UserBuffQEl2yolo26n/conv64 | timeout: 10s)
[2026-09-07 21:20:39.637] [31195] [HailoRT] [info] [edge_elements.cpp:287] [create] Created (HwReadEl2yolo26n/conv77 | hw_frame_size: 23040)
[2026-09-07 21:20:39.637] [31195] [HailoRT] [info] [queue_elements.cpp:657] [create] Created (PullQEl_hw_read2yolo26n/conv77)
[2026-09-07 21:20:39.637] [31195] [HailoRT] [info] [filter_elements.cpp:372] [create] Created (PostInferEl2yolo26n/conv77 | Quantization - src_type: UINT16, dst_type FLOAT32, limvals_min: -0.67052, limvals_max: 17.2357)
[2026-09-07 21:20:39.638] [31195] [HailoRT] [info] [queue_elements.cpp:800] [create] Created (UserBuffQEl2yolo26n/conv77 | timeout: 10s)
[2026-09-07 21:20:39.638] [31195] [HailoRT] [info] [vstream.cpp:1114] [OutputVStreamImpl] Creating yolo26n/conv77...
[2026-09-07 21:20:39.638] [31195] [HailoRT] [info] [vstream_builder.cpp:220] [create_outputs] Output pipeline 'yolo26n/conv77': HW >> (HwReadEl2yolo26n/conv77 | hw_frame_size: 23040) >> (PullQEl_hw_read2yolo26n/conv77) >> (PostInferEl2yolo26n/conv77 | Quantization - src_type: UINT16, dst_type FLOAT32, limvals_min: -0.67052, limvals_max: 17.2357) >> (UserBuffQEl2yolo26n/conv77 | timeout: 10s)
[2026-09-07 21:20:39.638] [31195] [HailoRT] [info] [edge_elements.cpp:287] [create] Created (HwReadEl0yolo26n/conv80 | hw_frame_size: 5760)
[2026-09-07 21:20:39.638] [31195] [HailoRT] [info] [queue_elements.cpp:657] [create] Created (PullQEl_hw_read0yolo26n/conv80)
[2026-09-07 21:20:39.638] [31195] [HailoRT] [info] [filter_elements.cpp:372] [create] Created (PostInferEl0yolo26n/conv80 | Quantization - src_type: UINT16, dst_type FLOAT32, limvals_min: -67.4827, limvals_max: 0)
[2026-09-07 21:20:39.638] [31195] [HailoRT] [info] [queue_elements.cpp:800] [create] Created (UserBuffQEl0yolo26n/conv80 | timeout: 10s)
[2026-09-07 21:20:39.638] [31195] [HailoRT] [info] [vstream.cpp:1114] [OutputVStreamImpl] Creating yolo26n/conv80...
[2026-09-07 21:20:39.638] [31195] [HailoRT] [info] [vstream_builder.cpp:220] [create_outputs] Output pipeline 'yolo26n/conv80': HW >> (HwReadEl0yolo26n/conv80 | hw_frame_size: 5760) >> (PullQEl_hw_read0yolo26n/conv80) >> (PostInferEl0yolo26n/conv80 | Quantization - src_type: UINT16, dst_type FLOAT32, limvals_min: -67.4827, limvals_max: 0) >> (UserBuffQEl0yolo26n/conv80 | timeout: 10s)
[2026-09-07 21:20:39.638] [31195] [HailoRT] [info] [edge_elements.cpp:287] [create] Created (HwReadEl3yolo26n/conv91 | hw_frame_size: 11520)
[2026-09-07 21:20:39.638] [31195] [HailoRT] [info] [queue_elements.cpp:657] [create] Created (PullQEl_hw_read3yolo26n/conv91)
[2026-09-07 21:20:39.638] [31195] [HailoRT] [info] [filter_elements.cpp:372] [create] Created (PostInferEl3yolo26n/conv91 | Quantization - src_type: UINT16, dst_type FLOAT32, limvals_min: 0, limvals_max: 8.46146 | Reorder - src_order: FCR, src_shape: (20, 36, 8), dst_order: FCR, dst_shape: (20, 36, 4))
[2026-09-07 21:20:39.638] [31195] [HailoRT] [info] [queue_elements.cpp:800] [create] Created (UserBuffQEl3yolo26n/conv91 | timeout: 10s)
[2026-09-07 21:20:39.638] [31195] [HailoRT] [info] [vstream.cpp:1114] [OutputVStreamImpl] Creating yolo26n/conv91...
[2026-09-07 21:20:39.638] [31195] [HailoRT] [info] [vstream_builder.cpp:220] [create_outputs] Output pipeline 'yolo26n/conv91': HW >> (HwReadEl3yolo26n/conv91 | hw_frame_size: 11520) >> (PullQEl_hw_read3yolo26n/conv91) >> (PostInferEl3yolo26n/conv91 | Quantization - src_type: UINT16, dst_type FLOAT32, limvals_min: 0, limvals_max: 8.46146 | Reorder - src_order: FCR, src_shape: (20, 36, 8), dst_order: FCR, dst_shape: (20, 36, 4)) >> (UserBuffQEl3yolo26n/conv91 | timeout: 10s)
[2026-09-07 21:20:39.638] [31195] [HailoRT] [info] [edge_elements.cpp:287] [create] Created (HwReadEl0yolo26n/conv94 | hw_frame_size: 11520)
[2026-09-07 21:20:39.638] [31195] [HailoRT] [info] [queue_elements.cpp:657] [create] Created (PullQEl_hw_read0yolo26n/conv94)
[2026-09-07 21:20:39.638] [31195] [HailoRT] [info] [filter_elements.cpp:372] [create] Created (PostInferEl0yolo26n/conv94 | Quantization - src_type: UINT16, dst_type FLOAT32, limvals_min: -64.0772, limvals_max: 0 | Reorder - src_order: FCR, src_shape: (20, 36, 8), dst_order: FCR, dst_shape: (20, 36, 1))
[2026-09-07 21:20:39.638] [31195] [HailoRT] [info] [queue_elements.cpp:800] [create] Created (UserBuffQEl0yolo26n/conv94 | timeout: 10s)
[2026-09-07 21:20:39.638] [31195] [HailoRT] [info] [vstream.cpp:1114] [OutputVStreamImpl] Creating yolo26n/conv94...
[2026-09-07 21:20:39.638] [31195] [HailoRT] [info] [vstream_builder.cpp:220] [create_outputs] Output pipeline 'yolo26n/conv94': HW >> (HwReadEl0yolo26n/conv94 | hw_frame_size: 11520) >> (PullQEl_hw_read0yolo26n/conv94) >> (PostInferEl0yolo26n/conv94 | Quantization - src_type: UINT16, dst_type FLOAT32, limvals_min: -64.0772, limvals_max: 0 | Reorder - src_order: FCR, src_shape: (20, 36, 8), dst_order: FCR, dst_shape: (20, 36, 1)) >> (UserBuffQEl0yolo26n/conv94 | timeout: 10s)
[2026-09-07 21:20:39.638] [31195] [HailoRT] [info] [core_op.cpp:156] [activate] Activating yolo26n took 0.444222 milliseconds. Note that the function is asynchronous and thus the network is not fully activated yet.
[2026-09-07 21:20:39.638] [31195] [HailoRT] [info] [core_op.cpp:156] [activate] Activating yolo26n took 0.45213 milliseconds. Note that the function is asynchronous and thus the network is not fully activated yet.
[2026-09-07 21:22:04.457] [31233] [HailoRT] [info] [vdevice_native_stream.cpp:331] [read_impl] Failed read from stream HAILO_STREAM_NOT_ACTIVATED(72) (device: 0001:01:00.0)
[2026-09-07 21:22:04.457] [31235] [HailoRT] [info] [vdevice_native_stream.cpp:331] [read_impl] Failed read from stream HAILO_STREAM_NOT_ACTIVATED(72) (device: 0001:01:00.0)
[2026-09-07 21:22:04.457] [31231] [HailoRT] [info] [vdevice_native_stream.cpp:331] [read_impl] Failed read from stream HAILO_STREAM_NOT_ACTIVATED(72) (device: 0001:01:00.0)
[2026-09-07 21:22:04.457] [31237] [HailoRT] [info] [vdevice_native_stream.cpp:331] [read_impl] Failed read from stream HAILO_STREAM_NOT_ACTIVATED(72) (device: 0001:01:00.0)
[2026-09-07 21:22:04.457] [31239] [HailoRT] [info] [vdevice_native_stream.cpp:331] [read_impl] Failed read from stream HAILO_STREAM_NOT_ACTIVATED(72) (device: 0001:01:00.0)
[2026-09-07 21:22:04.457] [31241] [HailoRT] [info] [vdevice_native_stream.cpp:331] [read_impl] Failed read from stream HAILO_STREAM_NOT_ACTIVATED(72) (device: 0001:01:00.0)
[2026-09-07 21:22:04.457] [31195] [HailoRT] [info] [core_op.cpp:186] [deactivate] Deactivating took 0.493 ms
[2026-09-07 21:22:04.457] [31195] [HailoRT] [info] [core_op.cpp:186] [deactivate] Deactivating took 0.508833 ms
[2026-09-07 21:22:04.457] [31231] [HailoRT] [info] [queue_elements.cpp:734] [run_in_thread] Shutdown event was signaled in run_pull of queue element PullQEl_hw_read3yolo26n/conv61!
[2026-09-07 21:22:04.457] [31232] [HailoRT] [info] [queue_elements.cpp:855] [run_in_thread] Shutdown event was signaled in dequeue of UserBuffQEl3yolo26n/conv61!
[2026-09-07 21:22:04.457] [31231] [HailoRT] [info] [queue_elements.cpp:68] [operator()] Thread in element PullQEl_hw_read3yolo26n/conv61 is not running anymore, exiting..
[2026-09-07 21:22:04.457] [31195] [HailoRT] [info] [queue_elements.cpp:46] [~BaseQueueElement] Queue element PullQEl_hw_read3yolo26n/conv61 has 0 frames in his Queue on destruction
[2026-09-07 21:22:04.457] [31232] [HailoRT] [info] [queue_elements.cpp:68] [operator()] Thread in element UserBuffQEl3yolo26n/conv61 is not running anymore, exiting..
[2026-09-07 21:22:04.457] [31195] [HailoRT] [info] [queue_elements.cpp:46] [~BaseQueueElement] Queue element UserBuffQEl3yolo26n/conv61 has 0 frames in his Queue on destruction
[2026-09-07 21:22:04.457] [31233] [HailoRT] [info] [queue_elements.cpp:734] [run_in_thread] Shutdown event was signaled in run_pull of queue element PullQEl_hw_read2yolo26n/conv64!
[2026-09-07 21:22:04.457] [31234] [HailoRT] [info] [queue_elements.cpp:855] [run_in_thread] Shutdown event was signaled in dequeue of UserBuffQEl2yolo26n/conv64!
[2026-09-07 21:22:04.457] [31233] [HailoRT] [info] [queue_elements.cpp:68] [operator()] Thread in element PullQEl_hw_read2yolo26n/conv64 is not running anymore, exiting..
[2026-09-07 21:22:04.457] [31195] [HailoRT] [info] [queue_elements.cpp:46] [~BaseQueueElement] Queue element PullQEl_hw_read2yolo26n/conv64 has 0 frames in his Queue on destruction
[2026-09-07 21:22:04.457] [31234] [HailoRT] [info] [queue_elements.cpp:68] [operator()] Thread in element UserBuffQEl2yolo26n/conv64 is not running anymore, exiting..
[2026-09-07 21:22:04.457] [31195] [HailoRT] [info] [queue_elements.cpp:46] [~BaseQueueElement] Queue element UserBuffQEl2yolo26n/conv64 has 0 frames in his Queue on destruction
[2026-09-07 21:22:04.457] [31236] [HailoRT] [info] [queue_elements.cpp:855] [run_in_thread] Shutdown event was signaled in dequeue of UserBuffQEl2yolo26n/conv77!
[2026-09-07 21:22:04.457] [31235] [HailoRT] [info] [queue_elements.cpp:734] [run_in_thread] Shutdown event was signaled in run_pull of queue element PullQEl_hw_read2yolo26n/conv77!
[2026-09-07 21:22:04.457] [31235] [HailoRT] [info] [queue_elements.cpp:68] [operator()] Thread in element PullQEl_hw_read2yolo26n/conv77 is not running anymore, exiting..
[2026-09-07 21:22:04.457] [31195] [HailoRT] [info] [queue_elements.cpp:46] [~BaseQueueElement] Queue element PullQEl_hw_read2yolo26n/conv77 has 0 frames in his Queue on destruction
[2026-09-07 21:22:04.457] [31236] [HailoRT] [info] [queue_elements.cpp:68] [operator()] Thread in element UserBuffQEl2yolo26n/conv77 is not running anymore, exiting..
[2026-09-07 21:22:04.457] [31195] [HailoRT] [info] [queue_elements.cpp:46] [~BaseQueueElement] Queue element UserBuffQEl2yolo26n/conv77 has 0 frames in his Queue on destruction
[2026-09-07 21:22:04.458] [31237] [HailoRT] [info] [queue_elements.cpp:734] [run_in_thread] Shutdown event was signaled in run_pull of queue element PullQEl_hw_read0yolo26n/conv80!
[2026-09-07 21:22:04.458] [31238] [HailoRT] [info] [queue_elements.cpp:855] [run_in_thread] Shutdown event was signaled in dequeue of UserBuffQEl0yolo26n/conv80!
[2026-09-07 21:22:04.458] [31237] [HailoRT] [info] [queue_elements.cpp:68] [operator()] Thread in element PullQEl_hw_read0yolo26n/conv80 is not running anymore, exiting..
[2026-09-07 21:22:04.458] [31195] [HailoRT] [info] [queue_elements.cpp:46] [~BaseQueueElement] Queue element PullQEl_hw_read0yolo26n/conv80 has 0 frames in his Queue on destruction
[2026-09-07 21:22:04.458] [31238] [HailoRT] [info] [queue_elements.cpp:68] [operator()] Thread in element UserBuffQEl0yolo26n/conv80 is not running anymore, exiting..
[2026-09-07 21:22:04.458] [31195] [HailoRT] [info] [queue_elements.cpp:46] [~BaseQueueElement] Queue element UserBuffQEl0yolo26n/conv80 has 0 frames in his Queue on destruction
[2026-09-07 21:22:04.458] [31239] [HailoRT] [info] [queue_elements.cpp:734] [run_in_thread] Shutdown event was signaled in run_pull of queue element PullQEl_hw_read3yolo26n/conv91!
[2026-09-07 21:22:04.458] [31240] [HailoRT] [info] [queue_elements.cpp:855] [run_in_thread] Shutdown event was signaled in dequeue of UserBuffQEl3yolo26n/conv91!
[2026-09-07 21:22:04.458] [31239] [HailoRT] [info] [queue_elements.cpp:68] [operator()] Thread in element PullQEl_hw_read3yolo26n/conv91 is not running anymore, exiting..
[2026-09-07 21:22:04.458] [31195] [HailoRT] [info] [queue_elements.cpp:46] [~BaseQueueElement] Queue element PullQEl_hw_read3yolo26n/conv91 has 0 frames in his Queue on destruction
[2026-09-07 21:22:04.458] [31240] [HailoRT] [info] [queue_elements.cpp:68] [operator()] Thread in element UserBuffQEl3yolo26n/conv91 is not running anymore, exiting..
[2026-09-07 21:22:04.458] [31195] [HailoRT] [info] [queue_elements.cpp:46] [~BaseQueueElement] Queue element UserBuffQEl3yolo26n/conv91 has 0 frames in his Queue on destruction
[2026-09-07 21:22:04.458] [31241] [HailoRT] [info] [queue_elements.cpp:734] [run_in_thread] Shutdown event was signaled in run_pull of queue element PullQEl_hw_read0yolo26n/conv94!
[2026-09-07 21:22:04.458] [31242] [HailoRT] [info] [queue_elements.cpp:855] [run_in_thread] Shutdown event was signaled in dequeue of UserBuffQEl0yolo26n/conv94!
[2026-09-07 21:22:04.458] [31241] [HailoRT] [info] [queue_elements.cpp:68] [operator()] Thread in element PullQEl_hw_read0yolo26n/conv94 is not running anymore, exiting..
[2026-09-07 21:22:04.458] [31195] [HailoRT] [info] [queue_elements.cpp:46] [~BaseQueueElement] Queue element PullQEl_hw_read0yolo26n/conv94 has 0 frames in his Queue on destruction
[2026-09-07 21:22:04.458] [31242] [HailoRT] [info] [queue_elements.cpp:68] [operator()] Thread in element UserBuffQEl0yolo26n/conv94 is not running anymore, exiting..
[2026-09-07 21:22:04.458] [31195] [HailoRT] [info] [queue_elements.cpp:46] [~BaseQueueElement] Queue element UserBuffQEl0yolo26n/conv94 has 0 frames in his Queue on destruction
[2026-09-07 21:29:26.163] [2580] [HailoRT] [info] [vdevice.cpp:535] [create] Creating vdevice with params: device_count: 1, scheduling_algorithm: NONE, multi_process_service: false
[2026-09-07 21:29:26.183] [2580] [HailoRT] [info] [device.cpp:51] [Device] OS Version: Linux 6.18.39+rpt-rpi-2712 #1 SMP PREEMPT Debian 1:6.18.39-1+rpt1 (2026-07-29) aarch64
[2026-09-07 21:29:26.185] [2580] [HailoRT] [info] [control.cpp:113] [control__parse_identify_results] firmware_version is: 4.23.0
[2026-09-07 21:29:26.185] [2580] [HailoRT] [info] [vdevice.cpp:682] [create] VDevice Infos: 0001:01:00.0
[2026-09-07 21:29:26.197] [2580] [HailoRT] [info] [internal_buffer_manager.cpp:77] [print_execution_results] Planned internal buffer memory: CMA=0 CMA-Desc=917504 Pinned=2956800. memory to edge layer usage factor is 0.9621793
[2026-09-07 21:29:26.197] [2580] [HailoRT] [info] [internal_buffer_manager.cpp:86] [print_execution_results] Default Internal buffer planner executed successfully
[2026-09-07 21:29:26.230] [2580] [HailoRT] [info] [device_internal.cpp:57] [configure] Configuring HEF took 43.34013 milliseconds
[2026-09-07 21:29:26.230] [2580] [HailoRT] [info] [vdevice.cpp:780] [configure] Configuring HEF on VDevice took 44.04 milliseconds
[2026-09-07 21:29:26.232] [2580] [HailoRT] [info] [hef.cpp:1994] [get_network_group_and_network_name] No name was given. Addressing all networks of default network_group: yolo26n
[2026-09-07 21:29:26.232] [2580] [HailoRT] [info] [hef.cpp:1994] [get_network_group_and_network_name] No name was given. Addressing all networks of default network_group: yolo26n
[2026-09-07 21:29:26.235] [2580] [HailoRT] [info] [edge_elements.cpp:52] [create] Created (HwWriteEl2yolo26n/input_layer1 | hw_frame_size: 2211840)
[2026-09-07 21:29:26.236] [2580] [HailoRT] [info] [vstream.cpp:754] [InputVStreamImpl] Creating yolo26n/input_layer1...
[2026-09-07 21:29:26.236] [2580] [HailoRT] [info] [vstream_builder.cpp:102] [create_inputs] Input pipeline 'yolo26n/input_layer1': (HwWriteEl2yolo26n/input_layer1 | hw_frame_size: 2211840) >> HW
[2026-09-07 21:29:26.236] [2580] [HailoRT] [info] [edge_elements.cpp:287] [create] Created (HwReadEl3yolo26n/conv61 | hw_frame_size: 92160)
[2026-09-07 21:29:26.236] [2580] [HailoRT] [info] [queue_elements.cpp:657] [create] Created (PullQEl_hw_read3yolo26n/conv61)
[2026-09-07 21:29:26.236] [2580] [HailoRT] [info] [filter_elements.cpp:372] [create] Created (PostInferEl3yolo26n/conv61 | Quantization - src_type: UINT16, dst_type FLOAT32, limvals_min: -0.881752, limvals_max: 6.27869)
[2026-09-07 21:29:26.238] [2580] [HailoRT] [info] [queue_elements.cpp:800] [create] Created (UserBuffQEl3yolo26n/conv61 | timeout: 10s)
[2026-09-07 21:29:26.238] [2580] [HailoRT] [info] [vstream.cpp:1114] [OutputVStreamImpl] Creating yolo26n/conv61...
[2026-09-07 21:29:26.238] [2580] [HailoRT] [info] [vstream_builder.cpp:220] [create_outputs] Output pipeline 'yolo26n/conv61': HW >> (HwReadEl3yolo26n/conv61 | hw_frame_size: 92160) >> (PullQEl_hw_read3yolo26n/conv61) >> (PostInferEl3yolo26n/conv61 | Quantization - src_type: UINT16, dst_type FLOAT32, limvals_min: -0.881752, limvals_max: 6.27869) >> (UserBuffQEl3yolo26n/conv61 | timeout: 10s)
[2026-09-07 21:29:26.238] [2580] [HailoRT] [info] [edge_elements.cpp:287] [create] Created (HwReadEl2yolo26n/conv64 | hw_frame_size: 23040)
[2026-09-07 21:29:26.238] [2580] [HailoRT] [info] [queue_elements.cpp:657] [create] Created (PullQEl_hw_read2yolo26n/conv64)
[2026-09-07 21:29:26.238] [2580] [HailoRT] [info] [filter_elements.cpp:372] [create] Created (PostInferEl2yolo26n/conv64 | Quantization - src_type: UINT16, dst_type FLOAT32, limvals_min: -164.817, limvals_max: 3.19963)
[2026-09-07 21:29:26.238] [2580] [HailoRT] [info] [queue_elements.cpp:800] [create] Created (UserBuffQEl2yolo26n/conv64 | timeout: 10s)
[2026-09-07 21:29:26.238] [2580] [HailoRT] [info] [vstream.cpp:1114] [OutputVStreamImpl] Creating yolo26n/conv64...
[2026-09-07 21:29:26.239] [2580] [HailoRT] [info] [vstream_builder.cpp:220] [create_outputs] Output pipeline 'yolo26n/conv64': HW >> (HwReadEl2yolo26n/conv64 | hw_frame_size: 23040) >> (PullQEl_hw_read2yolo26n/conv64) >> (PostInferEl2yolo26n/conv64 | Quantization - src_type: UINT16, dst_type FLOAT32, limvals_min: -164.817, limvals_max: 3.19963) >> (UserBuffQEl2yolo26n/conv64 | timeout: 10s)
[2026-09-07 21:29:26.240] [2580] [HailoRT] [info] [edge_elements.cpp:287] [create] Created (HwReadEl2yolo26n/conv77 | hw_frame_size: 23040)
[2026-09-07 21:29:26.240] [2580] [HailoRT] [info] [queue_elements.cpp:657] [create] Created (PullQEl_hw_read2yolo26n/conv77)
[2026-09-07 21:29:26.240] [2580] [HailoRT] [info] [filter_elements.cpp:372] [create] Created (PostInferEl2yolo26n/conv77 | Quantization - src_type: UINT16, dst_type FLOAT32, limvals_min: -0.67052, limvals_max: 17.2357)
[2026-09-07 21:29:26.240] [2580] [HailoRT] [info] [queue_elements.cpp:800] [create] Created (UserBuffQEl2yolo26n/conv77 | timeout: 10s)
[2026-09-07 21:29:26.240] [2580] [HailoRT] [info] [vstream.cpp:1114] [OutputVStreamImpl] Creating yolo26n/conv77...
[2026-09-07 21:29:26.240] [2580] [HailoRT] [info] [vstream_builder.cpp:220] [create_outputs] Output pipeline 'yolo26n/conv77': HW >> (HwReadEl2yolo26n/conv77 | hw_frame_size: 23040) >> (PullQEl_hw_read2yolo26n/conv77) >> (PostInferEl2yolo26n/conv77 | Quantization - src_type: UINT16, dst_type FLOAT32, limvals_min: -0.67052, limvals_max: 17.2357) >> (UserBuffQEl2yolo26n/conv77 | timeout: 10s)
[2026-09-07 21:29:26.240] [2580] [HailoRT] [info] [edge_elements.cpp:287] [create] Created (HwReadEl0yolo26n/conv80 | hw_frame_size: 5760)
[2026-09-07 21:29:26.240] [2580] [HailoRT] [info] [queue_elements.cpp:657] [create] Created (PullQEl_hw_read0yolo26n/conv80)
[2026-09-07 21:29:26.240] [2580] [HailoRT] [info] [filter_elements.cpp:372] [create] Created (PostInferEl0yolo26n/conv80 | Quantization - src_type: UINT16, dst_type FLOAT32, limvals_min: -67.4827, limvals_max: 0)
[2026-09-07 21:29:26.240] [2580] [HailoRT] [info] [queue_elements.cpp:800] [create] Created (UserBuffQEl0yolo26n/conv80 | timeout: 10s)
[2026-09-07 21:29:26.240] [2580] [HailoRT] [info] [vstream.cpp:1114] [OutputVStreamImpl] Creating yolo26n/conv80...
[2026-09-07 21:29:26.240] [2580] [HailoRT] [info] [vstream_builder.cpp:220] [create_outputs] Output pipeline 'yolo26n/conv80': HW >> (HwReadEl0yolo26n/conv80 | hw_frame_size: 5760) >> (PullQEl_hw_read0yolo26n/conv80) >> (PostInferEl0yolo26n/conv80 | Quantization - src_type: UINT16, dst_type FLOAT32, limvals_min: -67.4827, limvals_max: 0) >> (UserBuffQEl0yolo26n/conv80 | timeout: 10s)
[2026-09-07 21:29:26.240] [2580] [HailoRT] [info] [edge_elements.cpp:287] [create] Created (HwReadEl3yolo26n/conv91 | hw_frame_size: 11520)
[2026-09-07 21:29:26.240] [2580] [HailoRT] [info] [queue_elements.cpp:657] [create] Created (PullQEl_hw_read3yolo26n/conv91)
[2026-09-07 21:29:26.240] [2580] [HailoRT] [info] [filter_elements.cpp:372] [create] Created (PostInferEl3yolo26n/conv91 | Quantization - src_type: UINT16, dst_type FLOAT32, limvals_min: 0, limvals_max: 8.46146 | Reorder - src_order: FCR, src_shape: (20, 36, 8), dst_order: FCR, dst_shape: (20, 36, 4))
[2026-09-07 21:29:26.240] [2580] [HailoRT] [info] [queue_elements.cpp:800] [create] Created (UserBuffQEl3yolo26n/conv91 | timeout: 10s)
[2026-09-07 21:29:26.240] [2580] [HailoRT] [info] [vstream.cpp:1114] [OutputVStreamImpl] Creating yolo26n/conv91...
[2026-09-07 21:29:26.240] [2580] [HailoRT] [info] [vstream_builder.cpp:220] [create_outputs] Output pipeline 'yolo26n/conv91': HW >> (HwReadEl3yolo26n/conv91 | hw_frame_size: 11520) >> (PullQEl_hw_read3yolo26n/conv91) >> (PostInferEl3yolo26n/conv91 | Quantization - src_type: UINT16, dst_type FLOAT32, limvals_min: 0, limvals_max: 8.46146 | Reorder - src_order: FCR, src_shape: (20, 36, 8), dst_order: FCR, dst_shape: (20, 36, 4)) >> (UserBuffQEl3yolo26n/conv91 | timeout: 10s)
[2026-09-07 21:29:26.240] [2580] [HailoRT] [info] [edge_elements.cpp:287] [create] Created (HwReadEl0yolo26n/conv94 | hw_frame_size: 11520)
[2026-09-07 21:29:26.240] [2580] [HailoRT] [info] [queue_elements.cpp:657] [create] Created (PullQEl_hw_read0yolo26n/conv94)
[2026-09-07 21:29:26.240] [2580] [HailoRT] [info] [filter_elements.cpp:372] [create] Created (PostInferEl0yolo26n/conv94 | Quantization - src_type: UINT16, dst_type FLOAT32, limvals_min: -64.0772, limvals_max: 0 | Reorder - src_order: FCR, src_shape: (20, 36, 8), dst_order: FCR, dst_shape: (20, 36, 1))
[2026-09-07 21:29:26.240] [2580] [HailoRT] [info] [queue_elements.cpp:800] [create] Created (UserBuffQEl0yolo26n/conv94 | timeout: 10s)
[2026-09-07 21:29:26.240] [2580] [HailoRT] [info] [vstream.cpp:1114] [OutputVStreamImpl] Creating yolo26n/conv94...
[2026-09-07 21:29:26.240] [2580] [HailoRT] [info] [vstream_builder.cpp:220] [create_outputs] Output pipeline 'yolo26n/conv94': HW >> (HwReadEl0yolo26n/conv94 | hw_frame_size: 11520) >> (PullQEl_hw_read0yolo26n/conv94) >> (PostInferEl0yolo26n/conv94 | Quantization - src_type: UINT16, dst_type FLOAT32, limvals_min: -64.0772, limvals_max: 0 | Reorder - src_order: FCR, src_shape: (20, 36, 8), dst_order: FCR, dst_shape: (20, 36, 1)) >> (UserBuffQEl0yolo26n/conv94 | timeout: 10s)
[2026-09-07 21:29:26.241] [2580] [HailoRT] [info] [core_op.cpp:156] [activate] Activating yolo26n took 0.553648 milliseconds. Note that the function is asynchronous and thus the network is not fully activated yet.
[2026-09-07 21:29:26.241] [2580] [HailoRT] [info] [core_op.cpp:156] [activate] Activating yolo26n took 0.565407 milliseconds. Note that the function is asynchronous and thus the network is not fully activated yet.
[2026-09-07 21:29:26.241] [2589] [HailoRT] [info] [vdevice_native_stream.cpp:331] [read_impl] Failed read from stream HAILO_STREAM_NOT_ACTIVATED(72) (device: 0001:01:00.0)
[2026-09-07 21:29:26.241] [2597] [HailoRT] [info] [vdevice_native_stream.cpp:331] [read_impl] Failed read from stream HAILO_STREAM_NOT_ACTIVATED(72) (device: 0001:01:00.0)
[2026-09-07 21:29:26.241] [2591] [HailoRT] [info] [vdevice_native_stream.cpp:331] [read_impl] Failed read from stream HAILO_STREAM_NOT_ACTIVATED(72) (device: 0001:01:00.0)
[2026-09-07 21:29:26.241] [2599] [HailoRT] [info] [vdevice_native_stream.cpp:331] [read_impl] Failed read from stream HAILO_STREAM_NOT_ACTIVATED(72) (device: 0001:01:00.0)
[2026-09-07 21:29:26.241] [2593] [HailoRT] [info] [vdevice_native_stream.cpp:331] [read_impl] Failed read from stream HAILO_STREAM_NOT_ACTIVATED(72) (device: 0001:01:00.0)
[2026-09-07 21:29:26.241] [2595] [HailoRT] [info] [vdevice_native_stream.cpp:331] [read_impl] Failed read from stream HAILO_STREAM_NOT_ACTIVATED(72) (device: 0001:01:00.0)
[2026-09-07 21:29:26.242] [2306] [HailoRT] [info] [core_op.cpp:186] [deactivate] Deactivating took 0.554389 ms
[2026-09-07 21:29:26.242] [2306] [HailoRT] [info] [core_op.cpp:186] [deactivate] Deactivating took 0.564741 ms
[2026-09-07 21:29:26.242] [2590] [HailoRT] [info] [queue_elements.cpp:855] [run_in_thread] Shutdown event was signaled in dequeue of UserBuffQEl3yolo26n/conv61!
[2026-09-07 21:29:26.242] [2589] [HailoRT] [info] [queue_elements.cpp:734] [run_in_thread] Shutdown event was signaled in run_pull of queue element PullQEl_hw_read3yolo26n/conv61!
[2026-09-07 21:29:26.242] [2589] [HailoRT] [info] [queue_elements.cpp:68] [operator()] Thread in element PullQEl_hw_read3yolo26n/conv61 is not running anymore, exiting..
[2026-09-07 21:29:26.242] [2306] [HailoRT] [info] [queue_elements.cpp:46] [~BaseQueueElement] Queue element PullQEl_hw_read3yolo26n/conv61 has 0 frames in his Queue on destruction
[2026-09-07 21:29:26.242] [2590] [HailoRT] [info] [queue_elements.cpp:68] [operator()] Thread in element UserBuffQEl3yolo26n/conv61 is not running anymore, exiting..
[2026-09-07 21:29:26.242] [2306] [HailoRT] [info] [queue_elements.cpp:46] [~BaseQueueElement] Queue element UserBuffQEl3yolo26n/conv61 has 0 frames in his Queue on destruction
[2026-09-07 21:29:26.242] [2592] [HailoRT] [info] [queue_elements.cpp:855] [run_in_thread] Shutdown event was signaled in dequeue of UserBuffQEl2yolo26n/conv64!
[2026-09-07 21:29:26.242] [2591] [HailoRT] [info] [queue_elements.cpp:734] [run_in_thread] Shutdown event was signaled in run_pull of queue element PullQEl_hw_read2yolo26n/conv64!
[2026-09-07 21:29:26.242] [2591] [HailoRT] [info] [queue_elements.cpp:68] [operator()] Thread in element PullQEl_hw_read2yolo26n/conv64 is not running anymore, exiting..
[2026-09-07 21:29:26.242] [2306] [HailoRT] [info] [queue_elements.cpp:46] [~BaseQueueElement] Queue element PullQEl_hw_read2yolo26n/conv64 has 0 frames in his Queue on destruction
[2026-09-07 21:29:26.242] [2592] [HailoRT] [info] [queue_elements.cpp:68] [operator()] Thread in element UserBuffQEl2yolo26n/conv64 is not running anymore, exiting..
[2026-09-07 21:29:26.242] [2306] [HailoRT] [info] [queue_elements.cpp:46] [~BaseQueueElement] Queue element UserBuffQEl2yolo26n/conv64 has 0 frames in his Queue on destruction
[2026-09-07 21:29:26.242] [2594] [HailoRT] [info] [queue_elements.cpp:855] [run_in_thread] Shutdown event was signaled in dequeue of UserBuffQEl2yolo26n/conv77!
[2026-09-07 21:29:26.242] [2593] [HailoRT] [info] [queue_elements.cpp:734] [run_in_thread] Shutdown event was signaled in run_pull of queue element PullQEl_hw_read2yolo26n/conv77!
[2026-09-07 21:29:26.242] [2306] [HailoRT] [info] [queue_elements.cpp:46] [~BaseQueueElement] Queue element PullQEl_hw_read2yolo26n/conv77 has 0 frames in his Queue on destruction
[2026-09-07 21:29:26.242] [2594] [HailoRT] [info] [queue_elements.cpp:68] [operator()] Thread in element UserBuffQEl2yolo26n/conv77 is not running anymore, exiting..
[2026-09-07 21:29:26.242] [2306] [HailoRT] [info] [queue_elements.cpp:46] [~BaseQueueElement] Queue element UserBuffQEl2yolo26n/conv77 has 0 frames in his Queue on destruction
[2026-09-07 21:29:26.242] [2595] [HailoRT] [info] [queue_elements.cpp:734] [run_in_thread] Shutdown event was signaled in run_pull of queue element PullQEl_hw_read0yolo26n/conv80!
[2026-09-07 21:29:26.242] [2596] [HailoRT] [info] [queue_elements.cpp:855] [run_in_thread] Shutdown event was signaled in dequeue of UserBuffQEl0yolo26n/conv80!
[2026-09-07 21:29:26.242] [2595] [HailoRT] [info] [queue_elements.cpp:68] [operator()] Thread in element PullQEl_hw_read0yolo26n/conv80 is not running anymore, exiting..
[2026-09-07 21:29:26.242] [2306] [HailoRT] [info] [queue_elements.cpp:46] [~BaseQueueElement] Queue element PullQEl_hw_read0yolo26n/conv80 has 0 frames in his Queue on destruction
[2026-09-07 21:29:26.242] [2596] [HailoRT] [info] [queue_elements.cpp:68] [operator()] Thread in element UserBuffQEl0yolo26n/conv80 is not running anymore, exiting..
[2026-09-07 21:29:26.242] [2306] [HailoRT] [info] [queue_elements.cpp:46] [~BaseQueueElement] Queue element UserBuffQEl0yolo26n/conv80 has 0 frames in his Queue on destruction
[2026-09-07 21:29:26.242] [2598] [HailoRT] [info] [queue_elements.cpp:855] [run_in_thread] Shutdown event was signaled in dequeue of UserBuffQEl3yolo26n/conv91!
[2026-09-07 21:29:26.242] [2597] [HailoRT] [info] [queue_elements.cpp:734] [run_in_thread] Shutdown event was signaled in run_pull of queue element PullQEl_hw_read3yolo26n/conv91!
[2026-09-07 21:29:26.242] [2597] [HailoRT] [info] [queue_elements.cpp:68] [operator()] Thread in element PullQEl_hw_read3yolo26n/conv91 is not running anymore, exiting..
[2026-09-07 21:29:26.242] [2306] [HailoRT] [info] [queue_elements.cpp:46] [~BaseQueueElement] Queue element PullQEl_hw_read3yolo26n/conv91 has 0 frames in his Queue on destruction
[2026-09-07 21:29:26.242] [2598] [HailoRT] [info] [queue_elements.cpp:68] [operator()] Thread in element UserBuffQEl3yolo26n/conv91 is not running anymore, exiting..
[2026-09-07 21:29:26.243] [2306] [HailoRT] [info] [queue_elements.cpp:46] [~BaseQueueElement] Queue element UserBuffQEl3yolo26n/conv91 has 0 frames in his Queue on destruction
[2026-09-07 21:29:26.243] [2600] [HailoRT] [info] [queue_elements.cpp:855] [run_in_thread] Shutdown event was signaled in dequeue of UserBuffQEl0yolo26n/conv94!
[2026-09-07 21:29:26.243] [2599] [HailoRT] [info] [queue_elements.cpp:734] [run_in_thread] Shutdown event was signaled in run_pull of queue element PullQEl_hw_read0yolo26n/conv94!
[2026-09-07 21:29:26.243] [2599] [HailoRT] [info] [queue_elements.cpp:68] [operator()] Thread in element PullQEl_hw_read0yolo26n/conv94 is not running anymore, exiting..
[2026-09-07 21:29:26.243] [2306] [HailoRT] [info] [queue_elements.cpp:46] [~BaseQueueElement] Queue element PullQEl_hw_read0yolo26n/conv94 has 0 frames in his Queue on destruction
[2026-09-07 21:29:26.243] [2600] [HailoRT] [info] [queue_elements.cpp:68] [operator()] Thread in element UserBuffQEl0yolo26n/conv94 is not running anymore, exiting..
[2026-09-07 21:29:26.243] [2306] [HailoRT] [info] [queue_elements.cpp:46] [~BaseQueueElement] Queue element UserBuffQEl0yolo26n/conv94 has 0 frames in his Queue on destruction
[2026-09-07 21:30:28.326] [2715] [HailoRT] [info] [vdevice.cpp:535] [create] Creating vdevice with params: device_count: 1, scheduling_algorithm: NONE, multi_process_service: false
[2026-09-07 21:30:28.338] [2715] [HailoRT] [info] [device.cpp:51] [Device] OS Version: Linux 6.18.39+rpt-rpi-2712 #1 SMP PREEMPT Debian 1:6.18.39-1+rpt1 (2026-07-29) aarch64
[2026-09-07 21:30:28.338] [2715] [HailoRT] [info] [control.cpp:113] [control__parse_identify_results] firmware_version is: 4.23.0
[2026-09-07 21:30:28.338] [2715] [HailoRT] [info] [vdevice.cpp:682] [create] VDevice Infos: 0001:01:00.0
[2026-09-07 21:30:28.344] [2715] [HailoRT] [info] [internal_buffer_manager.cpp:77] [print_execution_results] Planned internal buffer memory: CMA=0 CMA-Desc=917504 Pinned=2956800. memory to edge layer usage factor is 0.9621793
[2026-09-07 21:30:28.344] [2715] [HailoRT] [info] [internal_buffer_manager.cpp:86] [print_execution_results] Default Internal buffer planner executed successfully
[2026-09-07 21:30:28.375] [2715] [HailoRT] [info] [device_internal.cpp:57] [configure] Configuring HEF took 37.150944 milliseconds
[2026-09-07 21:30:28.375] [2715] [HailoRT] [info] [vdevice.cpp:780] [configure] Configuring HEF on VDevice took 37.479315 milliseconds
[2026-09-07 21:30:28.376] [2715] [HailoRT] [info] [hef.cpp:1994] [get_network_group_and_network_name] No name was given. Addressing all networks of default network_group: yolo26n
[2026-09-07 21:30:28.376] [2715] [HailoRT] [info] [hef.cpp:1994] [get_network_group_and_network_name] No name was given. Addressing all networks of default network_group: yolo26n
[2026-09-07 21:30:28.376] [2715] [HailoRT] [info] [edge_elements.cpp:52] [create] Created (HwWriteEl2yolo26n/input_layer1 | hw_frame_size: 2211840)
[2026-09-07 21:30:28.376] [2715] [HailoRT] [info] [vstream.cpp:754] [InputVStreamImpl] Creating yolo26n/input_layer1...
[2026-09-07 21:30:28.376] [2715] [HailoRT] [info] [vstream_builder.cpp:102] [create_inputs] Input pipeline 'yolo26n/input_layer1': (HwWriteEl2yolo26n/input_layer1 | hw_frame_size: 2211840) >> HW
[2026-09-07 21:30:28.376] [2715] [HailoRT] [info] [edge_elements.cpp:287] [create] Created (HwReadEl3yolo26n/conv61 | hw_frame_size: 92160)
[2026-09-07 21:30:28.376] [2715] [HailoRT] [info] [queue_elements.cpp:657] [create] Created (PullQEl_hw_read3yolo26n/conv61)
[2026-09-07 21:30:28.376] [2715] [HailoRT] [info] [filter_elements.cpp:372] [create] Created (PostInferEl3yolo26n/conv61 | Quantization - src_type: UINT16, dst_type FLOAT32, limvals_min: -0.881752, limvals_max: 6.27869)
[2026-09-07 21:30:28.376] [2715] [HailoRT] [info] [queue_elements.cpp:800] [create] Created (UserBuffQEl3yolo26n/conv61 | timeout: 10s)
[2026-09-07 21:30:28.376] [2715] [HailoRT] [info] [vstream.cpp:1114] [OutputVStreamImpl] Creating yolo26n/conv61...
[2026-09-07 21:30:28.376] [2715] [HailoRT] [info] [vstream_builder.cpp:220] [create_outputs] Output pipeline 'yolo26n/conv61': HW >> (HwReadEl3yolo26n/conv61 | hw_frame_size: 92160) >> (PullQEl_hw_read3yolo26n/conv61) >> (PostInferEl3yolo26n/conv61 | Quantization - src_type: UINT16, dst_type FLOAT32, limvals_min: -0.881752, limvals_max: 6.27869) >> (UserBuffQEl3yolo26n/conv61 | timeout: 10s)
[2026-09-07 21:30:28.376] [2715] [HailoRT] [info] [edge_elements.cpp:287] [create] Created (HwReadEl2yolo26n/conv64 | hw_frame_size: 23040)
[2026-09-07 21:30:28.376] [2715] [HailoRT] [info] [queue_elements.cpp:657] [create] Created (PullQEl_hw_read2yolo26n/conv64)
[2026-09-07 21:30:28.376] [2715] [HailoRT] [info] [filter_elements.cpp:372] [create] Created (PostInferEl2yolo26n/conv64 | Quantization - src_type: UINT16, dst_type FLOAT32, limvals_min: -164.817, limvals_max: 3.19963)
[2026-09-07 21:30:28.376] [2715] [HailoRT] [info] [queue_elements.cpp:800] [create] Created (UserBuffQEl2yolo26n/conv64 | timeout: 10s)
[2026-09-07 21:30:28.376] [2715] [HailoRT] [info] [vstream.cpp:1114] [OutputVStreamImpl] Creating yolo26n/conv64...
[2026-09-07 21:30:28.376] [2715] [HailoRT] [info] [vstream_builder.cpp:220] [create_outputs] Output pipeline 'yolo26n/conv64': HW >> (HwReadEl2yolo26n/conv64 | hw_frame_size: 23040) >> (PullQEl_hw_read2yolo26n/conv64) >> (PostInferEl2yolo26n/conv64 | Quantization - src_type: UINT16, dst_type FLOAT32, limvals_min: -164.817, limvals_max: 3.19963) >> (UserBuffQEl2yolo26n/conv64 | timeout: 10s)
[2026-09-07 21:30:28.376] [2715] [HailoRT] [info] [edge_elements.cpp:287] [create] Created (HwReadEl2yolo26n/conv77 | hw_frame_size: 23040)
[2026-09-07 21:30:28.377] [2715] [HailoRT] [info] [queue_elements.cpp:657] [create] Created (PullQEl_hw_read2yolo26n/conv77)
[2026-09-07 21:30:28.377] [2715] [HailoRT] [info] [filter_elements.cpp:372] [create] Created (PostInferEl2yolo26n/conv77 | Quantization - src_type: UINT16, dst_type FLOAT32, limvals_min: -0.67052, limvals_max: 17.2357)
[2026-09-07 21:30:28.377] [2715] [HailoRT] [info] [queue_elements.cpp:800] [create] Created (UserBuffQEl2yolo26n/conv77 | timeout: 10s)
[2026-09-07 21:30:28.377] [2715] [HailoRT] [info] [vstream.cpp:1114] [OutputVStreamImpl] Creating yolo26n/conv77...
[2026-09-07 21:30:28.377] [2715] [HailoRT] [info] [vstream_builder.cpp:220] [create_outputs] Output pipeline 'yolo26n/conv77': HW >> (HwReadEl2yolo26n/conv77 | hw_frame_size: 23040) >> (PullQEl_hw_read2yolo26n/conv77) >> (PostInferEl2yolo26n/conv77 | Quantization - src_type: UINT16, dst_type FLOAT32, limvals_min: -0.67052, limvals_max: 17.2357) >> (UserBuffQEl2yolo26n/conv77 | timeout: 10s)
[2026-09-07 21:30:28.377] [2715] [HailoRT] [info] [edge_elements.cpp:287] [create] Created (HwReadEl0yolo26n/conv80 | hw_frame_size: 5760)
[2026-09-07 21:30:28.377] [2715] [HailoRT] [info] [queue_elements.cpp:657] [create] Created (PullQEl_hw_read0yolo26n/conv80)
[2026-09-07 21:30:28.377] [2715] [HailoRT] [info] [filter_elements.cpp:372] [create] Created (PostInferEl0yolo26n/conv80 | Quantization - src_type: UINT16, dst_type FLOAT32, limvals_min: -67.4827, limvals_max: 0)
[2026-09-07 21:30:28.377] [2715] [HailoRT] [info] [queue_elements.cpp:800] [create] Created (UserBuffQEl0yolo26n/conv80 | timeout: 10s)
[2026-09-07 21:30:28.377] [2715] [HailoRT] [info] [vstream.cpp:1114] [OutputVStreamImpl] Creating yolo26n/conv80...
[2026-09-07 21:30:28.377] [2715] [HailoRT] [info] [vstream_builder.cpp:220] [create_outputs] Output pipeline 'yolo26n/conv80': HW >> (HwReadEl0yolo26n/conv80 | hw_frame_size: 5760) >> (PullQEl_hw_read0yolo26n/conv80) >> (PostInferEl0yolo26n/conv80 | Quantization - src_type: UINT16, dst_type FLOAT32, limvals_min: -67.4827, limvals_max: 0) >> (UserBuffQEl0yolo26n/conv80 | timeout: 10s)
[2026-09-07 21:30:28.377] [2715] [HailoRT] [info] [edge_elements.cpp:287] [create] Created (HwReadEl3yolo26n/conv91 | hw_frame_size: 11520)
[2026-09-07 21:30:28.377] [2715] [HailoRT] [info] [queue_elements.cpp:657] [create] Created (PullQEl_hw_read3yolo26n/conv91)
[2026-09-07 21:30:28.377] [2715] [HailoRT] [info] [filter_elements.cpp:372] [create] Created (PostInferEl3yolo26n/conv91 | Quantization - src_type: UINT16, dst_type FLOAT32, limvals_min: 0, limvals_max: 8.46146 | Reorder - src_order: FCR, src_shape: (20, 36, 8), dst_order: FCR, dst_shape: (20, 36, 4))
[2026-09-07 21:30:28.377] [2715] [HailoRT] [info] [queue_elements.cpp:800] [create] Created (UserBuffQEl3yolo26n/conv91 | timeout: 10s)
[2026-09-07 21:30:28.377] [2715] [HailoRT] [info] [vstream.cpp:1114] [OutputVStreamImpl] Creating yolo26n/conv91...
[2026-09-07 21:30:28.377] [2715] [HailoRT] [info] [vstream_builder.cpp:220] [create_outputs] Output pipeline 'yolo26n/conv91': HW >> (HwReadEl3yolo26n/conv91 | hw_frame_size: 11520) >> (PullQEl_hw_read3yolo26n/conv91) >> (PostInferEl3yolo26n/conv91 | Quantization - src_type: UINT16, dst_type FLOAT32, limvals_min: 0, limvals_max: 8.46146 | Reorder - src_order: FCR, src_shape: (20, 36, 8), dst_order: FCR, dst_shape: (20, 36, 4)) >> (UserBuffQEl3yolo26n/conv91 | timeout: 10s)
[2026-09-07 21:30:28.377] [2715] [HailoRT] [info] [edge_elements.cpp:287] [create] Created (HwReadEl0yolo26n/conv94 | hw_frame_size: 11520)
[2026-09-07 21:30:28.377] [2715] [HailoRT] [info] [queue_elements.cpp:657] [create] Created (PullQEl_hw_read0yolo26n/conv94)
[2026-09-07 21:30:28.377] [2715] [HailoRT] [info] [filter_elements.cpp:372] [create] Created (PostInferEl0yolo26n/conv94 | Quantization - src_type: UINT16, dst_type FLOAT32, limvals_min: -64.0772, limvals_max: 0 | Reorder - src_order: FCR, src_shape: (20, 36, 8), dst_order: FCR, dst_shape: (20, 36, 1))
[2026-09-07 21:30:28.377] [2715] [HailoRT] [info] [queue_elements.cpp:800] [create] Created (UserBuffQEl0yolo26n/conv94 | timeout: 10s)
[2026-09-07 21:30:28.377] [2715] [HailoRT] [info] [vstream.cpp:1114] [OutputVStreamImpl] Creating yolo26n/conv94...
[2026-09-07 21:30:28.377] [2715] [HailoRT] [info] [vstream_builder.cpp:220] [create_outputs] Output pipeline 'yolo26n/conv94': HW >> (HwReadEl0yolo26n/conv94 | hw_frame_size: 11520) >> (PullQEl_hw_read0yolo26n/conv94) >> (PostInferEl0yolo26n/conv94 | Quantization - src_type: UINT16, dst_type FLOAT32, limvals_min: -64.0772, limvals_max: 0 | Reorder - src_order: FCR, src_shape: (20, 36, 8), dst_order: FCR, dst_shape: (20, 36, 1)) >> (UserBuffQEl0yolo26n/conv94 | timeout: 10s)
[2026-09-07 21:30:28.378] [2715] [HailoRT] [info] [core_op.cpp:156] [activate] Activating yolo26n took 0.536648 milliseconds. Note that the function is asynchronous and thus the network is not fully activated yet.
[2026-09-07 21:30:28.378] [2715] [HailoRT] [info] [core_op.cpp:156] [activate] Activating yolo26n took 0.545537 milliseconds. Note that the function is asynchronous and thus the network is not fully activated yet.
[2026-09-07 21:30:28.436] [2726] [HailoRT] [info] [vdevice_native_stream.cpp:331] [read_impl] Failed read from stream HAILO_STREAM_NOT_ACTIVATED(72) (device: 0001:01:00.0)
[2026-09-07 21:30:28.436] [2724] [HailoRT] [info] [vdevice_native_stream.cpp:331] [read_impl] Failed read from stream HAILO_STREAM_NOT_ACTIVATED(72) (device: 0001:01:00.0)
[2026-09-07 21:30:28.436] [2722] [HailoRT] [info] [vdevice_native_stream.cpp:331] [read_impl] Failed read from stream HAILO_STREAM_NOT_ACTIVATED(72) (device: 0001:01:00.0)
[2026-09-07 21:30:28.436] [2728] [HailoRT] [info] [vdevice_native_stream.cpp:331] [read_impl] Failed read from stream HAILO_STREAM_NOT_ACTIVATED(72) (device: 0001:01:00.0)
[2026-09-07 21:30:28.436] [2732] [HailoRT] [info] [vdevice_native_stream.cpp:331] [read_impl] Failed read from stream HAILO_STREAM_NOT_ACTIVATED(72) (device: 0001:01:00.0)
[2026-09-07 21:30:28.437] [2730] [HailoRT] [info] [vdevice_native_stream.cpp:331] [read_impl] Failed read from stream HAILO_STREAM_NOT_ACTIVATED(72) (device: 0001:01:00.0)
[2026-09-07 21:30:28.437] [2672] [HailoRT] [info] [core_op.cpp:186] [deactivate] Deactivating took 0.509815 ms
[2026-09-07 21:30:28.437] [2672] [HailoRT] [info] [core_op.cpp:186] [deactivate] Deactivating took 0.529222 ms
[2026-09-07 21:30:28.437] [2723] [HailoRT] [info] [queue_elements.cpp:855] [run_in_thread] Shutdown event was signaled in dequeue of UserBuffQEl3yolo26n/conv61!
[2026-09-07 21:30:28.437] [2722] [HailoRT] [info] [queue_elements.cpp:734] [run_in_thread] Shutdown event was signaled in run_pull of queue element PullQEl_hw_read3yolo26n/conv61!
[2026-09-07 21:30:28.437] [2722] [HailoRT] [info] [queue_elements.cpp:68] [operator()] Thread in element PullQEl_hw_read3yolo26n/conv61 is not running anymore, exiting..
[2026-09-07 21:30:28.437] [2672] [HailoRT] [info] [queue_elements.cpp:46] [~BaseQueueElement] Queue element PullQEl_hw_read3yolo26n/conv61 has 0 frames in his Queue on destruction
[2026-09-07 21:30:28.437] [2723] [HailoRT] [info] [queue_elements.cpp:68] [operator()] Thread in element UserBuffQEl3yolo26n/conv61 is not running anymore, exiting..
[2026-09-07 21:30:28.437] [2672] [HailoRT] [info] [queue_elements.cpp:46] [~BaseQueueElement] Queue element UserBuffQEl3yolo26n/conv61 has 0 frames in his Queue on destruction
[2026-09-07 21:30:28.437] [2724] [HailoRT] [info] [queue_elements.cpp:734] [run_in_thread] Shutdown event was signaled in run_pull of queue element PullQEl_hw_read2yolo26n/conv64!
[2026-09-07 21:30:28.437] [2725] [HailoRT] [info] [queue_elements.cpp:855] [run_in_thread] Shutdown event was signaled in dequeue of UserBuffQEl2yolo26n/conv64!
[2026-09-07 21:30:28.437] [2724] [HailoRT] [info] [queue_elements.cpp:68] [operator()] Thread in element PullQEl_hw_read2yolo26n/conv64 is not running anymore, exiting..
[2026-09-07 21:30:28.437] [2672] [HailoRT] [info] [queue_elements.cpp:46] [~BaseQueueElement] Queue element PullQEl_hw_read2yolo26n/conv64 has 0 frames in his Queue on destruction
[2026-09-07 21:30:28.437] [2725] [HailoRT] [info] [queue_elements.cpp:68] [operator()] Thread in element UserBuffQEl2yolo26n/conv64 is not running anymore, exiting..
[2026-09-07 21:30:28.437] [2672] [HailoRT] [info] [queue_elements.cpp:46] [~BaseQueueElement] Queue element UserBuffQEl2yolo26n/conv64 has 0 frames in his Queue on destruction
[2026-09-07 21:30:28.437] [2726] [HailoRT] [info] [queue_elements.cpp:734] [run_in_thread] Shutdown event was signaled in run_pull of queue element PullQEl_hw_read2yolo26n/conv77!
[2026-09-07 21:30:28.437] [2727] [HailoRT] [info] [queue_elements.cpp:855] [run_in_thread] Shutdown event was signaled in dequeue of UserBuffQEl2yolo26n/conv77!
[2026-09-07 21:30:28.437] [2726] [HailoRT] [info] [queue_elements.cpp:68] [operator()] Thread in element PullQEl_hw_read2yolo26n/conv77 is not running anymore, exiting..
[2026-09-07 21:30:28.437] [2672] [HailoRT] [info] [queue_elements.cpp:46] [~BaseQueueElement] Queue element PullQEl_hw_read2yolo26n/conv77 has 0 frames in his Queue on destruction
[2026-09-07 21:30:28.437] [2727] [HailoRT] [info] [queue_elements.cpp:68] [operator()] Thread in element UserBuffQEl2yolo26n/conv77 is not running anymore, exiting..
[2026-09-07 21:30:28.437] [2672] [HailoRT] [info] [queue_elements.cpp:46] [~BaseQueueElement] Queue element UserBuffQEl2yolo26n/conv77 has 0 frames in his Queue on destruction
[2026-09-07 21:30:28.437] [2729] [HailoRT] [info] [queue_elements.cpp:855] [run_in_thread] Shutdown event was signaled in dequeue of UserBuffQEl0yolo26n/conv80!
[2026-09-07 21:30:28.437] [2728] [HailoRT] [info] [queue_elements.cpp:734] [run_in_thread] Shutdown event was signaled in run_pull of queue element PullQEl_hw_read0yolo26n/conv80!
[2026-09-07 21:30:28.437] [2728] [HailoRT] [info] [queue_elements.cpp:68] [operator()] Thread in element PullQEl_hw_read0yolo26n/conv80 is not running anymore, exiting..
[2026-09-07 21:30:28.437] [2672] [HailoRT] [info] [queue_elements.cpp:46] [~BaseQueueElement] Queue element PullQEl_hw_read0yolo26n/conv80 has 0 frames in his Queue on destruction
[2026-09-07 21:30:28.437] [2729] [HailoRT] [info] [queue_elements.cpp:68] [operator()] Thread in element UserBuffQEl0yolo26n/conv80 is not running anymore, exiting..
[2026-09-07 21:30:28.438] [2672] [HailoRT] [info] [queue_elements.cpp:46] [~BaseQueueElement] Queue element UserBuffQEl0yolo26n/conv80 has 0 frames in his Queue on destruction
[2026-09-07 21:30:28.438] [2731] [HailoRT] [info] [queue_elements.cpp:855] [run_in_thread] Shutdown event was signaled in dequeue of UserBuffQEl3yolo26n/conv91!
[2026-09-07 21:30:28.438] [2730] [HailoRT] [info] [queue_elements.cpp:734] [run_in_thread] Shutdown event was signaled in run_pull of queue element PullQEl_hw_read3yolo26n/conv91!
[2026-09-07 21:30:28.438] [2730] [HailoRT] [info] [queue_elements.cpp:68] [operator()] Thread in element PullQEl_hw_read3yolo26n/conv91 is not running anymore, exiting..
[2026-09-07 21:30:28.438] [2672] [HailoRT] [info] [queue_elements.cpp:46] [~BaseQueueElement] Queue element PullQEl_hw_read3yolo26n/conv91 has 0 frames in his Queue on destruction
[2026-09-07 21:30:28.438] [2731] [HailoRT] [info] [queue_elements.cpp:68] [operator()] Thread in element UserBuffQEl3yolo26n/conv91 is not running anymore, exiting..
[2026-09-07 21:30:28.438] [2672] [HailoRT] [info] [queue_elements.cpp:46] [~BaseQueueElement] Queue element UserBuffQEl3yolo26n/conv91 has 0 frames in his Queue on destruction
[2026-09-07 21:30:28.438] [2733] [HailoRT] [info] [queue_elements.cpp:855] [run_in_thread] Shutdown event was signaled in dequeue of UserBuffQEl0yolo26n/conv94!
[2026-09-07 21:30:28.438] [2732] [HailoRT] [info] [queue_elements.cpp:734] [run_in_thread] Shutdown event was signaled in run_pull of queue element PullQEl_hw_read0yolo26n/conv94!
[2026-09-07 21:30:28.438] [2732] [HailoRT] [info] [queue_elements.cpp:68] [operator()] Thread in element PullQEl_hw_read0yolo26n/conv94 is not running anymore, exiting..
[2026-09-07 21:30:28.438] [2672] [HailoRT] [info] [queue_elements.cpp:46] [~BaseQueueElement] Queue element PullQEl_hw_read0yolo26n/conv94 has 0 frames in his Queue on destruction
[2026-09-07 21:30:28.438] [2733] [HailoRT] [info] [queue_elements.cpp:68] [operator()] Thread in element UserBuffQEl0yolo26n/conv94 is not running anymore, exiting..
[2026-09-07 21:30:28.438] [2672] [HailoRT] [info] [queue_elements.cpp:46] [~BaseQueueElement] Queue element UserBuffQEl0yolo26n/conv94 has 0 frames in his Queue on destruction
[2026-09-07 21:37:12.062] [3632] [HailoRT] [info] [vdevice.cpp:535] [create] Creating vdevice with params: device_count: 1, scheduling_algorithm: NONE, multi_process_service: false
[2026-09-07 21:37:12.074] [3632] [HailoRT] [info] [device.cpp:51] [Device] OS Version: Linux 6.18.39+rpt-rpi-2712 #1 SMP PREEMPT Debian 1:6.18.39-1+rpt1 (2026-07-29) aarch64
[2026-09-07 21:37:12.074] [3632] [HailoRT] [info] [control.cpp:113] [control__parse_identify_results] firmware_version is: 4.23.0
[2026-09-07 21:37:12.074] [3632] [HailoRT] [info] [vdevice.cpp:682] [create] VDevice Infos: 0001:01:00.0
[2026-09-07 21:37:12.080] [3632] [HailoRT] [info] [internal_buffer_manager.cpp:77] [print_execution_results] Planned internal buffer memory: CMA=0 CMA-Desc=917504 Pinned=2956800. memory to edge layer usage factor is 0.9621793
[2026-09-07 21:37:12.080] [3632] [HailoRT] [info] [internal_buffer_manager.cpp:86] [print_execution_results] Default Internal buffer planner executed successfully
[2026-09-07 21:37:12.108] [3632] [HailoRT] [info] [device_internal.cpp:57] [configure] Configuring HEF took 33.805852 milliseconds
[2026-09-07 21:37:12.108] [3632] [HailoRT] [info] [vdevice.cpp:780] [configure] Configuring HEF on VDevice took 34.109963 milliseconds
[2026-09-07 21:37:12.108] [3632] [HailoRT] [info] [hef.cpp:1994] [get_network_group_and_network_name] No name was given. Addressing all networks of default network_group: yolo26n
[2026-09-07 21:37:12.108] [3632] [HailoRT] [info] [hef.cpp:1994] [get_network_group_and_network_name] No name was given. Addressing all networks of default network_group: yolo26n
[2026-09-07 21:37:12.108] [3632] [HailoRT] [info] [edge_elements.cpp:52] [create] Created (HwWriteEl2yolo26n/input_layer1 | hw_frame_size: 2211840)
[2026-09-07 21:37:12.108] [3632] [HailoRT] [info] [vstream.cpp:754] [InputVStreamImpl] Creating yolo26n/input_layer1...
[2026-09-07 21:37:12.108] [3632] [HailoRT] [info] [vstream_builder.cpp:102] [create_inputs] Input pipeline 'yolo26n/input_layer1': (HwWriteEl2yolo26n/input_layer1 | hw_frame_size: 2211840) >> HW
[2026-09-07 21:37:12.109] [3632] [HailoRT] [info] [edge_elements.cpp:287] [create] Created (HwReadEl3yolo26n/conv61 | hw_frame_size: 92160)
[2026-09-07 21:37:12.109] [3632] [HailoRT] [info] [queue_elements.cpp:657] [create] Created (PullQEl_hw_read3yolo26n/conv61)
[2026-09-07 21:37:12.109] [3632] [HailoRT] [info] [filter_elements.cpp:372] [create] Created (PostInferEl3yolo26n/conv61 | Quantization - src_type: UINT16, dst_type FLOAT32, limvals_min: -0.881752, limvals_max: 6.27869)
[2026-09-07 21:37:12.109] [3632] [HailoRT] [info] [queue_elements.cpp:800] [create] Created (UserBuffQEl3yolo26n/conv61 | timeout: 10s)
[2026-09-07 21:37:12.109] [3632] [HailoRT] [info] [vstream.cpp:1114] [OutputVStreamImpl] Creating yolo26n/conv61...
[2026-09-07 21:37:12.109] [3632] [HailoRT] [info] [vstream_builder.cpp:220] [create_outputs] Output pipeline 'yolo26n/conv61': HW >> (HwReadEl3yolo26n/conv61 | hw_frame_size: 92160) >> (PullQEl_hw_read3yolo26n/conv61) >> (PostInferEl3yolo26n/conv61 | Quantization - src_type: UINT16, dst_type FLOAT32, limvals_min: -0.881752, limvals_max: 6.27869) >> (UserBuffQEl3yolo26n/conv61 | timeout: 10s)
[2026-09-07 21:37:12.109] [3632] [HailoRT] [info] [edge_elements.cpp:287] [create] Created (HwReadEl2yolo26n/conv64 | hw_frame_size: 23040)
[2026-09-07 21:37:12.109] [3632] [HailoRT] [info] [queue_elements.cpp:657] [create] Created (PullQEl_hw_read2yolo26n/conv64)
[2026-09-07 21:37:12.109] [3632] [HailoRT] [info] [filter_elements.cpp:372] [create] Created (PostInferEl2yolo26n/conv64 | Quantization - src_type: UINT16, dst_type FLOAT32, limvals_min: -164.817, limvals_max: 3.19963)
[2026-09-07 21:37:12.109] [3632] [HailoRT] [info] [queue_elements.cpp:800] [create] Created (UserBuffQEl2yolo26n/conv64 | timeout: 10s)
[2026-09-07 21:37:12.109] [3632] [HailoRT] [info] [vstream.cpp:1114] [OutputVStreamImpl] Creating yolo26n/conv64...
[2026-09-07 21:37:12.109] [3632] [HailoRT] [info] [vstream_builder.cpp:220] [create_outputs] Output pipeline 'yolo26n/conv64': HW >> (HwReadEl2yolo26n/conv64 | hw_frame_size: 23040) >> (PullQEl_hw_read2yolo26n/conv64) >> (PostInferEl2yolo26n/conv64 | Quantization - src_type: UINT16, dst_type FLOAT32, limvals_min: -164.817, limvals_max: 3.19963) >> (UserBuffQEl2yolo26n/conv64 | timeout: 10s)
[2026-09-07 21:37:12.109] [3632] [HailoRT] [info] [edge_elements.cpp:287] [create] Created (HwReadEl2yolo26n/conv77 | hw_frame_size: 23040)
[2026-09-07 21:37:12.109] [3632] [HailoRT] [info] [queue_elements.cpp:657] [create] Created (PullQEl_hw_read2yolo26n/conv77)
[2026-09-07 21:37:12.109] [3632] [HailoRT] [info] [filter_elements.cpp:372] [create] Created (PostInferEl2yolo26n/conv77 | Quantization - src_type: UINT16, dst_type FLOAT32, limvals_min: -0.67052, limvals_max: 17.2357)
[2026-09-07 21:37:12.109] [3632] [HailoRT] [info] [queue_elements.cpp:800] [create] Created (UserBuffQEl2yolo26n/conv77 | timeout: 10s)
[2026-09-07 21:37:12.109] [3632] [HailoRT] [info] [vstream.cpp:1114] [OutputVStreamImpl] Creating yolo26n/conv77...
[2026-09-07 21:37:12.109] [3632] [HailoRT] [info] [vstream_builder.cpp:220] [create_outputs] Output pipeline 'yolo26n/conv77': HW >> (HwReadEl2yolo26n/conv77 | hw_frame_size: 23040) >> (PullQEl_hw_read2yolo26n/conv77) >> (PostInferEl2yolo26n/conv77 | Quantization - src_type: UINT16, dst_type FLOAT32, limvals_min: -0.67052, limvals_max: 17.2357) >> (UserBuffQEl2yolo26n/conv77 | timeout: 10s)
[2026-09-07 21:37:12.109] [3632] [HailoRT] [info] [edge_elements.cpp:287] [create] Created (HwReadEl0yolo26n/conv80 | hw_frame_size: 5760)
[2026-09-07 21:37:12.109] [3632] [HailoRT] [info] [queue_elements.cpp:657] [create] Created (PullQEl_hw_read0yolo26n/conv80)
[2026-09-07 21:37:12.109] [3632] [HailoRT] [info] [filter_elements.cpp:372] [create] Created (PostInferEl0yolo26n/conv80 | Quantization - src_type: UINT16, dst_type FLOAT32, limvals_min: -67.4827, limvals_max: 0)
[2026-09-07 21:37:12.109] [3632] [HailoRT] [info] [queue_elements.cpp:800] [create] Created (UserBuffQEl0yolo26n/conv80 | timeout: 10s)
[2026-09-07 21:37:12.109] [3632] [HailoRT] [info] [vstream.cpp:1114] [OutputVStreamImpl] Creating yolo26n/conv80...
[2026-09-07 21:37:12.109] [3632] [HailoRT] [info] [vstream_builder.cpp:220] [create_outputs] Output pipeline 'yolo26n/conv80': HW >> (HwReadEl0yolo26n/conv80 | hw_frame_size: 5760) >> (PullQEl_hw_read0yolo26n/conv80) >> (PostInferEl0yolo26n/conv80 | Quantization - src_type: UINT16, dst_type FLOAT32, limvals_min: -67.4827, limvals_max: 0) >> (UserBuffQEl0yolo26n/conv80 | timeout: 10s)
[2026-09-07 21:37:12.109] [3632] [HailoRT] [info] [edge_elements.cpp:287] [create] Created (HwReadEl3yolo26n/conv91 | hw_frame_size: 11520)
[2026-09-07 21:37:12.109] [3632] [HailoRT] [info] [queue_elements.cpp:657] [create] Created (PullQEl_hw_read3yolo26n/conv91)
[2026-09-07 21:37:12.109] [3632] [HailoRT] [info] [filter_elements.cpp:372] [create] Created (PostInferEl3yolo26n/conv91 | Quantization - src_type: UINT16, dst_type FLOAT32, limvals_min: 0, limvals_max: 8.46146 | Reorder - src_order: FCR, src_shape: (20, 36, 8), dst_order: FCR, dst_shape: (20, 36, 4))
[2026-09-07 21:37:12.109] [3632] [HailoRT] [info] [queue_elements.cpp:800] [create] Created (UserBuffQEl3yolo26n/conv91 | timeout: 10s)
[2026-09-07 21:37:12.110] [3632] [HailoRT] [info] [vstream.cpp:1114] [OutputVStreamImpl] Creating yolo26n/conv91...
[2026-09-07 21:37:12.110] [3632] [HailoRT] [info] [vstream_builder.cpp:220] [create_outputs] Output pipeline 'yolo26n/conv91': HW >> (HwReadEl3yolo26n/conv91 | hw_frame_size: 11520) >> (PullQEl_hw_read3yolo26n/conv91) >> (PostInferEl3yolo26n/conv91 | Quantization - src_type: UINT16, dst_type FLOAT32, limvals_min: 0, limvals_max: 8.46146 | Reorder - src_order: FCR, src_shape: (20, 36, 8), dst_order: FCR, dst_shape: (20, 36, 4)) >> (UserBuffQEl3yolo26n/conv91 | timeout: 10s)
[2026-09-07 21:37:12.110] [3632] [HailoRT] [info] [edge_elements.cpp:287] [create] Created (HwReadEl0yolo26n/conv94 | hw_frame_size: 11520)
[2026-09-07 21:37:12.110] [3632] [HailoRT] [info] [queue_elements.cpp:657] [create] Created (PullQEl_hw_read0yolo26n/conv94)
[2026-09-07 21:37:12.110] [3632] [HailoRT] [info] [filter_elements.cpp:372] [create] Created (PostInferEl0yolo26n/conv94 | Quantization - src_type: UINT16, dst_type FLOAT32, limvals_min: -64.0772, limvals_max: 0 | Reorder - src_order: FCR, src_shape: (20, 36, 8), dst_order: FCR, dst_shape: (20, 36, 1))
[2026-09-07 21:37:12.110] [3632] [HailoRT] [info] [queue_elements.cpp:800] [create] Created (UserBuffQEl0yolo26n/conv94 | timeout: 10s)
[2026-09-07 21:37:12.110] [3632] [HailoRT] [info] [vstream.cpp:1114] [OutputVStreamImpl] Creating yolo26n/conv94...
[2026-09-07 21:37:12.110] [3632] [HailoRT] [info] [vstream_builder.cpp:220] [create_outputs] Output pipeline 'yolo26n/conv94': HW >> (HwReadEl0yolo26n/conv94 | hw_frame_size: 11520) >> (PullQEl_hw_read0yolo26n/conv94) >> (PostInferEl0yolo26n/conv94 | Quantization - src_type: UINT16, dst_type FLOAT32, limvals_min: -64.0772, limvals_max: 0 | Reorder - src_order: FCR, src_shape: (20, 36, 8), dst_order: FCR, dst_shape: (20, 36, 1)) >> (UserBuffQEl0yolo26n/conv94 | timeout: 10s)
[2026-09-07 21:37:12.110] [3632] [HailoRT] [info] [core_op.cpp:156] [activate] Activating yolo26n took 0.460574 milliseconds. Note that the function is asynchronous and thus the network is not fully activated yet.
[2026-09-07 21:37:12.110] [3632] [HailoRT] [info] [core_op.cpp:156] [activate] Activating yolo26n took 0.469407 milliseconds. Note that the function is asynchronous and thus the network is not fully activated yet.
[2026-09-07 21:37:12.111] [3639] [HailoRT] [info] [vdevice_native_stream.cpp:331] [read_impl] Failed read from stream HAILO_STREAM_NOT_ACTIVATED(72) (device: 0001:01:00.0)
[2026-09-07 21:37:12.111] [3645] [HailoRT] [info] [vdevice_native_stream.cpp:331] [read_impl] Failed read from stream HAILO_STREAM_NOT_ACTIVATED(72) (device: 0001:01:00.0)
[2026-09-07 21:37:12.111] [3647] [HailoRT] [info] [vdevice_native_stream.cpp:331] [read_impl] Failed read from stream HAILO_STREAM_NOT_ACTIVATED(72) (device: 0001:01:00.0)
[2026-09-07 21:37:12.111] [3643] [HailoRT] [info] [vdevice_native_stream.cpp:331] [read_impl] Failed read from stream HAILO_STREAM_NOT_ACTIVATED(72) (device: 0001:01:00.0)
[2026-09-07 21:37:12.111] [3641] [HailoRT] [info] [vdevice_native_stream.cpp:331] [read_impl] Failed read from stream HAILO_STREAM_NOT_ACTIVATED(72) (device: 0001:01:00.0)
[2026-09-07 21:37:12.111] [3649] [HailoRT] [info] [vdevice_native_stream.cpp:331] [read_impl] Failed read from stream HAILO_STREAM_NOT_ACTIVATED(72) (device: 0001:01:00.0)
[2026-09-07 21:37:12.111] [2964] [HailoRT] [info] [core_op.cpp:186] [deactivate] Deactivating took 0.503889 ms
[2026-09-07 21:37:12.111] [2964] [HailoRT] [info] [core_op.cpp:186] [deactivate] Deactivating took 0.512056 ms
[2026-09-07 21:37:12.111] [3640] [HailoRT] [info] [queue_elements.cpp:855] [run_in_thread] Shutdown event was signaled in dequeue of UserBuffQEl3yolo26n/conv61!
[2026-09-07 21:37:12.111] [3639] [HailoRT] [info] [queue_elements.cpp:734] [run_in_thread] Shutdown event was signaled in run_pull of queue element PullQEl_hw_read3yolo26n/conv61!
[2026-09-07 21:37:12.111] [3639] [HailoRT] [info] [queue_elements.cpp:68] [operator()] Thread in element PullQEl_hw_read3yolo26n/conv61 is not running anymore, exiting..
[2026-09-07 21:37:12.111] [2964] [HailoRT] [info] [queue_elements.cpp:46] [~BaseQueueElement] Queue element PullQEl_hw_read3yolo26n/conv61 has 0 frames in his Queue on destruction
[2026-09-07 21:37:12.111] [3640] [HailoRT] [info] [queue_elements.cpp:68] [operator()] Thread in element UserBuffQEl3yolo26n/conv61 is not running anymore, exiting..
[2026-09-07 21:37:12.111] [2964] [HailoRT] [info] [queue_elements.cpp:46] [~BaseQueueElement] Queue element UserBuffQEl3yolo26n/conv61 has 0 frames in his Queue on destruction
[2026-09-07 21:37:12.111] [3642] [HailoRT] [info] [queue_elements.cpp:855] [run_in_thread] Shutdown event was signaled in dequeue of UserBuffQEl2yolo26n/conv64!
[2026-09-07 21:37:12.111] [3641] [HailoRT] [info] [queue_elements.cpp:734] [run_in_thread] Shutdown event was signaled in run_pull of queue element PullQEl_hw_read2yolo26n/conv64!
[2026-09-07 21:37:12.111] [3641] [HailoRT] [info] [queue_elements.cpp:68] [operator()] Thread in element PullQEl_hw_read2yolo26n/conv64 is not running anymore, exiting..
[2026-09-07 21:37:12.111] [2964] [HailoRT] [info] [queue_elements.cpp:46] [~BaseQueueElement] Queue element PullQEl_hw_read2yolo26n/conv64 has 0 frames in his Queue on destruction
[2026-09-07 21:37:12.112] [3642] [HailoRT] [info] [queue_elements.cpp:68] [operator()] Thread in element UserBuffQEl2yolo26n/conv64 is not running anymore, exiting..
[2026-09-07 21:37:12.112] [2964] [HailoRT] [info] [queue_elements.cpp:46] [~BaseQueueElement] Queue element UserBuffQEl2yolo26n/conv64 has 0 frames in his Queue on destruction
[2026-09-07 21:37:12.112] [3644] [HailoRT] [info] [queue_elements.cpp:855] [run_in_thread] Shutdown event was signaled in dequeue of UserBuffQEl2yolo26n/conv77!
[2026-09-07 21:37:12.112] [3643] [HailoRT] [info] [queue_elements.cpp:734] [run_in_thread] Shutdown event was signaled in run_pull of queue element PullQEl_hw_read2yolo26n/conv77!
[2026-09-07 21:37:12.112] [3643] [HailoRT] [info] [queue_elements.cpp:68] [operator()] Thread in element PullQEl_hw_read2yolo26n/conv77 is not running anymore, exiting..
[2026-09-07 21:37:12.112] [2964] [HailoRT] [info] [queue_elements.cpp:46] [~BaseQueueElement] Queue element PullQEl_hw_read2yolo26n/conv77 has 0 frames in his Queue on destruction
[2026-09-07 21:37:12.112] [3644] [HailoRT] [info] [queue_elements.cpp:68] [operator()] Thread in element UserBuffQEl2yolo26n/conv77 is not running anymore, exiting..
[2026-09-07 21:37:12.112] [2964] [HailoRT] [info] [queue_elements.cpp:46] [~BaseQueueElement] Queue element UserBuffQEl2yolo26n/conv77 has 0 frames in his Queue on destruction
[2026-09-07 21:37:12.112] [3646] [HailoRT] [info] [queue_elements.cpp:855] [run_in_thread] Shutdown event was signaled in dequeue of UserBuffQEl0yolo26n/conv80!
[2026-09-07 21:37:12.112] [3645] [HailoRT] [info] [queue_elements.cpp:734] [run_in_thread] Shutdown event was signaled in run_pull of queue element PullQEl_hw_read0yolo26n/conv80!
[2026-09-07 21:37:12.112] [3645] [HailoRT] [info] [queue_elements.cpp:68] [operator()] Thread in element PullQEl_hw_read0yolo26n/conv80 is not running anymore, exiting..
[2026-09-07 21:37:12.112] [2964] [HailoRT] [info] [queue_elements.cpp:46] [~BaseQueueElement] Queue element PullQEl_hw_read0yolo26n/conv80 has 0 frames in his Queue on destruction
[2026-09-07 21:37:12.112] [3646] [HailoRT] [info] [queue_elements.cpp:68] [operator()] Thread in element UserBuffQEl0yolo26n/conv80 is not running anymore, exiting..
[2026-09-07 21:37:12.112] [2964] [HailoRT] [info] [queue_elements.cpp:46] [~BaseQueueElement] Queue element UserBuffQEl0yolo26n/conv80 has 0 frames in his Queue on destruction
[2026-09-07 21:37:12.112] [3648] [HailoRT] [info] [queue_elements.cpp:855] [run_in_thread] Shutdown event was signaled in dequeue of UserBuffQEl3yolo26n/conv91!
[2026-09-07 21:37:12.112] [3647] [HailoRT] [info] [queue_elements.cpp:734] [run_in_thread] Shutdown event was signaled in run_pull of queue element PullQEl_hw_read3yolo26n/conv91!
[2026-09-07 21:37:12.112] [3647] [HailoRT] [info] [queue_elements.cpp:68] [operator()] Thread in element PullQEl_hw_read3yolo26n/conv91 is not running anymore, exiting..
[2026-09-07 21:37:12.112] [2964] [HailoRT] [info] [queue_elements.cpp:46] [~BaseQueueElement] Queue element PullQEl_hw_read3yolo26n/conv91 has 0 frames in his Queue on destruction
[2026-09-07 21:37:12.112] [3648] [HailoRT] [info] [queue_elements.cpp:68] [operator()] Thread in element UserBuffQEl3yolo26n/conv91 is not running anymore, exiting..
[2026-09-07 21:37:12.112] [2964] [HailoRT] [info] [queue_elements.cpp:46] [~BaseQueueElement] Queue element UserBuffQEl3yolo26n/conv91 has 0 frames in his Queue on destruction
[2026-09-07 21:37:12.112] [3649] [HailoRT] [info] [queue_elements.cpp:734] [run_in_thread] Shutdown event was signaled in run_pull of queue element PullQEl_hw_read0yolo26n/conv94!
[2026-09-07 21:37:12.112] [3650] [HailoRT] [info] [queue_elements.cpp:855] [run_in_thread] Shutdown event was signaled in dequeue of UserBuffQEl0yolo26n/conv94!
[2026-09-07 21:37:12.112] [3649] [HailoRT] [info] [queue_elements.cpp:68] [operator()] Thread in element PullQEl_hw_read0yolo26n/conv94 is not running anymore, exiting..
[2026-09-07 21:37:12.112] [2964] [HailoRT] [info] [queue_elements.cpp:46] [~BaseQueueElement] Queue element PullQEl_hw_read0yolo26n/conv94 has 0 frames in his Queue on destruction
[2026-09-07 21:37:12.112] [3650] [HailoRT] [info] [queue_elements.cpp:68] [operator()] Thread in element UserBuffQEl0yolo26n/conv94 is not running anymore, exiting..
[2026-09-07 21:37:12.112] [2964] [HailoRT] [info] [queue_elements.cpp:46] [~BaseQueueElement] Queue element UserBuffQEl0yolo26n/conv94 has 0 frames in his Queue on destruction
[2026-09-08 11:29:58.183] [5790] [HailoRT] [info] [vdevice.cpp:535] [create] Creating vdevice with params: device_count: 1, scheduling_algorithm: NONE, multi_process_service: false
[2026-09-08 11:29:58.195] [5790] [HailoRT] [info] [device.cpp:51] [Device] OS Version: Linux 6.18.39+rpt-rpi-2712 #1 SMP PREEMPT Debian 1:6.18.39-1+rpt1 (2026-07-29) aarch64
[2026-09-08 11:29:58.195] [5790] [HailoRT] [info] [control.cpp:113] [control__parse_identify_results] firmware_version is: 4.23.0
[2026-09-08 11:29:58.195] [5790] [HailoRT] [info] [vdevice.cpp:682] [create] VDevice Infos: 0001:01:00.0
[2026-09-08 11:29:58.202] [5790] [HailoRT] [info] [internal_buffer_manager.cpp:77] [print_execution_results] Planned internal buffer memory: CMA=0 CMA-Desc=917504 Pinned=2956800. memory to edge layer usage factor is 0.9621793
[2026-09-08 11:29:58.202] [5790] [HailoRT] [info] [internal_buffer_manager.cpp:86] [print_execution_results] Default Internal buffer planner executed successfully
[2026-09-08 11:29:58.232] [5790] [HailoRT] [info] [device_internal.cpp:57] [configure] Configuring HEF took 36.284894 milliseconds
[2026-09-08 11:29:58.232] [5790] [HailoRT] [info] [vdevice.cpp:780] [configure] Configuring HEF on VDevice took 36.589394 milliseconds
[2026-09-08 11:29:58.232] [5790] [HailoRT] [info] [hef.cpp:1994] [get_network_group_and_network_name] No name was given. Addressing all networks of default network_group: yolo26n
[2026-09-08 11:29:58.232] [5790] [HailoRT] [info] [hef.cpp:1994] [get_network_group_and_network_name] No name was given. Addressing all networks of default network_group: yolo26n
[2026-09-08 11:29:58.233] [5790] [HailoRT] [info] [edge_elements.cpp:52] [create] Created (HwWriteEl2yolo26n/input_layer1 | hw_frame_size: 2211840)
[2026-09-08 11:29:58.233] [5790] [HailoRT] [info] [vstream.cpp:754] [InputVStreamImpl] Creating yolo26n/input_layer1...
[2026-09-08 11:29:58.233] [5790] [HailoRT] [info] [vstream_builder.cpp:102] [create_inputs] Input pipeline 'yolo26n/input_layer1': (HwWriteEl2yolo26n/input_layer1 | hw_frame_size: 2211840) >> HW
[2026-09-08 11:29:58.233] [5790] [HailoRT] [info] [edge_elements.cpp:287] [create] Created (HwReadEl3yolo26n/conv61 | hw_frame_size: 92160)
[2026-09-08 11:29:58.233] [5790] [HailoRT] [info] [queue_elements.cpp:657] [create] Created (PullQEl_hw_read3yolo26n/conv61)
[2026-09-08 11:29:58.233] [5790] [HailoRT] [info] [filter_elements.cpp:372] [create] Created (PostInferEl3yolo26n/conv61 | Quantization - src_type: UINT16, dst_type FLOAT32, limvals_min: -0.881752, limvals_max: 6.27869)
[2026-09-08 11:29:58.233] [5790] [HailoRT] [info] [queue_elements.cpp:800] [create] Created (UserBuffQEl3yolo26n/conv61 | timeout: 10s)
[2026-09-08 11:29:58.233] [5790] [HailoRT] [info] [vstream.cpp:1114] [OutputVStreamImpl] Creating yolo26n/conv61...
[2026-09-08 11:29:58.233] [5790] [HailoRT] [info] [vstream_builder.cpp:220] [create_outputs] Output pipeline 'yolo26n/conv61': HW >> (HwReadEl3yolo26n/conv61 | hw_frame_size: 92160) >> (PullQEl_hw_read3yolo26n/conv61) >> (PostInferEl3yolo26n/conv61 | Quantization - src_type: UINT16, dst_type FLOAT32, limvals_min: -0.881752, limvals_max: 6.27869) >> (UserBuffQEl3yolo26n/conv61 | timeout: 10s)
[2026-09-08 11:29:58.233] [5790] [HailoRT] [info] [edge_elements.cpp:287] [create] Created (HwReadEl2yolo26n/conv64 | hw_frame_size: 23040)
[2026-09-08 11:29:58.233] [5790] [HailoRT] [info] [queue_elements.cpp:657] [create] Created (PullQEl_hw_read2yolo26n/conv64)
[2026-09-08 11:29:58.233] [5790] [HailoRT] [info] [filter_elements.cpp:372] [create] Created (PostInferEl2yolo26n/conv64 | Quantization - src_type: UINT16, dst_type FLOAT32, limvals_min: -164.817, limvals_max: 3.19963)
[2026-09-08 11:29:58.233] [5790] [HailoRT] [info] [queue_elements.cpp:800] [create] Created (UserBuffQEl2yolo26n/conv64 | timeout: 10s)
[2026-09-08 11:29:58.233] [5790] [HailoRT] [info] [vstream.cpp:1114] [OutputVStreamImpl] Creating yolo26n/conv64...
[2026-09-08 11:29:58.233] [5790] [HailoRT] [info] [vstream_builder.cpp:220] [create_outputs] Output pipeline 'yolo26n/conv64': HW >> (HwReadEl2yolo26n/conv64 | hw_frame_size: 23040) >> (PullQEl_hw_read2yolo26n/conv64) >> (PostInferEl2yolo26n/conv64 | Quantization - src_type: UINT16, dst_type FLOAT32, limvals_min: -164.817, limvals_max: 3.19963) >> (UserBuffQEl2yolo26n/conv64 | timeout: 10s)
[2026-09-08 11:29:58.233] [5790] [HailoRT] [info] [edge_elements.cpp:287] [create] Created (HwReadEl2yolo26n/conv77 | hw_frame_size: 23040)
[2026-09-08 11:29:58.233] [5790] [HailoRT] [info] [queue_elements.cpp:657] [create] Created (PullQEl_hw_read2yolo26n/conv77)
[2026-09-08 11:29:58.233] [5790] [HailoRT] [info] [filter_elements.cpp:372] [create] Created (PostInferEl2yolo26n/conv77 | Quantization - src_type: UINT16, dst_type FLOAT32, limvals_min: -0.67052, limvals_max: 17.2357)
[2026-09-08 11:29:58.233] [5790] [HailoRT] [info] [queue_elements.cpp:800] [create] Created (UserBuffQEl2yolo26n/conv77 | timeout: 10s)
[2026-09-08 11:29:58.233] [5790] [HailoRT] [info] [vstream.cpp:1114] [OutputVStreamImpl] Creating yolo26n/conv77...
[2026-09-08 11:29:58.233] [5790] [HailoRT] [info] [vstream_builder.cpp:220] [create_outputs] Output pipeline 'yolo26n/conv77': HW >> (HwReadEl2yolo26n/conv77 | hw_frame_size: 23040) >> (PullQEl_hw_read2yolo26n/conv77) >> (PostInferEl2yolo26n/conv77 | Quantization - src_type: UINT16, dst_type FLOAT32, limvals_min: -0.67052, limvals_max: 17.2357) >> (UserBuffQEl2yolo26n/conv77 | timeout: 10s)
[2026-09-08 11:29:58.234] [5790] [HailoRT] [info] [edge_elements.cpp:287] [create] Created (HwReadEl0yolo26n/conv80 | hw_frame_size: 5760)
[2026-09-08 11:29:58.234] [5790] [HailoRT] [info] [queue_elements.cpp:657] [create] Created (PullQEl_hw_read0yolo26n/conv80)
[2026-09-08 11:29:58.234] [5790] [HailoRT] [info] [filter_elements.cpp:372] [create] Created (PostInferEl0yolo26n/conv80 | Quantization - src_type: UINT16, dst_type FLOAT32, limvals_min: -67.4827, limvals_max: 0)
[2026-09-08 11:29:58.234] [5790] [HailoRT] [info] [queue_elements.cpp:800] [create] Created (UserBuffQEl0yolo26n/conv80 | timeout: 10s)
[2026-09-08 11:29:58.234] [5790] [HailoRT] [info] [vstream.cpp:1114] [OutputVStreamImpl] Creating yolo26n/conv80...
[2026-09-08 11:29:58.234] [5790] [HailoRT] [info] [vstream_builder.cpp:220] [create_outputs] Output pipeline 'yolo26n/conv80': HW >> (HwReadEl0yolo26n/conv80 | hw_frame_size: 5760) >> (PullQEl_hw_read0yolo26n/conv80) >> (PostInferEl0yolo26n/conv80 | Quantization - src_type: UINT16, dst_type FLOAT32, limvals_min: -67.4827, limvals_max: 0) >> (UserBuffQEl0yolo26n/conv80 | timeout: 10s)
[2026-09-08 11:29:58.234] [5790] [HailoRT] [info] [edge_elements.cpp:287] [create] Created (HwReadEl3yolo26n/conv91 | hw_frame_size: 11520)
[2026-09-08 11:29:58.234] [5790] [HailoRT] [info] [queue_elements.cpp:657] [create] Created (PullQEl_hw_read3yolo26n/conv91)
[2026-09-08 11:29:58.234] [5790] [HailoRT] [info] [filter_elements.cpp:372] [create] Created (PostInferEl3yolo26n/conv91 | Quantization - src_type: UINT16, dst_type FLOAT32, limvals_min: 0, limvals_max: 8.46146 | Reorder - src_order: FCR, src_shape: (20, 36, 8), dst_order: FCR, dst_shape: (20, 36, 4))
[2026-09-08 11:29:58.234] [5790] [HailoRT] [info] [queue_elements.cpp:800] [create] Created (UserBuffQEl3yolo26n/conv91 | timeout: 10s)
[2026-09-08 11:29:58.234] [5790] [HailoRT] [info] [vstream.cpp:1114] [OutputVStreamImpl] Creating yolo26n/conv91...
[2026-09-08 11:29:58.234] [5790] [HailoRT] [info] [vstream_builder.cpp:220] [create_outputs] Output pipeline 'yolo26n/conv91': HW >> (HwReadEl3yolo26n/conv91 | hw_frame_size: 11520) >> (PullQEl_hw_read3yolo26n/conv91) >> (PostInferEl3yolo26n/conv91 | Quantization - src_type: UINT16, dst_type FLOAT32, limvals_min: 0, limvals_max: 8.46146 | Reorder - src_order: FCR, src_shape: (20, 36, 8), dst_order: FCR, dst_shape: (20, 36, 4)) >> (UserBuffQEl3yolo26n/conv91 | timeout: 10s)
[2026-09-08 11:29:58.234] [5790] [HailoRT] [info] [edge_elements.cpp:287] [create] Created (HwReadEl0yolo26n/conv94 | hw_frame_size: 11520)
[2026-09-08 11:29:58.234] [5790] [HailoRT] [info] [queue_elements.cpp:657] [create] Created (PullQEl_hw_read0yolo26n/conv94)
[2026-09-08 11:29:58.234] [5790] [HailoRT] [info] [filter_elements.cpp:372] [create] Created (PostInferEl0yolo26n/conv94 | Quantization - src_type: UINT16, dst_type FLOAT32, limvals_min: -64.0772, limvals_max: 0 | Reorder - src_order: FCR, src_shape: (20, 36, 8), dst_order: FCR, dst_shape: (20, 36, 1))
[2026-09-08 11:29:58.234] [5790] [HailoRT] [info] [queue_elements.cpp:800] [create] Created (UserBuffQEl0yolo26n/conv94 | timeout: 10s)
[2026-09-08 11:29:58.234] [5790] [HailoRT] [info] [vstream.cpp:1114] [OutputVStreamImpl] Creating yolo26n/conv94...
[2026-09-08 11:29:58.234] [5790] [HailoRT] [info] [vstream_builder.cpp:220] [create_outputs] Output pipeline 'yolo26n/conv94': HW >> (HwReadEl0yolo26n/conv94 | hw_frame_size: 11520) >> (PullQEl_hw_read0yolo26n/conv94) >> (PostInferEl0yolo26n/conv94 | Quantization - src_type: UINT16, dst_type FLOAT32, limvals_min: -64.0772, limvals_max: 0 | Reorder - src_order: FCR, src_shape: (20, 36, 8), dst_order: FCR, dst_shape: (20, 36, 1)) >> (UserBuffQEl0yolo26n/conv94 | timeout: 10s)
[2026-09-08 11:29:58.235] [5790] [HailoRT] [info] [core_op.cpp:156] [activate] Activating yolo26n took 0.590499 milliseconds. Note that the function is asynchronous and thus the network is not fully activated yet.
[2026-09-08 11:29:58.235] [5790] [HailoRT] [info] [core_op.cpp:156] [activate] Activating yolo26n took 0.611574 milliseconds. Note that the function is asynchronous and thus the network is not fully activated yet.
[2026-09-08 11:30:15.563] [5801] [HailoRT] [info] [vdevice_native_stream.cpp:331] [read_impl] Failed read from stream HAILO_STREAM_NOT_ACTIVATED(72) (device: 0001:01:00.0)
[2026-09-08 11:30:15.563] [5809] [HailoRT] [info] [vdevice_native_stream.cpp:331] [read_impl] Failed read from stream HAILO_STREAM_NOT_ACTIVATED(72) (device: 0001:01:00.0)
[2026-09-08 11:30:15.563] [5799] [HailoRT] [info] [vdevice_native_stream.cpp:331] [read_impl] Failed read from stream HAILO_STREAM_NOT_ACTIVATED(72) (device: 0001:01:00.0)
[2026-09-08 11:30:15.563] [5807] [HailoRT] [info] [vdevice_native_stream.cpp:331] [read_impl] Failed read from stream HAILO_STREAM_NOT_ACTIVATED(72) (device: 0001:01:00.0)
[2026-09-08 11:30:15.563] [5804] [HailoRT] [info] [vdevice_native_stream.cpp:331] [read_impl] Failed read from stream HAILO_STREAM_NOT_ACTIVATED(72) (device: 0001:01:00.0)
[2026-09-08 11:30:15.563] [5797] [HailoRT] [info] [vdevice_native_stream.cpp:331] [read_impl] Failed read from stream HAILO_STREAM_NOT_ACTIVATED(72) (device: 0001:01:00.0)
[2026-09-08 11:30:15.564] [7049] [HailoRT] [info] [core_op.cpp:186] [deactivate] Deactivating took 0.495166 ms
[2026-09-08 11:30:15.564] [7049] [HailoRT] [info] [core_op.cpp:186] [deactivate] Deactivating took 0.512054 ms
[2026-09-08 11:30:15.564] [5798] [HailoRT] [info] [queue_elements.cpp:855] [run_in_thread] Shutdown event was signaled in dequeue of UserBuffQEl3yolo26n/conv61!
[2026-09-08 11:30:15.564] [5797] [HailoRT] [info] [queue_elements.cpp:734] [run_in_thread] Shutdown event was signaled in run_pull of queue element PullQEl_hw_read3yolo26n/conv61!
[2026-09-08 11:30:15.564] [5797] [HailoRT] [info] [queue_elements.cpp:68] [operator()] Thread in element PullQEl_hw_read3yolo26n/conv61 is not running anymore, exiting..
[2026-09-08 11:30:15.564] [7049] [HailoRT] [info] [queue_elements.cpp:46] [~BaseQueueElement] Queue element PullQEl_hw_read3yolo26n/conv61 has 0 frames in his Queue on destruction
[2026-09-08 11:30:15.564] [5798] [HailoRT] [info] [queue_elements.cpp:68] [operator()] Thread in element UserBuffQEl3yolo26n/conv61 is not running anymore, exiting..
[2026-09-08 11:30:15.564] [7049] [HailoRT] [info] [queue_elements.cpp:46] [~BaseQueueElement] Queue element UserBuffQEl3yolo26n/conv61 has 0 frames in his Queue on destruction
[2026-09-08 11:30:15.564] [5799] [HailoRT] [info] [queue_elements.cpp:734] [run_in_thread] Shutdown event was signaled in run_pull of queue element PullQEl_hw_read2yolo26n/conv64!
[2026-09-08 11:30:15.564] [5800] [HailoRT] [info] [queue_elements.cpp:855] [run_in_thread] Shutdown event was signaled in dequeue of UserBuffQEl2yolo26n/conv64!
[2026-09-08 11:30:15.564] [5799] [HailoRT] [info] [queue_elements.cpp:68] [operator()] Thread in element PullQEl_hw_read2yolo26n/conv64 is not running anymore, exiting..
[2026-09-08 11:30:15.564] [7049] [HailoRT] [info] [queue_elements.cpp:46] [~BaseQueueElement] Queue element PullQEl_hw_read2yolo26n/conv64 has 0 frames in his Queue on destruction
[2026-09-08 11:30:15.564] [5800] [HailoRT] [info] [queue_elements.cpp:68] [operator()] Thread in element UserBuffQEl2yolo26n/conv64 is not running anymore, exiting..
[2026-09-08 11:30:15.564] [7049] [HailoRT] [info] [queue_elements.cpp:46] [~BaseQueueElement] Queue element UserBuffQEl2yolo26n/conv64 has 0 frames in his Queue on destruction
[2026-09-08 11:30:15.564] [5801] [HailoRT] [info] [queue_elements.cpp:734] [run_in_thread] Shutdown event was signaled in run_pull of queue element PullQEl_hw_read2yolo26n/conv77!
[2026-09-08 11:30:15.564] [5803] [HailoRT] [info] [queue_elements.cpp:855] [run_in_thread] Shutdown event was signaled in dequeue of UserBuffQEl2yolo26n/conv77!
[2026-09-08 11:30:15.564] [5801] [HailoRT] [info] [queue_elements.cpp:68] [operator()] Thread in element PullQEl_hw_read2yolo26n/conv77 is not running anymore, exiting..
[2026-09-08 11:30:15.564] [7049] [HailoRT] [info] [queue_elements.cpp:46] [~BaseQueueElement] Queue element PullQEl_hw_read2yolo26n/conv77 has 0 frames in his Queue on destruction
[2026-09-08 11:30:15.564] [5803] [HailoRT] [info] [queue_elements.cpp:68] [operator()] Thread in element UserBuffQEl2yolo26n/conv77 is not running anymore, exiting..
[2026-09-08 11:30:15.564] [7049] [HailoRT] [info] [queue_elements.cpp:46] [~BaseQueueElement] Queue element UserBuffQEl2yolo26n/conv77 has 0 frames in his Queue on destruction
[2026-09-08 11:30:15.564] [5805] [HailoRT] [info] [queue_elements.cpp:855] [run_in_thread] Shutdown event was signaled in dequeue of UserBuffQEl0yolo26n/conv80!
[2026-09-08 11:30:15.564] [5804] [HailoRT] [info] [queue_elements.cpp:734] [run_in_thread] Shutdown event was signaled in run_pull of queue element PullQEl_hw_read0yolo26n/conv80!
[2026-09-08 11:30:15.564] [5804] [HailoRT] [info] [queue_elements.cpp:68] [operator()] Thread in element PullQEl_hw_read0yolo26n/conv80 is not running anymore, exiting..
[2026-09-08 11:30:15.564] [7049] [HailoRT] [info] [queue_elements.cpp:46] [~BaseQueueElement] Queue element PullQEl_hw_read0yolo26n/conv80 has 0 frames in his Queue on destruction
[2026-09-08 11:30:15.564] [5805] [HailoRT] [info] [queue_elements.cpp:68] [operator()] Thread in element UserBuffQEl0yolo26n/conv80 is not running anymore, exiting..
[2026-09-08 11:30:15.564] [7049] [HailoRT] [info] [queue_elements.cpp:46] [~BaseQueueElement] Queue element UserBuffQEl0yolo26n/conv80 has 0 frames in his Queue on destruction
[2026-09-08 11:30:15.564] [5808] [HailoRT] [info] [queue_elements.cpp:855] [run_in_thread] Shutdown event was signaled in dequeue of UserBuffQEl3yolo26n/conv91!
[2026-09-08 11:30:15.564] [5807] [HailoRT] [info] [queue_elements.cpp:734] [run_in_thread] Shutdown event was signaled in run_pull of queue element PullQEl_hw_read3yolo26n/conv91!
[2026-09-08 11:30:15.564] [5807] [HailoRT] [info] [queue_elements.cpp:68] [operator()] Thread in element PullQEl_hw_read3yolo26n/conv91 is not running anymore, exiting..
[2026-09-08 11:30:15.564] [7049] [HailoRT] [info] [queue_elements.cpp:46] [~BaseQueueElement] Queue element PullQEl_hw_read3yolo26n/conv91 has 0 frames in his Queue on destruction
[2026-09-08 11:30:15.564] [5808] [HailoRT] [info] [queue_elements.cpp:68] [operator()] Thread in element UserBuffQEl3yolo26n/conv91 is not running anymore, exiting..
[2026-09-08 11:30:15.564] [7049] [HailoRT] [info] [queue_elements.cpp:46] [~BaseQueueElement] Queue element UserBuffQEl3yolo26n/conv91 has 0 frames in his Queue on destruction
[2026-09-08 11:30:15.564] [5810] [HailoRT] [info] [queue_elements.cpp:855] [run_in_thread] Shutdown event was signaled in dequeue of UserBuffQEl0yolo26n/conv94!
[2026-09-08 11:30:15.564] [5809] [HailoRT] [info] [queue_elements.cpp:734] [run_in_thread] Shutdown event was signaled in run_pull of queue element PullQEl_hw_read0yolo26n/conv94!
[2026-09-08 11:30:15.564] [5809] [HailoRT] [info] [queue_elements.cpp:68] [operator()] Thread in element PullQEl_hw_read0yolo26n/conv94 is not running anymore, exiting..
[2026-09-08 11:30:15.564] [7049] [HailoRT] [info] [queue_elements.cpp:46] [~BaseQueueElement] Queue element PullQEl_hw_read0yolo26n/conv94 has 0 frames in his Queue on destruction
[2026-09-08 11:30:15.564] [5810] [HailoRT] [info] [queue_elements.cpp:68] [operator()] Thread in element UserBuffQEl0yolo26n/conv94 is not running anymore, exiting..
[2026-09-08 11:30:15.564] [7049] [HailoRT] [info] [queue_elements.cpp:46] [~BaseQueueElement] Queue element UserBuffQEl0yolo26n/conv94 has 0 frames in his Queue on destruction
[2026-09-08 11:30:30.783] [7124] [HailoRT] [info] [vdevice.cpp:535] [create] Creating vdevice with params: device_count: 1, scheduling_algorithm: NONE, multi_process_service: false
[2026-09-08 11:30:30.796] [7124] [HailoRT] [info] [device.cpp:51] [Device] OS Version: Linux 6.18.39+rpt-rpi-2712 #1 SMP PREEMPT Debian 1:6.18.39-1+rpt1 (2026-07-29) aarch64
[2026-09-08 11:30:30.796] [7124] [HailoRT] [info] [control.cpp:113] [control__parse_identify_results] firmware_version is: 4.23.0
[2026-09-08 11:30:30.796] [7124] [HailoRT] [info] [vdevice.cpp:682] [create] VDevice Infos: 0001:01:00.0
[2026-09-08 11:30:30.802] [7124] [HailoRT] [info] [internal_buffer_manager.cpp:77] [print_execution_results] Planned internal buffer memory: CMA=0 CMA-Desc=917504 Pinned=2956800. memory to edge layer usage factor is 0.9621793
[2026-09-08 11:30:30.802] [7124] [HailoRT] [info] [internal_buffer_manager.cpp:86] [print_execution_results] Default Internal buffer planner executed successfully
[2026-09-08 11:30:30.832] [7124] [HailoRT] [info] [device_internal.cpp:57] [configure] Configuring HEF took 35.397044 milliseconds
[2026-09-08 11:30:30.832] [7124] [HailoRT] [info] [vdevice.cpp:780] [configure] Configuring HEF on VDevice took 35.69358 milliseconds
[2026-09-08 11:30:30.832] [7124] [HailoRT] [info] [hef.cpp:1994] [get_network_group_and_network_name] No name was given. Addressing all networks of default network_group: yolo26n
[2026-09-08 11:30:30.832] [7124] [HailoRT] [info] [hef.cpp:1994] [get_network_group_and_network_name] No name was given. Addressing all networks of default network_group: yolo26n
[2026-09-08 11:30:30.832] [7124] [HailoRT] [info] [edge_elements.cpp:52] [create] Created (HwWriteEl2yolo26n/input_layer1 | hw_frame_size: 2211840)
[2026-09-08 11:30:30.832] [7124] [HailoRT] [info] [vstream.cpp:754] [InputVStreamImpl] Creating yolo26n/input_layer1...
[2026-09-08 11:30:30.832] [7124] [HailoRT] [info] [vstream_builder.cpp:102] [create_inputs] Input pipeline 'yolo26n/input_layer1': (HwWriteEl2yolo26n/input_layer1 | hw_frame_size: 2211840) >> HW
[2026-09-08 11:30:30.832] [7124] [HailoRT] [info] [edge_elements.cpp:287] [create] Created (HwReadEl3yolo26n/conv61 | hw_frame_size: 92160)
[2026-09-08 11:30:30.832] [7124] [HailoRT] [info] [queue_elements.cpp:657] [create] Created (PullQEl_hw_read3yolo26n/conv61)
[2026-09-08 11:30:30.832] [7124] [HailoRT] [info] [filter_elements.cpp:372] [create] Created (PostInferEl3yolo26n/conv61 | Quantization - src_type: UINT16, dst_type FLOAT32, limvals_min: -0.881752, limvals_max: 6.27869)
[2026-09-08 11:30:30.832] [7124] [HailoRT] [info] [queue_elements.cpp:800] [create] Created (UserBuffQEl3yolo26n/conv61 | timeout: 10s)
[2026-09-08 11:30:30.832] [7124] [HailoRT] [info] [vstream.cpp:1114] [OutputVStreamImpl] Creating yolo26n/conv61...
[2026-09-08 11:30:30.832] [7124] [HailoRT] [info] [vstream_builder.cpp:220] [create_outputs] Output pipeline 'yolo26n/conv61': HW >> (HwReadEl3yolo26n/conv61 | hw_frame_size: 92160) >> (PullQEl_hw_read3yolo26n/conv61) >> (PostInferEl3yolo26n/conv61 | Quantization - src_type: UINT16, dst_type FLOAT32, limvals_min: -0.881752, limvals_max: 6.27869) >> (UserBuffQEl3yolo26n/conv61 | timeout: 10s)
[2026-09-08 11:30:30.832] [7124] [HailoRT] [info] [edge_elements.cpp:287] [create] Created (HwReadEl2yolo26n/conv64 | hw_frame_size: 23040)
[2026-09-08 11:30:30.832] [7124] [HailoRT] [info] [queue_elements.cpp:657] [create] Created (PullQEl_hw_read2yolo26n/conv64)
[2026-09-08 11:30:30.832] [7124] [HailoRT] [info] [filter_elements.cpp:372] [create] Created (PostInferEl2yolo26n/conv64 | Quantization - src_type: UINT16, dst_type FLOAT32, limvals_min: -164.817, limvals_max: 3.19963)
[2026-09-08 11:30:30.832] [7124] [HailoRT] [info] [queue_elements.cpp:800] [create] Created (UserBuffQEl2yolo26n/conv64 | timeout: 10s)
[2026-09-08 11:30:30.832] [7124] [HailoRT] [info] [vstream.cpp:1114] [OutputVStreamImpl] Creating yolo26n/conv64...
[2026-09-08 11:30:30.832] [7124] [HailoRT] [info] [vstream_builder.cpp:220] [create_outputs] Output pipeline 'yolo26n/conv64': HW >> (HwReadEl2yolo26n/conv64 | hw_frame_size: 23040) >> (PullQEl_hw_read2yolo26n/conv64) >> (PostInferEl2yolo26n/conv64 | Quantization - src_type: UINT16, dst_type FLOAT32, limvals_min: -164.817, limvals_max: 3.19963) >> (UserBuffQEl2yolo26n/conv64 | timeout: 10s)
[2026-09-08 11:30:30.833] [7124] [HailoRT] [info] [edge_elements.cpp:287] [create] Created (HwReadEl2yolo26n/conv77 | hw_frame_size: 23040)
[2026-09-08 11:30:30.833] [7124] [HailoRT] [info] [queue_elements.cpp:657] [create] Created (PullQEl_hw_read2yolo26n/conv77)
[2026-09-08 11:30:30.833] [7124] [HailoRT] [info] [filter_elements.cpp:372] [create] Created (PostInferEl2yolo26n/conv77 | Quantization - src_type: UINT16, dst_type FLOAT32, limvals_min: -0.67052, limvals_max: 17.2357)
[2026-09-08 11:30:30.833] [7124] [HailoRT] [info] [queue_elements.cpp:800] [create] Created (UserBuffQEl2yolo26n/conv77 | timeout: 10s)
[2026-09-08 11:30:30.833] [7124] [HailoRT] [info] [vstream.cpp:1114] [OutputVStreamImpl] Creating yolo26n/conv77...
[2026-09-08 11:30:30.833] [7124] [HailoRT] [info] [vstream_builder.cpp:220] [create_outputs] Output pipeline 'yolo26n/conv77': HW >> (HwReadEl2yolo26n/conv77 | hw_frame_size: 23040) >> (PullQEl_hw_read2yolo26n/conv77) >> (PostInferEl2yolo26n/conv77 | Quantization - src_type: UINT16, dst_type FLOAT32, limvals_min: -0.67052, limvals_max: 17.2357) >> (UserBuffQEl2yolo26n/conv77 | timeout: 10s)
[2026-09-08 11:30:30.833] [7124] [HailoRT] [info] [edge_elements.cpp:287] [create] Created (HwReadEl0yolo26n/conv80 | hw_frame_size: 5760)
[2026-09-08 11:30:30.833] [7124] [HailoRT] [info] [queue_elements.cpp:657] [create] Created (PullQEl_hw_read0yolo26n/conv80)
[2026-09-08 11:30:30.833] [7124] [HailoRT] [info] [filter_elements.cpp:372] [create] Created (PostInferEl0yolo26n/conv80 | Quantization - src_type: UINT16, dst_type FLOAT32, limvals_min: -67.4827, limvals_max: 0)
[2026-09-08 11:30:30.833] [7124] [HailoRT] [info] [queue_elements.cpp:800] [create] Created (UserBuffQEl0yolo26n/conv80 | timeout: 10s)
[2026-09-08 11:30:30.833] [7124] [HailoRT] [info] [vstream.cpp:1114] [OutputVStreamImpl] Creating yolo26n/conv80...
[2026-09-08 11:30:30.833] [7124] [HailoRT] [info] [vstream_builder.cpp:220] [create_outputs] Output pipeline 'yolo26n/conv80': HW >> (HwReadEl0yolo26n/conv80 | hw_frame_size: 5760) >> (PullQEl_hw_read0yolo26n/conv80) >> (PostInferEl0yolo26n/conv80 | Quantization - src_type: UINT16, dst_type FLOAT32, limvals_min: -67.4827, limvals_max: 0) >> (UserBuffQEl0yolo26n/conv80 | timeout: 10s)
[2026-09-08 11:30:30.833] [7124] [HailoRT] [info] [edge_elements.cpp:287] [create] Created (HwReadEl3yolo26n/conv91 | hw_frame_size: 11520)
[2026-09-08 11:30:30.833] [7124] [HailoRT] [info] [queue_elements.cpp:657] [create] Created (PullQEl_hw_read3yolo26n/conv91)
[2026-09-08 11:30:30.833] [7124] [HailoRT] [info] [filter_elements.cpp:372] [create] Created (PostInferEl3yolo26n/conv91 | Quantization - src_type: UINT16, dst_type FLOAT32, limvals_min: 0, limvals_max: 8.46146 | Reorder - src_order: FCR, src_shape: (20, 36, 8), dst_order: FCR, dst_shape: (20, 36, 4))
[2026-09-08 11:30:30.833] [7124] [HailoRT] [info] [queue_elements.cpp:800] [create] Created (UserBuffQEl3yolo26n/conv91 | timeout: 10s)
[2026-09-08 11:30:30.833] [7124] [HailoRT] [info] [vstream.cpp:1114] [OutputVStreamImpl] Creating yolo26n/conv91...
[2026-09-08 11:30:30.833] [7124] [HailoRT] [info] [vstream_builder.cpp:220] [create_outputs] Output pipeline 'yolo26n/conv91': HW >> (HwReadEl3yolo26n/conv91 | hw_frame_size: 11520) >> (PullQEl_hw_read3yolo26n/conv91) >> (PostInferEl3yolo26n/conv91 | Quantization - src_type: UINT16, dst_type FLOAT32, limvals_min: 0, limvals_max: 8.46146 | Reorder - src_order: FCR, src_shape: (20, 36, 8), dst_order: FCR, dst_shape: (20, 36, 4)) >> (UserBuffQEl3yolo26n/conv91 | timeout: 10s)
[2026-09-08 11:30:30.833] [7124] [HailoRT] [info] [edge_elements.cpp:287] [create] Created (HwReadEl0yolo26n/conv94 | hw_frame_size: 11520)
[2026-09-08 11:30:30.833] [7124] [HailoRT] [info] [queue_elements.cpp:657] [create] Created (PullQEl_hw_read0yolo26n/conv94)
[2026-09-08 11:30:30.833] [7124] [HailoRT] [info] [filter_elements.cpp:372] [create] Created (PostInferEl0yolo26n/conv94 | Quantization - src_type: UINT16, dst_type FLOAT32, limvals_min: -64.0772, limvals_max: 0 | Reorder - src_order: FCR, src_shape: (20, 36, 8), dst_order: FCR, dst_shape: (20, 36, 1))
[2026-09-08 11:30:30.833] [7124] [HailoRT] [info] [queue_elements.cpp:800] [create] Created (UserBuffQEl0yolo26n/conv94 | timeout: 10s)
[2026-09-08 11:30:30.833] [7124] [HailoRT] [info] [vstream.cpp:1114] [OutputVStreamImpl] Creating yolo26n/conv94...
[2026-09-08 11:30:30.833] [7124] [HailoRT] [info] [vstream_builder.cpp:220] [create_outputs] Output pipeline 'yolo26n/conv94': HW >> (HwReadEl0yolo26n/conv94 | hw_frame_size: 11520) >> (PullQEl_hw_read0yolo26n/conv94) >> (PostInferEl0yolo26n/conv94 | Quantization - src_type: UINT16, dst_type FLOAT32, limvals_min: -64.0772, limvals_max: 0 | Reorder - src_order: FCR, src_shape: (20, 36, 8), dst_order: FCR, dst_shape: (20, 36, 1)) >> (UserBuffQEl0yolo26n/conv94 | timeout: 10s)
[2026-09-08 11:30:30.834] [7124] [HailoRT] [info] [core_op.cpp:156] [activate] Activating yolo26n took 0.467777 milliseconds. Note that the function is asynchronous and thus the network is not fully activated yet.
[2026-09-08 11:30:30.834] [7124] [HailoRT] [info] [core_op.cpp:156] [activate] Activating yolo26n took 0.481036 milliseconds. Note that the function is asynchronous and thus the network is not fully activated yet.
[2026-09-08 11:30:56.051] [7130] [HailoRT] [info] [vdevice_native_stream.cpp:331] [read_impl] Failed read from stream HAILO_STREAM_NOT_ACTIVATED(72) (device: 0001:01:00.0)
[2026-09-08 11:30:56.051] [7134] [HailoRT] [info] [vdevice_native_stream.cpp:331] [read_impl] Failed read from stream HAILO_STREAM_NOT_ACTIVATED(72) (device: 0001:01:00.0)
[2026-09-08 11:30:56.051] [7137] [HailoRT] [info] [vdevice_native_stream.cpp:331] [read_impl] Failed read from stream HAILO_STREAM_NOT_ACTIVATED(72) (device: 0001:01:00.0)
[2026-09-08 11:30:56.051] [7140] [HailoRT] [info] [vdevice_native_stream.cpp:331] [read_impl] Failed read from stream HAILO_STREAM_NOT_ACTIVATED(72) (device: 0001:01:00.0)
[2026-09-08 11:30:56.051] [7142] [HailoRT] [info] [vdevice_native_stream.cpp:331] [read_impl] Failed read from stream HAILO_STREAM_NOT_ACTIVATED(72) (device: 0001:01:00.0)
[2026-09-08 11:30:56.052] [7132] [HailoRT] [info] [vdevice_native_stream.cpp:331] [read_impl] Failed read from stream HAILO_STREAM_NOT_ACTIVATED(72) (device: 0001:01:00.0)
[2026-09-08 11:30:56.052] [11696] [HailoRT] [info] [core_op.cpp:186] [deactivate] Deactivating took 0.719517 ms
[2026-09-08 11:30:56.052] [11696] [HailoRT] [info] [core_op.cpp:186] [deactivate] Deactivating took 0.742536 ms
[2026-09-08 11:30:56.052] [7131] [HailoRT] [info] [queue_elements.cpp:855] [run_in_thread] Shutdown event was signaled in dequeue of UserBuffQEl3yolo26n/conv61!
[2026-09-08 11:30:56.052] [7130] [HailoRT] [info] [queue_elements.cpp:734] [run_in_thread] Shutdown event was signaled in run_pull of queue element PullQEl_hw_read3yolo26n/conv61!
[2026-09-08 11:30:56.052] [7130] [HailoRT] [info] [queue_elements.cpp:68] [operator()] Thread in element PullQEl_hw_read3yolo26n/conv61 is not running anymore, exiting..
[2026-09-08 11:30:56.052] [11696] [HailoRT] [info] [queue_elements.cpp:46] [~BaseQueueElement] Queue element PullQEl_hw_read3yolo26n/conv61 has 0 frames in his Queue on destruction
[2026-09-08 11:30:56.052] [7131] [HailoRT] [info] [queue_elements.cpp:68] [operator()] Thread in element UserBuffQEl3yolo26n/conv61 is not running anymore, exiting..
[2026-09-08 11:30:56.052] [11696] [HailoRT] [info] [queue_elements.cpp:46] [~BaseQueueElement] Queue element UserBuffQEl3yolo26n/conv61 has 0 frames in his Queue on destruction
[2026-09-08 11:30:56.052] [7132] [HailoRT] [info] [queue_elements.cpp:734] [run_in_thread] Shutdown event was signaled in run_pull of queue element PullQEl_hw_read2yolo26n/conv64!
[2026-09-08 11:30:56.052] [7133] [HailoRT] [info] [queue_elements.cpp:855] [run_in_thread] Shutdown event was signaled in dequeue of UserBuffQEl2yolo26n/conv64!
[2026-09-08 11:30:56.052] [7132] [HailoRT] [info] [queue_elements.cpp:68] [operator()] Thread in element PullQEl_hw_read2yolo26n/conv64 is not running anymore, exiting..
[2026-09-08 11:30:56.052] [11696] [HailoRT] [info] [queue_elements.cpp:46] [~BaseQueueElement] Queue element PullQEl_hw_read2yolo26n/conv64 has 0 frames in his Queue on destruction
[2026-09-08 11:30:56.052] [7133] [HailoRT] [info] [queue_elements.cpp:68] [operator()] Thread in element UserBuffQEl2yolo26n/conv64 is not running anymore, exiting..
[2026-09-08 11:30:56.053] [11696] [HailoRT] [info] [queue_elements.cpp:46] [~BaseQueueElement] Queue element UserBuffQEl2yolo26n/conv64 has 0 frames in his Queue on destruction
[2026-09-08 11:30:56.053] [7135] [HailoRT] [info] [queue_elements.cpp:855] [run_in_thread] Shutdown event was signaled in dequeue of UserBuffQEl2yolo26n/conv77!
[2026-09-08 11:30:56.053] [7134] [HailoRT] [info] [queue_elements.cpp:734] [run_in_thread] Shutdown event was signaled in run_pull of queue element PullQEl_hw_read2yolo26n/conv77!
[2026-09-08 11:30:56.053] [7134] [HailoRT] [info] [queue_elements.cpp:68] [operator()] Thread in element PullQEl_hw_read2yolo26n/conv77 is not running anymore, exiting..
[2026-09-08 11:30:56.053] [11696] [HailoRT] [info] [queue_elements.cpp:46] [~BaseQueueElement] Queue element PullQEl_hw_read2yolo26n/conv77 has 0 frames in his Queue on destruction
[2026-09-08 11:30:56.053] [7135] [HailoRT] [info] [queue_elements.cpp:68] [operator()] Thread in element UserBuffQEl2yolo26n/conv77 is not running anymore, exiting..
[2026-09-08 11:30:56.053] [11696] [HailoRT] [info] [queue_elements.cpp:46] [~BaseQueueElement] Queue element UserBuffQEl2yolo26n/conv77 has 0 frames in his Queue on destruction
[2026-09-08 11:30:56.053] [7137] [HailoRT] [info] [queue_elements.cpp:734] [run_in_thread] Shutdown event was signaled in run_pull of queue element PullQEl_hw_read0yolo26n/conv80!
[2026-09-08 11:30:56.053] [7138] [HailoRT] [info] [queue_elements.cpp:855] [run_in_thread] Shutdown event was signaled in dequeue of UserBuffQEl0yolo26n/conv80!
[2026-09-08 11:30:56.053] [7137] [HailoRT] [info] [queue_elements.cpp:68] [operator()] Thread in element PullQEl_hw_read0yolo26n/conv80 is not running anymore, exiting..
[2026-09-08 11:30:56.053] [11696] [HailoRT] [info] [queue_elements.cpp:46] [~BaseQueueElement] Queue element PullQEl_hw_read0yolo26n/conv80 has 0 frames in his Queue on destruction
[2026-09-08 11:30:56.053] [7138] [HailoRT] [info] [queue_elements.cpp:68] [operator()] Thread in element UserBuffQEl0yolo26n/conv80 is not running anymore, exiting..
[2026-09-08 11:30:56.054] [11696] [HailoRT] [info] [queue_elements.cpp:46] [~BaseQueueElement] Queue element UserBuffQEl0yolo26n/conv80 has 0 frames in his Queue on destruction
[2026-09-08 11:30:56.054] [7140] [HailoRT] [info] [queue_elements.cpp:734] [run_in_thread] Shutdown event was signaled in run_pull of queue element PullQEl_hw_read3yolo26n/conv91!
[2026-09-08 11:30:56.054] [7141] [HailoRT] [info] [queue_elements.cpp:855] [run_in_thread] Shutdown event was signaled in dequeue of UserBuffQEl3yolo26n/conv91!
[2026-09-08 11:30:56.054] [7140] [HailoRT] [info] [queue_elements.cpp:68] [operator()] Thread in element PullQEl_hw_read3yolo26n/conv91 is not running anymore, exiting..
[2026-09-08 11:30:56.054] [11696] [HailoRT] [info] [queue_elements.cpp:46] [~BaseQueueElement] Queue element PullQEl_hw_read3yolo26n/conv91 has 0 frames in his Queue on destruction
[2026-09-08 11:30:56.054] [7141] [HailoRT] [info] [queue_elements.cpp:68] [operator()] Thread in element UserBuffQEl3yolo26n/conv91 is not running anymore, exiting..
[2026-09-08 11:30:56.054] [11696] [HailoRT] [info] [queue_elements.cpp:46] [~BaseQueueElement] Queue element UserBuffQEl3yolo26n/conv91 has 0 frames in his Queue on destruction
[2026-09-08 11:30:56.054] [7143] [HailoRT] [info] [queue_elements.cpp:855] [run_in_thread] Shutdown event was signaled in dequeue of UserBuffQEl0yolo26n/conv94!
[2026-09-08 11:30:56.054] [7142] [HailoRT] [info] [queue_elements.cpp:734] [run_in_thread] Shutdown event was signaled in run_pull of queue element PullQEl_hw_read0yolo26n/conv94!
[2026-09-08 11:30:56.054] [7142] [HailoRT] [info] [queue_elements.cpp:68] [operator()] Thread in element PullQEl_hw_read0yolo26n/conv94 is not running anymore, exiting..
[2026-09-08 11:30:56.054] [11696] [HailoRT] [info] [queue_elements.cpp:46] [~BaseQueueElement] Queue element PullQEl_hw_read0yolo26n/conv94 has 0 frames in his Queue on destruction
[2026-09-08 11:30:56.054] [7143] [HailoRT] [info] [queue_elements.cpp:68] [operator()] Thread in element UserBuffQEl0yolo26n/conv94 is not running anymore, exiting..
[2026-09-08 11:30:56.054] [11696] [HailoRT] [info] [queue_elements.cpp:46] [~BaseQueueElement] Queue element UserBuffQEl0yolo26n/conv94 has 0 frames in his Queue on destruction
[2026-09-08 11:46:01.718] [2418] [HailoRT] [info] [vdevice.cpp:535] [create] Creating vdevice with params: device_count: 1, scheduling_algorithm: NONE, multi_process_service: false
[2026-09-08 11:46:01.737] [2418] [HailoRT] [info] [device.cpp:51] [Device] OS Version: Linux 6.18.39+rpt-rpi-2712 #1 SMP PREEMPT Debian 1:6.18.39-1+rpt1 (2026-07-29) aarch64
[2026-09-08 11:46:01.739] [2418] [HailoRT] [info] [control.cpp:113] [control__parse_identify_results] firmware_version is: 4.23.0
[2026-09-08 11:46:01.739] [2418] [HailoRT] [info] [vdevice.cpp:682] [create] VDevice Infos: 0001:01:00.0
[2026-09-08 11:46:01.750] [2418] [HailoRT] [info] [internal_buffer_manager.cpp:77] [print_execution_results] Planned internal buffer memory: CMA=0 CMA-Desc=917504 Pinned=2956800. memory to edge layer usage factor is 0.9621793
[2026-09-08 11:46:01.750] [2418] [HailoRT] [info] [internal_buffer_manager.cpp:86] [print_execution_results] Default Internal buffer planner executed successfully
[2026-09-08 11:46:01.788] [2418] [HailoRT] [info] [device_internal.cpp:57] [configure] Configuring HEF took 47.558149 milliseconds
[2026-09-08 11:46:01.788] [2418] [HailoRT] [info] [vdevice.cpp:780] [configure] Configuring HEF on VDevice took 48.278648 milliseconds
[2026-09-08 11:46:01.789] [2418] [HailoRT] [info] [hef.cpp:1994] [get_network_group_and_network_name] No name was given. Addressing all networks of default network_group: yolo26n
[2026-09-08 11:46:01.789] [2418] [HailoRT] [info] [hef.cpp:1994] [get_network_group_and_network_name] No name was given. Addressing all networks of default network_group: yolo26n
[2026-09-08 11:46:01.792] [2418] [HailoRT] [info] [edge_elements.cpp:52] [create] Created (HwWriteEl2yolo26n/input_layer1 | hw_frame_size: 2211840)
[2026-09-08 11:46:01.794] [2418] [HailoRT] [info] [vstream.cpp:754] [InputVStreamImpl] Creating yolo26n/input_layer1...
[2026-09-08 11:46:01.794] [2418] [HailoRT] [info] [vstream_builder.cpp:102] [create_inputs] Input pipeline 'yolo26n/input_layer1': (HwWriteEl2yolo26n/input_layer1 | hw_frame_size: 2211840) >> HW
[2026-09-08 11:46:01.794] [2418] [HailoRT] [info] [edge_elements.cpp:287] [create] Created (HwReadEl3yolo26n/conv61 | hw_frame_size: 92160)
[2026-09-08 11:46:01.794] [2418] [HailoRT] [info] [queue_elements.cpp:657] [create] Created (PullQEl_hw_read3yolo26n/conv61)
[2026-09-08 11:46:01.794] [2418] [HailoRT] [info] [filter_elements.cpp:372] [create] Created (PostInferEl3yolo26n/conv61 | Quantization - src_type: UINT16, dst_type FLOAT32, limvals_min: -0.881752, limvals_max: 6.27869)
[2026-09-08 11:46:01.795] [2418] [HailoRT] [info] [queue_elements.cpp:800] [create] Created (UserBuffQEl3yolo26n/conv61 | timeout: 10s)
[2026-09-08 11:46:01.795] [2418] [HailoRT] [info] [vstream.cpp:1114] [OutputVStreamImpl] Creating yolo26n/conv61...
[2026-09-08 11:46:01.795] [2418] [HailoRT] [info] [vstream_builder.cpp:220] [create_outputs] Output pipeline 'yolo26n/conv61': HW >> (HwReadEl3yolo26n/conv61 | hw_frame_size: 92160) >> (PullQEl_hw_read3yolo26n/conv61) >> (PostInferEl3yolo26n/conv61 | Quantization - src_type: UINT16, dst_type FLOAT32, limvals_min: -0.881752, limvals_max: 6.27869) >> (UserBuffQEl3yolo26n/conv61 | timeout: 10s)
[2026-09-08 11:46:01.795] [2418] [HailoRT] [info] [edge_elements.cpp:287] [create] Created (HwReadEl2yolo26n/conv64 | hw_frame_size: 23040)
[2026-09-08 11:46:01.795] [2418] [HailoRT] [info] [queue_elements.cpp:657] [create] Created (PullQEl_hw_read2yolo26n/conv64)
[2026-09-08 11:46:01.795] [2418] [HailoRT] [info] [filter_elements.cpp:372] [create] Created (PostInferEl2yolo26n/conv64 | Quantization - src_type: UINT16, dst_type FLOAT32, limvals_min: -164.817, limvals_max: 3.19963)
[2026-09-08 11:46:01.795] [2418] [HailoRT] [info] [queue_elements.cpp:800] [create] Created (UserBuffQEl2yolo26n/conv64 | timeout: 10s)
[2026-09-08 11:46:01.795] [2418] [HailoRT] [info] [vstream.cpp:1114] [OutputVStreamImpl] Creating yolo26n/conv64...
[2026-09-08 11:46:01.796] [2418] [HailoRT] [info] [vstream_builder.cpp:220] [create_outputs] Output pipeline 'yolo26n/conv64': HW >> (HwReadEl2yolo26n/conv64 | hw_frame_size: 23040) >> (PullQEl_hw_read2yolo26n/conv64) >> (PostInferEl2yolo26n/conv64 | Quantization - src_type: UINT16, dst_type FLOAT32, limvals_min: -164.817, limvals_max: 3.19963) >> (UserBuffQEl2yolo26n/conv64 | timeout: 10s)
[2026-09-08 11:46:01.797] [2418] [HailoRT] [info] [edge_elements.cpp:287] [create] Created (HwReadEl2yolo26n/conv77 | hw_frame_size: 23040)
[2026-09-08 11:46:01.797] [2418] [HailoRT] [info] [queue_elements.cpp:657] [create] Created (PullQEl_hw_read2yolo26n/conv77)
[2026-09-08 11:46:01.797] [2418] [HailoRT] [info] [filter_elements.cpp:372] [create] Created (PostInferEl2yolo26n/conv77 | Quantization - src_type: UINT16, dst_type FLOAT32, limvals_min: -0.67052, limvals_max: 17.2357)
[2026-09-08 11:46:01.797] [2418] [HailoRT] [info] [queue_elements.cpp:800] [create] Created (UserBuffQEl2yolo26n/conv77 | timeout: 10s)
[2026-09-08 11:46:01.797] [2418] [HailoRT] [info] [vstream.cpp:1114] [OutputVStreamImpl] Creating yolo26n/conv77...
[2026-09-08 11:46:01.797] [2418] [HailoRT] [info] [vstream_builder.cpp:220] [create_outputs] Output pipeline 'yolo26n/conv77': HW >> (HwReadEl2yolo26n/conv77 | hw_frame_size: 23040) >> (PullQEl_hw_read2yolo26n/conv77) >> (PostInferEl2yolo26n/conv77 | Quantization - src_type: UINT16, dst_type FLOAT32, limvals_min: -0.67052, limvals_max: 17.2357) >> (UserBuffQEl2yolo26n/conv77 | timeout: 10s)
[2026-09-08 11:46:01.797] [2418] [HailoRT] [info] [edge_elements.cpp:287] [create] Created (HwReadEl0yolo26n/conv80 | hw_frame_size: 5760)
[2026-09-08 11:46:01.797] [2418] [HailoRT] [info] [queue_elements.cpp:657] [create] Created (PullQEl_hw_read0yolo26n/conv80)
[2026-09-08 11:46:01.797] [2418] [HailoRT] [info] [filter_elements.cpp:372] [create] Created (PostInferEl0yolo26n/conv80 | Quantization - src_type: UINT16, dst_type FLOAT32, limvals_min: -67.4827, limvals_max: 0)
[2026-09-08 11:46:01.797] [2418] [HailoRT] [info] [queue_elements.cpp:800] [create] Created (UserBuffQEl0yolo26n/conv80 | timeout: 10s)
[2026-09-08 11:46:01.797] [2418] [HailoRT] [info] [vstream.cpp:1114] [OutputVStreamImpl] Creating yolo26n/conv80...
[2026-09-08 11:46:01.797] [2418] [HailoRT] [info] [vstream_builder.cpp:220] [create_outputs] Output pipeline 'yolo26n/conv80': HW >> (HwReadEl0yolo26n/conv80 | hw_frame_size: 5760) >> (PullQEl_hw_read0yolo26n/conv80) >> (PostInferEl0yolo26n/conv80 | Quantization - src_type: UINT16, dst_type FLOAT32, limvals_min: -67.4827, limvals_max: 0) >> (UserBuffQEl0yolo26n/conv80 | timeout: 10s)
[2026-09-08 11:46:01.797] [2418] [HailoRT] [info] [edge_elements.cpp:287] [create] Created (HwReadEl3yolo26n/conv91 | hw_frame_size: 11520)
[2026-09-08 11:46:01.797] [2418] [HailoRT] [info] [queue_elements.cpp:657] [create] Created (PullQEl_hw_read3yolo26n/conv91)
[2026-09-08 11:46:01.797] [2418] [HailoRT] [info] [filter_elements.cpp:372] [create] Created (PostInferEl3yolo26n/conv91 | Quantization - src_type: UINT16, dst_type FLOAT32, limvals_min: 0, limvals_max: 8.46146 | Reorder - src_order: FCR, src_shape: (20, 36, 8), dst_order: FCR, dst_shape: (20, 36, 4))
[2026-09-08 11:46:01.798] [2418] [HailoRT] [info] [queue_elements.cpp:800] [create] Created (UserBuffQEl3yolo26n/conv91 | timeout: 10s)
[2026-09-08 11:46:01.798] [2418] [HailoRT] [info] [vstream.cpp:1114] [OutputVStreamImpl] Creating yolo26n/conv91...
[2026-09-08 11:46:01.798] [2418] [HailoRT] [info] [vstream_builder.cpp:220] [create_outputs] Output pipeline 'yolo26n/conv91': HW >> (HwReadEl3yolo26n/conv91 | hw_frame_size: 11520) >> (PullQEl_hw_read3yolo26n/conv91) >> (PostInferEl3yolo26n/conv91 | Quantization - src_type: UINT16, dst_type FLOAT32, limvals_min: 0, limvals_max: 8.46146 | Reorder - src_order: FCR, src_shape: (20, 36, 8), dst_order: FCR, dst_shape: (20, 36, 4)) >> (UserBuffQEl3yolo26n/conv91 | timeout: 10s)
[2026-09-08 11:46:01.798] [2418] [HailoRT] [info] [edge_elements.cpp:287] [create] Created (HwReadEl0yolo26n/conv94 | hw_frame_size: 11520)
[2026-09-08 11:46:01.798] [2418] [HailoRT] [info] [queue_elements.cpp:657] [create] Created (PullQEl_hw_read0yolo26n/conv94)
[2026-09-08 11:46:01.798] [2418] [HailoRT] [info] [filter_elements.cpp:372] [create] Created (PostInferEl0yolo26n/conv94 | Quantization - src_type: UINT16, dst_type FLOAT32, limvals_min: -64.0772, limvals_max: 0 | Reorder - src_order: FCR, src_shape: (20, 36, 8), dst_order: FCR, dst_shape: (20, 36, 1))
[2026-09-08 11:46:01.798] [2418] [HailoRT] [info] [queue_elements.cpp:800] [create] Created (UserBuffQEl0yolo26n/conv94 | timeout: 10s)
[2026-09-08 11:46:01.798] [2418] [HailoRT] [info] [vstream.cpp:1114] [OutputVStreamImpl] Creating yolo26n/conv94...
[2026-09-08 11:46:01.798] [2418] [HailoRT] [info] [vstream_builder.cpp:220] [create_outputs] Output pipeline 'yolo26n/conv94': HW >> (HwReadEl0yolo26n/conv94 | hw_frame_size: 11520) >> (PullQEl_hw_read0yolo26n/conv94) >> (PostInferEl0yolo26n/conv94 | Quantization - src_type: UINT16, dst_type FLOAT32, limvals_min: -64.0772, limvals_max: 0 | Reorder - src_order: FCR, src_shape: (20, 36, 8), dst_order: FCR, dst_shape: (20, 36, 1)) >> (UserBuffQEl0yolo26n/conv94 | timeout: 10s)
[2026-09-08 11:46:01.798] [2418] [HailoRT] [info] [core_op.cpp:156] [activate] Activating yolo26n took 0.459815 milliseconds. Note that the function is asynchronous and thus the network is not fully activated yet.
[2026-09-08 11:46:01.798] [2418] [HailoRT] [info] [core_op.cpp:156] [activate] Activating yolo26n took 0.46837 milliseconds. Note that the function is asynchronous and thus the network is not fully activated yet.
[2026-09-08 11:46:40.199] [2453] [HailoRT] [info] [vdevice_native_stream.cpp:331] [read_impl] Failed read from stream HAILO_STREAM_NOT_ACTIVATED(72) (device: 0001:01:00.0)
[2026-09-08 11:46:40.199] [2457] [HailoRT] [info] [vdevice_native_stream.cpp:331] [read_impl] Failed read from stream HAILO_STREAM_NOT_ACTIVATED(72) (device: 0001:01:00.0)
[2026-09-08 11:46:40.199] [2461] [HailoRT] [info] [vdevice_native_stream.cpp:331] [read_impl] Failed read from stream HAILO_STREAM_NOT_ACTIVATED(72) (device: 0001:01:00.0)
[2026-09-08 11:46:40.199] [2451] [HailoRT] [info] [vdevice_native_stream.cpp:331] [read_impl] Failed read from stream HAILO_STREAM_NOT_ACTIVATED(72) (device: 0001:01:00.0)
[2026-09-08 11:46:40.199] [2455] [HailoRT] [info] [vdevice_native_stream.cpp:331] [read_impl] Failed read from stream HAILO_STREAM_NOT_ACTIVATED(72) (device: 0001:01:00.0)
[2026-09-08 11:46:40.199] [2459] [HailoRT] [info] [vdevice_native_stream.cpp:331] [read_impl] Failed read from stream HAILO_STREAM_NOT_ACTIVATED(72) (device: 0001:01:00.0)
[2026-09-08 11:46:40.199] [9435] [HailoRT] [info] [core_op.cpp:186] [deactivate] Deactivating took 0.512463 ms
[2026-09-08 11:46:40.199] [9435] [HailoRT] [info] [core_op.cpp:186] [deactivate] Deactivating took 0.52776 ms
[2026-09-08 11:46:40.199] [2451] [HailoRT] [info] [queue_elements.cpp:734] [run_in_thread] Shutdown event was signaled in run_pull of queue element PullQEl_hw_read3yolo26n/conv61!
[2026-09-08 11:46:40.199] [2452] [HailoRT] [info] [queue_elements.cpp:855] [run_in_thread] Shutdown event was signaled in dequeue of UserBuffQEl3yolo26n/conv61!
[2026-09-08 11:46:40.199] [2451] [HailoRT] [info] [queue_elements.cpp:68] [operator()] Thread in element PullQEl_hw_read3yolo26n/conv61 is not running anymore, exiting..
[2026-09-08 11:46:40.199] [9435] [HailoRT] [info] [queue_elements.cpp:46] [~BaseQueueElement] Queue element PullQEl_hw_read3yolo26n/conv61 has 0 frames in his Queue on destruction
[2026-09-08 11:46:40.199] [2452] [HailoRT] [info] [queue_elements.cpp:68] [operator()] Thread in element UserBuffQEl3yolo26n/conv61 is not running anymore, exiting..
[2026-09-08 11:46:40.199] [9435] [HailoRT] [info] [queue_elements.cpp:46] [~BaseQueueElement] Queue element UserBuffQEl3yolo26n/conv61 has 0 frames in his Queue on destruction
[2026-09-08 11:46:40.199] [2454] [HailoRT] [info] [queue_elements.cpp:855] [run_in_thread] Shutdown event was signaled in dequeue of UserBuffQEl2yolo26n/conv64!
[2026-09-08 11:46:40.199] [2453] [HailoRT] [info] [queue_elements.cpp:734] [run_in_thread] Shutdown event was signaled in run_pull of queue element PullQEl_hw_read2yolo26n/conv64!
[2026-09-08 11:46:40.199] [2453] [HailoRT] [info] [queue_elements.cpp:68] [operator()] Thread in element PullQEl_hw_read2yolo26n/conv64 is not running anymore, exiting..
[2026-09-08 11:46:40.199] [9435] [HailoRT] [info] [queue_elements.cpp:46] [~BaseQueueElement] Queue element PullQEl_hw_read2yolo26n/conv64 has 0 frames in his Queue on destruction
[2026-09-08 11:46:40.200] [2454] [HailoRT] [info] [queue_elements.cpp:68] [operator()] Thread in element UserBuffQEl2yolo26n/conv64 is not running anymore, exiting..
[2026-09-08 11:46:40.200] [9435] [HailoRT] [info] [queue_elements.cpp:46] [~BaseQueueElement] Queue element UserBuffQEl2yolo26n/conv64 has 0 frames in his Queue on destruction
[2026-09-08 11:46:40.200] [2456] [HailoRT] [info] [queue_elements.cpp:855] [run_in_thread] Shutdown event was signaled in dequeue of UserBuffQEl2yolo26n/conv77!
[2026-09-08 11:46:40.200] [2455] [HailoRT] [info] [queue_elements.cpp:734] [run_in_thread] Shutdown event was signaled in run_pull of queue element PullQEl_hw_read2yolo26n/conv77!
[2026-09-08 11:46:40.200] [2455] [HailoRT] [info] [queue_elements.cpp:68] [operator()] Thread in element PullQEl_hw_read2yolo26n/conv77 is not running anymore, exiting..
[2026-09-08 11:46:40.200] [9435] [HailoRT] [info] [queue_elements.cpp:46] [~BaseQueueElement] Queue element PullQEl_hw_read2yolo26n/conv77 has 0 frames in his Queue on destruction
[2026-09-08 11:46:40.200] [2456] [HailoRT] [info] [queue_elements.cpp:68] [operator()] Thread in element UserBuffQEl2yolo26n/conv77 is not running anymore, exiting..
[2026-09-08 11:46:40.200] [9435] [HailoRT] [info] [queue_elements.cpp:46] [~BaseQueueElement] Queue element UserBuffQEl2yolo26n/conv77 has 0 frames in his Queue on destruction
[2026-09-08 11:46:40.200] [2457] [HailoRT] [info] [queue_elements.cpp:734] [run_in_thread] Shutdown event was signaled in run_pull of queue element PullQEl_hw_read0yolo26n/conv80!
[2026-09-08 11:46:40.200] [2458] [HailoRT] [info] [queue_elements.cpp:855] [run_in_thread] Shutdown event was signaled in dequeue of UserBuffQEl0yolo26n/conv80!
[2026-09-08 11:46:40.200] [2457] [HailoRT] [info] [queue_elements.cpp:68] [operator()] Thread in element PullQEl_hw_read0yolo26n/conv80 is not running anymore, exiting..
[2026-09-08 11:46:40.200] [9435] [HailoRT] [info] [queue_elements.cpp:46] [~BaseQueueElement] Queue element PullQEl_hw_read0yolo26n/conv80 has 0 frames in his Queue on destruction
[2026-09-08 11:46:40.200] [2458] [HailoRT] [info] [queue_elements.cpp:68] [operator()] Thread in element UserBuffQEl0yolo26n/conv80 is not running anymore, exiting..
[2026-09-08 11:46:40.200] [9435] [HailoRT] [info] [queue_elements.cpp:46] [~BaseQueueElement] Queue element UserBuffQEl0yolo26n/conv80 has 0 frames in his Queue on destruction
[2026-09-08 11:46:40.200] [2459] [HailoRT] [info] [queue_elements.cpp:734] [run_in_thread] Shutdown event was signaled in run_pull of queue element PullQEl_hw_read3yolo26n/conv91!
[2026-09-08 11:46:40.200] [2460] [HailoRT] [info] [queue_elements.cpp:855] [run_in_thread] Shutdown event was signaled in dequeue of UserBuffQEl3yolo26n/conv91!
[2026-09-08 11:46:40.200] [2459] [HailoRT] [info] [queue_elements.cpp:68] [operator()] Thread in element PullQEl_hw_read3yolo26n/conv91 is not running anymore, exiting..
[2026-09-08 11:46:40.200] [9435] [HailoRT] [info] [queue_elements.cpp:46] [~BaseQueueElement] Queue element PullQEl_hw_read3yolo26n/conv91 has 0 frames in his Queue on destruction
[2026-09-08 11:46:40.200] [2460] [HailoRT] [info] [queue_elements.cpp:68] [operator()] Thread in element UserBuffQEl3yolo26n/conv91 is not running anymore, exiting..
[2026-09-08 11:46:40.200] [9435] [HailoRT] [info] [queue_elements.cpp:46] [~BaseQueueElement] Queue element UserBuffQEl3yolo26n/conv91 has 0 frames in his Queue on destruction
[2026-09-08 11:46:40.200] [2462] [HailoRT] [info] [queue_elements.cpp:855] [run_in_thread] Shutdown event was signaled in dequeue of UserBuffQEl0yolo26n/conv94!
[2026-09-08 11:46:40.200] [2461] [HailoRT] [info] [queue_elements.cpp:734] [run_in_thread] Shutdown event was signaled in run_pull of queue element PullQEl_hw_read0yolo26n/conv94!
[2026-09-08 11:46:40.200] [2461] [HailoRT] [info] [queue_elements.cpp:68] [operator()] Thread in element PullQEl_hw_read0yolo26n/conv94 is not running anymore, exiting..
[2026-09-08 11:46:40.200] [9435] [HailoRT] [info] [queue_elements.cpp:46] [~BaseQueueElement] Queue element PullQEl_hw_read0yolo26n/conv94 has 0 frames in his Queue on destruction
[2026-09-08 11:46:40.200] [2462] [HailoRT] [info] [queue_elements.cpp:68] [operator()] Thread in element UserBuffQEl0yolo26n/conv94 is not running anymore, exiting..
[2026-09-08 11:46:40.200] [9435] [HailoRT] [info] [queue_elements.cpp:46] [~BaseQueueElement] Queue element UserBuffQEl0yolo26n/conv94 has 0 frames in his Queue on destruction
[2026-09-08 11:52:23.593] [10599] [HailoRT] [info] [vdevice.cpp:535] [create] Creating vdevice with params: device_count: 1, scheduling_algorithm: NONE, multi_process_service: false
[2026-09-08 11:52:23.606] [10599] [HailoRT] [info] [device.cpp:51] [Device] OS Version: Linux 6.18.39+rpt-rpi-2712 #1 SMP PREEMPT Debian 1:6.18.39-1+rpt1 (2026-07-29) aarch64
[2026-09-08 11:52:23.606] [10599] [HailoRT] [info] [control.cpp:113] [control__parse_identify_results] firmware_version is: 4.23.0
[2026-09-08 11:52:23.606] [10599] [HailoRT] [info] [vdevice.cpp:682] [create] VDevice Infos: 0001:01:00.0
[2026-09-08 11:52:23.614] [10599] [HailoRT] [info] [internal_buffer_manager.cpp:77] [print_execution_results] Planned internal buffer memory: CMA=0 CMA-Desc=917504 Pinned=2956800. memory to edge layer usage factor is 0.9621793
[2026-09-08 11:52:23.614] [10599] [HailoRT] [info] [internal_buffer_manager.cpp:86] [print_execution_results] Default Internal buffer planner executed successfully
[2026-09-08 11:52:23.649] [10599] [HailoRT] [info] [device_internal.cpp:57] [configure] Configuring HEF took 42.445587 milliseconds
[2026-09-08 11:52:23.649] [10599] [HailoRT] [info] [vdevice.cpp:780] [configure] Configuring HEF on VDevice took 42.758774 milliseconds
[2026-09-08 11:52:23.649] [10599] [HailoRT] [info] [hef.cpp:1994] [get_network_group_and_network_name] No name was given. Addressing all networks of default network_group: yolo26n
[2026-09-08 11:52:23.649] [10599] [HailoRT] [info] [hef.cpp:1994] [get_network_group_and_network_name] No name was given. Addressing all networks of default network_group: yolo26n
[2026-09-08 11:52:23.649] [10599] [HailoRT] [info] [edge_elements.cpp:52] [create] Created (HwWriteEl2yolo26n/input_layer1 | hw_frame_size: 2211840)
[2026-09-08 11:52:23.649] [10599] [HailoRT] [info] [vstream.cpp:754] [InputVStreamImpl] Creating yolo26n/input_layer1...
[2026-09-08 11:52:23.649] [10599] [HailoRT] [info] [vstream_builder.cpp:102] [create_inputs] Input pipeline 'yolo26n/input_layer1': (HwWriteEl2yolo26n/input_layer1 | hw_frame_size: 2211840) >> HW
[2026-09-08 11:52:23.649] [10599] [HailoRT] [info] [edge_elements.cpp:287] [create] Created (HwReadEl3yolo26n/conv61 | hw_frame_size: 92160)
[2026-09-08 11:52:23.649] [10599] [HailoRT] [info] [queue_elements.cpp:657] [create] Created (PullQEl_hw_read3yolo26n/conv61)
[2026-09-08 11:52:23.649] [10599] [HailoRT] [info] [filter_elements.cpp:372] [create] Created (PostInferEl3yolo26n/conv61 | Quantization - src_type: UINT16, dst_type FLOAT32, limvals_min: -0.881752, limvals_max: 6.27869)
[2026-09-08 11:52:23.649] [10599] [HailoRT] [info] [queue_elements.cpp:800] [create] Created (UserBuffQEl3yolo26n/conv61 | timeout: 10s)
[2026-09-08 11:52:23.649] [10599] [HailoRT] [info] [vstream.cpp:1114] [OutputVStreamImpl] Creating yolo26n/conv61...
[2026-09-08 11:52:23.649] [10599] [HailoRT] [info] [vstream_builder.cpp:220] [create_outputs] Output pipeline 'yolo26n/conv61': HW >> (HwReadEl3yolo26n/conv61 | hw_frame_size: 92160) >> (PullQEl_hw_read3yolo26n/conv61) >> (PostInferEl3yolo26n/conv61 | Quantization - src_type: UINT16, dst_type FLOAT32, limvals_min: -0.881752, limvals_max: 6.27869) >> (UserBuffQEl3yolo26n/conv61 | timeout: 10s)
[2026-09-08 11:52:23.649] [10599] [HailoRT] [info] [edge_elements.cpp:287] [create] Created (HwReadEl2yolo26n/conv64 | hw_frame_size: 23040)
[2026-09-08 11:52:23.649] [10599] [HailoRT] [info] [queue_elements.cpp:657] [create] Created (PullQEl_hw_read2yolo26n/conv64)
[2026-09-08 11:52:23.649] [10599] [HailoRT] [info] [filter_elements.cpp:372] [create] Created (PostInferEl2yolo26n/conv64 | Quantization - src_type: UINT16, dst_type FLOAT32, limvals_min: -164.817, limvals_max: 3.19963)
[2026-09-08 11:52:23.649] [10599] [HailoRT] [info] [queue_elements.cpp:800] [create] Created (UserBuffQEl2yolo26n/conv64 | timeout: 10s)
[2026-09-08 11:52:23.649] [10599] [HailoRT] [info] [vstream.cpp:1114] [OutputVStreamImpl] Creating yolo26n/conv64...
[2026-09-08 11:52:23.649] [10599] [HailoRT] [info] [vstream_builder.cpp:220] [create_outputs] Output pipeline 'yolo26n/conv64': HW >> (HwReadEl2yolo26n/conv64 | hw_frame_size: 23040) >> (PullQEl_hw_read2yolo26n/conv64) >> (PostInferEl2yolo26n/conv64 | Quantization - src_type: UINT16, dst_type FLOAT32, limvals_min: -164.817, limvals_max: 3.19963) >> (UserBuffQEl2yolo26n/conv64 | timeout: 10s)
[2026-09-08 11:52:23.649] [10599] [HailoRT] [info] [edge_elements.cpp:287] [create] Created (HwReadEl2yolo26n/conv77 | hw_frame_size: 23040)
[2026-09-08 11:52:23.650] [10599] [HailoRT] [info] [queue_elements.cpp:657] [create] Created (PullQEl_hw_read2yolo26n/conv77)
[2026-09-08 11:52:23.650] [10599] [HailoRT] [info] [filter_elements.cpp:372] [create] Created (PostInferEl2yolo26n/conv77 | Quantization - src_type: UINT16, dst_type FLOAT32, limvals_min: -0.67052, limvals_max: 17.2357)
[2026-09-08 11:52:23.650] [10599] [HailoRT] [info] [queue_elements.cpp:800] [create] Created (UserBuffQEl2yolo26n/conv77 | timeout: 10s)
[2026-09-08 11:52:23.650] [10599] [HailoRT] [info] [vstream.cpp:1114] [OutputVStreamImpl] Creating yolo26n/conv77...
[2026-09-08 11:52:23.650] [10599] [HailoRT] [info] [vstream_builder.cpp:220] [create_outputs] Output pipeline 'yolo26n/conv77': HW >> (HwReadEl2yolo26n/conv77 | hw_frame_size: 23040) >> (PullQEl_hw_read2yolo26n/conv77) >> (PostInferEl2yolo26n/conv77 | Quantization - src_type: UINT16, dst_type FLOAT32, limvals_min: -0.67052, limvals_max: 17.2357) >> (UserBuffQEl2yolo26n/conv77 | timeout: 10s)
[2026-09-08 11:52:23.650] [10599] [HailoRT] [info] [edge_elements.cpp:287] [create] Created (HwReadEl0yolo26n/conv80 | hw_frame_size: 5760)
[2026-09-08 11:52:23.650] [10599] [HailoRT] [info] [queue_elements.cpp:657] [create] Created (PullQEl_hw_read0yolo26n/conv80)
[2026-09-08 11:52:23.650] [10599] [HailoRT] [info] [filter_elements.cpp:372] [create] Created (PostInferEl0yolo26n/conv80 | Quantization - src_type: UINT16, dst_type FLOAT32, limvals_min: -67.4827, limvals_max: 0)
[2026-09-08 11:52:23.650] [10599] [HailoRT] [info] [queue_elements.cpp:800] [create] Created (UserBuffQEl0yolo26n/conv80 | timeout: 10s)
[2026-09-08 11:52:23.650] [10599] [HailoRT] [info] [vstream.cpp:1114] [OutputVStreamImpl] Creating yolo26n/conv80...
[2026-09-08 11:52:23.650] [10599] [HailoRT] [info] [vstream_builder.cpp:220] [create_outputs] Output pipeline 'yolo26n/conv80': HW >> (HwReadEl0yolo26n/conv80 | hw_frame_size: 5760) >> (PullQEl_hw_read0yolo26n/conv80) >> (PostInferEl0yolo26n/conv80 | Quantization - src_type: UINT16, dst_type FLOAT32, limvals_min: -67.4827, limvals_max: 0) >> (UserBuffQEl0yolo26n/conv80 | timeout: 10s)
[2026-09-08 11:52:23.650] [10599] [HailoRT] [info] [edge_elements.cpp:287] [create] Created (HwReadEl3yolo26n/conv91 | hw_frame_size: 11520)
[2026-09-08 11:52:23.650] [10599] [HailoRT] [info] [queue_elements.cpp:657] [create] Created (PullQEl_hw_read3yolo26n/conv91)
[2026-09-08 11:52:23.650] [10599] [HailoRT] [info] [filter_elements.cpp:372] [create] Created (PostInferEl3yolo26n/conv91 | Quantization - src_type: UINT16, dst_type FLOAT32, limvals_min: 0, limvals_max: 8.46146 | Reorder - src_order: FCR, src_shape: (20, 36, 8), dst_order: FCR, dst_shape: (20, 36, 4))
[2026-09-08 11:52:23.650] [10599] [HailoRT] [info] [queue_elements.cpp:800] [create] Created (UserBuffQEl3yolo26n/conv91 | timeout: 10s)
[2026-09-08 11:52:23.650] [10599] [HailoRT] [info] [vstream.cpp:1114] [OutputVStreamImpl] Creating yolo26n/conv91...
[2026-09-08 11:52:23.650] [10599] [HailoRT] [info] [vstream_builder.cpp:220] [create_outputs] Output pipeline 'yolo26n/conv91': HW >> (HwReadEl3yolo26n/conv91 | hw_frame_size: 11520) >> (PullQEl_hw_read3yolo26n/conv91) >> (PostInferEl3yolo26n/conv91 | Quantization - src_type: UINT16, dst_type FLOAT32, limvals_min: 0, limvals_max: 8.46146 | Reorder - src_order: FCR, src_shape: (20, 36, 8), dst_order: FCR, dst_shape: (20, 36, 4)) >> (UserBuffQEl3yolo26n/conv91 | timeout: 10s)
[2026-09-08 11:52:23.650] [10599] [HailoRT] [info] [edge_elements.cpp:287] [create] Created (HwReadEl0yolo26n/conv94 | hw_frame_size: 11520)
[2026-09-08 11:52:23.650] [10599] [HailoRT] [info] [queue_elements.cpp:657] [create] Created (PullQEl_hw_read0yolo26n/conv94)
[2026-09-08 11:52:23.650] [10599] [HailoRT] [info] [filter_elements.cpp:372] [create] Created (PostInferEl0yolo26n/conv94 | Quantization - src_type: UINT16, dst_type FLOAT32, limvals_min: -64.0772, limvals_max: 0 | Reorder - src_order: FCR, src_shape: (20, 36, 8), dst_order: FCR, dst_shape: (20, 36, 1))
[2026-09-08 11:52:23.650] [10599] [HailoRT] [info] [queue_elements.cpp:800] [create] Created (UserBuffQEl0yolo26n/conv94 | timeout: 10s)
[2026-09-08 11:52:23.650] [10599] [HailoRT] [info] [vstream.cpp:1114] [OutputVStreamImpl] Creating yolo26n/conv94...
[2026-09-08 11:52:23.650] [10599] [HailoRT] [info] [vstream_builder.cpp:220] [create_outputs] Output pipeline 'yolo26n/conv94': HW >> (HwReadEl0yolo26n/conv94 | hw_frame_size: 11520) >> (PullQEl_hw_read0yolo26n/conv94) >> (PostInferEl0yolo26n/conv94 | Quantization - src_type: UINT16, dst_type FLOAT32, limvals_min: -64.0772, limvals_max: 0 | Reorder - src_order: FCR, src_shape: (20, 36, 8), dst_order: FCR, dst_shape: (20, 36, 1)) >> (UserBuffQEl0yolo26n/conv94 | timeout: 10s)
[2026-09-08 11:52:23.651] [10599] [HailoRT] [info] [core_op.cpp:156] [activate] Activating yolo26n took 0.474974 milliseconds. Note that the function is asynchronous and thus the network is not fully activated yet.
[2026-09-08 11:52:23.651] [10599] [HailoRT] [info] [core_op.cpp:156] [activate] Activating yolo26n took 0.484529 milliseconds. Note that the function is asynchronous and thus the network is not fully activated yet.
[2026-09-08 11:54:24.524] [10637] [HailoRT] [info] [vdevice_native_stream.cpp:331] [read_impl] Failed read from stream HAILO_STREAM_NOT_ACTIVATED(72) (device: 0001:01:00.0)
[2026-09-08 11:54:24.524] [10641] [HailoRT] [info] [vdevice_native_stream.cpp:331] [read_impl] Failed read from stream HAILO_STREAM_NOT_ACTIVATED(72) (device: 0001:01:00.0)
[2026-09-08 11:54:24.524] [10639] [HailoRT] [info] [vdevice_native_stream.cpp:331] [read_impl] Failed read from stream HAILO_STREAM_NOT_ACTIVATED(72) (device: 0001:01:00.0)
[2026-09-08 11:54:24.524] [10643] [HailoRT] [info] [vdevice_native_stream.cpp:331] [read_impl] Failed read from stream HAILO_STREAM_NOT_ACTIVATED(72) (device: 0001:01:00.0)
[2026-09-08 11:54:24.524] [10647] [HailoRT] [info] [vdevice_native_stream.cpp:331] [read_impl] Failed read from stream HAILO_STREAM_NOT_ACTIVATED(72) (device: 0001:01:00.0)
[2026-09-08 11:54:24.524] [10645] [HailoRT] [info] [vdevice_native_stream.cpp:331] [read_impl] Failed read from stream HAILO_STREAM_NOT_ACTIVATED(72) (device: 0001:01:00.0)
[2026-09-08 11:54:24.525] [39482] [HailoRT] [info] [core_op.cpp:186] [deactivate] Deactivating took 0.539051 ms
[2026-09-08 11:54:24.525] [39482] [HailoRT] [info] [core_op.cpp:186] [deactivate] Deactivating took 0.557753 ms
[2026-09-08 11:54:24.525] [10638] [HailoRT] [info] [queue_elements.cpp:855] [run_in_thread] Shutdown event was signaled in dequeue of UserBuffQEl3yolo26n/conv61!
[2026-09-08 11:54:24.525] [10637] [HailoRT] [info] [queue_elements.cpp:734] [run_in_thread] Shutdown event was signaled in run_pull of queue element PullQEl_hw_read3yolo26n/conv61!
[2026-09-08 11:54:24.525] [10637] [HailoRT] [info] [queue_elements.cpp:68] [operator()] Thread in element PullQEl_hw_read3yolo26n/conv61 is not running anymore, exiting..
[2026-09-08 11:54:24.525] [39482] [HailoRT] [info] [queue_elements.cpp:46] [~BaseQueueElement] Queue element PullQEl_hw_read3yolo26n/conv61 has 0 frames in his Queue on destruction
[2026-09-08 11:54:24.525] [10638] [HailoRT] [info] [queue_elements.cpp:68] [operator()] Thread in element UserBuffQEl3yolo26n/conv61 is not running anymore, exiting..
[2026-09-08 11:54:24.525] [39482] [HailoRT] [info] [queue_elements.cpp:46] [~BaseQueueElement] Queue element UserBuffQEl3yolo26n/conv61 has 0 frames in his Queue on destruction
[2026-09-08 11:54:24.525] [10640] [HailoRT] [info] [queue_elements.cpp:855] [run_in_thread] Shutdown event was signaled in dequeue of UserBuffQEl2yolo26n/conv64!
[2026-09-08 11:54:24.525] [10639] [HailoRT] [info] [queue_elements.cpp:734] [run_in_thread] Shutdown event was signaled in run_pull of queue element PullQEl_hw_read2yolo26n/conv64!
[2026-09-08 11:54:24.525] [10639] [HailoRT] [info] [queue_elements.cpp:68] [operator()] Thread in element PullQEl_hw_read2yolo26n/conv64 is not running anymore, exiting..
[2026-09-08 11:54:24.525] [39482] [HailoRT] [info] [queue_elements.cpp:46] [~BaseQueueElement] Queue element PullQEl_hw_read2yolo26n/conv64 has 0 frames in his Queue on destruction
[2026-09-08 11:54:24.525] [10640] [HailoRT] [info] [queue_elements.cpp:68] [operator()] Thread in element UserBuffQEl2yolo26n/conv64 is not running anymore, exiting..
[2026-09-08 11:54:24.525] [39482] [HailoRT] [info] [queue_elements.cpp:46] [~BaseQueueElement] Queue element UserBuffQEl2yolo26n/conv64 has 0 frames in his Queue on destruction
[2026-09-08 11:54:24.525] [10642] [HailoRT] [info] [queue_elements.cpp:855] [run_in_thread] Shutdown event was signaled in dequeue of UserBuffQEl2yolo26n/conv77!
[2026-09-08 11:54:24.525] [10641] [HailoRT] [info] [queue_elements.cpp:734] [run_in_thread] Shutdown event was signaled in run_pull of queue element PullQEl_hw_read2yolo26n/conv77!
[2026-09-08 11:54:24.525] [10641] [HailoRT] [info] [queue_elements.cpp:68] [operator()] Thread in element PullQEl_hw_read2yolo26n/conv77 is not running anymore, exiting..
[2026-09-08 11:54:24.525] [39482] [HailoRT] [info] [queue_elements.cpp:46] [~BaseQueueElement] Queue element PullQEl_hw_read2yolo26n/conv77 has 0 frames in his Queue on destruction
[2026-09-08 11:54:24.525] [10642] [HailoRT] [info] [queue_elements.cpp:68] [operator()] Thread in element UserBuffQEl2yolo26n/conv77 is not running anymore, exiting..
[2026-09-08 11:54:24.525] [39482] [HailoRT] [info] [queue_elements.cpp:46] [~BaseQueueElement] Queue element UserBuffQEl2yolo26n/conv77 has 0 frames in his Queue on destruction
[2026-09-08 11:54:24.525] [10643] [HailoRT] [info] [queue_elements.cpp:734] [run_in_thread] Shutdown event was signaled in run_pull of queue element PullQEl_hw_read0yolo26n/conv80!
[2026-09-08 11:54:24.525] [10644] [HailoRT] [info] [queue_elements.cpp:855] [run_in_thread] Shutdown event was signaled in dequeue of UserBuffQEl0yolo26n/conv80!
[2026-09-08 11:54:24.525] [10643] [HailoRT] [info] [queue_elements.cpp:68] [operator()] Thread in element PullQEl_hw_read0yolo26n/conv80 is not running anymore, exiting..
[2026-09-08 11:54:24.525] [39482] [HailoRT] [info] [queue_elements.cpp:46] [~BaseQueueElement] Queue element PullQEl_hw_read0yolo26n/conv80 has 0 frames in his Queue on destruction
[2026-09-08 11:54:24.525] [10644] [HailoRT] [info] [queue_elements.cpp:68] [operator()] Thread in element UserBuffQEl0yolo26n/conv80 is not running anymore, exiting..
[2026-09-08 11:54:24.525] [39482] [HailoRT] [info] [queue_elements.cpp:46] [~BaseQueueElement] Queue element UserBuffQEl0yolo26n/conv80 has 0 frames in his Queue on destruction
[2026-09-08 11:54:24.525] [10645] [HailoRT] [info] [queue_elements.cpp:734] [run_in_thread] Shutdown event was signaled in run_pull of queue element PullQEl_hw_read3yolo26n/conv91!
[2026-09-08 11:54:24.525] [10646] [HailoRT] [info] [queue_elements.cpp:855] [run_in_thread] Shutdown event was signaled in dequeue of UserBuffQEl3yolo26n/conv91!
[2026-09-08 11:54:24.526] [10645] [HailoRT] [info] [queue_elements.cpp:68] [operator()] Thread in element PullQEl_hw_read3yolo26n/conv91 is not running anymore, exiting..
[2026-09-08 11:54:24.526] [39482] [HailoRT] [info] [queue_elements.cpp:46] [~BaseQueueElement] Queue element PullQEl_hw_read3yolo26n/conv91 has 0 frames in his Queue on destruction
[2026-09-08 11:54:24.526] [10646] [HailoRT] [info] [queue_elements.cpp:68] [operator()] Thread in element UserBuffQEl3yolo26n/conv91 is not running anymore, exiting..
[2026-09-08 11:54:24.526] [39482] [HailoRT] [info] [queue_elements.cpp:46] [~BaseQueueElement] Queue element UserBuffQEl3yolo26n/conv91 has 0 frames in his Queue on destruction
[2026-09-08 11:54:24.526] [10648] [HailoRT] [info] [queue_elements.cpp:855] [run_in_thread] Shutdown event was signaled in dequeue of UserBuffQEl0yolo26n/conv94!
[2026-09-08 11:54:24.526] [10647] [HailoRT] [info] [queue_elements.cpp:734] [run_in_thread] Shutdown event was signaled in run_pull of queue element PullQEl_hw_read0yolo26n/conv94!
[2026-09-08 11:54:24.526] [10647] [HailoRT] [info] [queue_elements.cpp:68] [operator()] Thread in element PullQEl_hw_read0yolo26n/conv94 is not running anymore, exiting..
[2026-09-08 11:54:24.526] [39482] [HailoRT] [info] [queue_elements.cpp:46] [~BaseQueueElement] Queue element PullQEl_hw_read0yolo26n/conv94 has 0 frames in his Queue on destruction
[2026-09-08 11:54:24.526] [10648] [HailoRT] [info] [queue_elements.cpp:68] [operator()] Thread in element UserBuffQEl0yolo26n/conv94 is not running anymore, exiting..
[2026-09-08 11:54:24.526] [39482] [HailoRT] [info] [queue_elements.cpp:46] [~BaseQueueElement] Queue element UserBuffQEl0yolo26n/conv94 has 0 frames in his Queue on destruction
[2026-09-08 12:00:36.194] [40215] [HailoRT] [info] [vdevice.cpp:535] [create] Creating vdevice with params: device_count: 1, scheduling_algorithm: NONE, multi_process_service: false
[2026-09-08 12:00:36.206] [40215] [HailoRT] [info] [device.cpp:51] [Device] OS Version: Linux 6.18.39+rpt-rpi-2712 #1 SMP PREEMPT Debian 1:6.18.39-1+rpt1 (2026-07-29) aarch64
[2026-09-08 12:00:36.206] [40215] [HailoRT] [info] [control.cpp:113] [control__parse_identify_results] firmware_version is: 4.23.0
[2026-09-08 12:00:36.206] [40215] [HailoRT] [info] [vdevice.cpp:682] [create] VDevice Infos: 0001:01:00.0
[2026-09-08 12:00:36.215] [40215] [HailoRT] [info] [internal_buffer_manager.cpp:77] [print_execution_results] Planned internal buffer memory: CMA=0 CMA-Desc=917504 Pinned=2956800. memory to edge layer usage factor is 0.9621793
[2026-09-08 12:00:36.215] [40215] [HailoRT] [info] [internal_buffer_manager.cpp:86] [print_execution_results] Default Internal buffer planner executed successfully
[2026-09-08 12:00:36.252] [40215] [HailoRT] [info] [device_internal.cpp:57] [configure] Configuring HEF took 45.529569 milliseconds
[2026-09-08 12:00:36.252] [40215] [HailoRT] [info] [vdevice.cpp:780] [configure] Configuring HEF on VDevice took 45.83322 milliseconds
[2026-09-08 12:00:36.252] [40215] [HailoRT] [info] [hef.cpp:1994] [get_network_group_and_network_name] No name was given. Addressing all networks of default network_group: yolo26n
[2026-09-08 12:00:36.252] [40215] [HailoRT] [info] [hef.cpp:1994] [get_network_group_and_network_name] No name was given. Addressing all networks of default network_group: yolo26n
[2026-09-08 12:00:36.253] [40215] [HailoRT] [info] [edge_elements.cpp:52] [create] Created (HwWriteEl2yolo26n/input_layer1 | hw_frame_size: 2211840)
[2026-09-08 12:00:36.253] [40215] [HailoRT] [info] [vstream.cpp:754] [InputVStreamImpl] Creating yolo26n/input_layer1...
[2026-09-08 12:00:36.253] [40215] [HailoRT] [info] [vstream_builder.cpp:102] [create_inputs] Input pipeline 'yolo26n/input_layer1': (HwWriteEl2yolo26n/input_layer1 | hw_frame_size: 2211840) >> HW
[2026-09-08 12:00:36.253] [40215] [HailoRT] [info] [edge_elements.cpp:287] [create] Created (HwReadEl3yolo26n/conv61 | hw_frame_size: 92160)
[2026-09-08 12:00:36.253] [40215] [HailoRT] [info] [queue_elements.cpp:657] [create] Created (PullQEl_hw_read3yolo26n/conv61)
[2026-09-08 12:00:36.253] [40215] [HailoRT] [info] [filter_elements.cpp:372] [create] Created (PostInferEl3yolo26n/conv61 | Quantization - src_type: UINT16, dst_type FLOAT32, limvals_min: -0.881752, limvals_max: 6.27869)
[2026-09-08 12:00:36.253] [40215] [HailoRT] [info] [queue_elements.cpp:800] [create] Created (UserBuffQEl3yolo26n/conv61 | timeout: 10s)
[2026-09-08 12:00:36.253] [40215] [HailoRT] [info] [vstream.cpp:1114] [OutputVStreamImpl] Creating yolo26n/conv61...
[2026-09-08 12:00:36.253] [40215] [HailoRT] [info] [vstream_builder.cpp:220] [create_outputs] Output pipeline 'yolo26n/conv61': HW >> (HwReadEl3yolo26n/conv61 | hw_frame_size: 92160) >> (PullQEl_hw_read3yolo26n/conv61) >> (PostInferEl3yolo26n/conv61 | Quantization - src_type: UINT16, dst_type FLOAT32, limvals_min: -0.881752, limvals_max: 6.27869) >> (UserBuffQEl3yolo26n/conv61 | timeout: 10s)
[2026-09-08 12:00:36.253] [40215] [HailoRT] [info] [edge_elements.cpp:287] [create] Created (HwReadEl2yolo26n/conv64 | hw_frame_size: 23040)
[2026-09-08 12:00:36.253] [40215] [HailoRT] [info] [queue_elements.cpp:657] [create] Created (PullQEl_hw_read2yolo26n/conv64)
[2026-09-08 12:00:36.253] [40215] [HailoRT] [info] [filter_elements.cpp:372] [create] Created (PostInferEl2yolo26n/conv64 | Quantization - src_type: UINT16, dst_type FLOAT32, limvals_min: -164.817, limvals_max: 3.19963)
[2026-09-08 12:00:36.253] [40215] [HailoRT] [info] [queue_elements.cpp:800] [create] Created (UserBuffQEl2yolo26n/conv64 | timeout: 10s)
[2026-09-08 12:00:36.253] [40215] [HailoRT] [info] [vstream.cpp:1114] [OutputVStreamImpl] Creating yolo26n/conv64...
[2026-09-08 12:00:36.253] [40215] [HailoRT] [info] [vstream_builder.cpp:220] [create_outputs] Output pipeline 'yolo26n/conv64': HW >> (HwReadEl2yolo26n/conv64 | hw_frame_size: 23040) >> (PullQEl_hw_read2yolo26n/conv64) >> (PostInferEl2yolo26n/conv64 | Quantization - src_type: UINT16, dst_type FLOAT32, limvals_min: -164.817, limvals_max: 3.19963) >> (UserBuffQEl2yolo26n/conv64 | timeout: 10s)
[2026-09-08 12:00:36.254] [40215] [HailoRT] [info] [edge_elements.cpp:287] [create] Created (HwReadEl2yolo26n/conv77 | hw_frame_size: 23040)
[2026-09-08 12:00:36.254] [40215] [HailoRT] [info] [queue_elements.cpp:657] [create] Created (PullQEl_hw_read2yolo26n/conv77)
[2026-09-08 12:00:36.254] [40215] [HailoRT] [info] [filter_elements.cpp:372] [create] Created (PostInferEl2yolo26n/conv77 | Quantization - src_type: UINT16, dst_type FLOAT32, limvals_min: -0.67052, limvals_max: 17.2357)
[2026-09-08 12:00:36.254] [40215] [HailoRT] [info] [queue_elements.cpp:800] [create] Created (UserBuffQEl2yolo26n/conv77 | timeout: 10s)
[2026-09-08 12:00:36.254] [40215] [HailoRT] [info] [vstream.cpp:1114] [OutputVStreamImpl] Creating yolo26n/conv77...
[2026-09-08 12:00:36.254] [40215] [HailoRT] [info] [vstream_builder.cpp:220] [create_outputs] Output pipeline 'yolo26n/conv77': HW >> (HwReadEl2yolo26n/conv77 | hw_frame_size: 23040) >> (PullQEl_hw_read2yolo26n/conv77) >> (PostInferEl2yolo26n/conv77 | Quantization - src_type: UINT16, dst_type FLOAT32, limvals_min: -0.67052, limvals_max: 17.2357) >> (UserBuffQEl2yolo26n/conv77 | timeout: 10s)
[2026-09-08 12:00:36.254] [40215] [HailoRT] [info] [edge_elements.cpp:287] [create] Created (HwReadEl0yolo26n/conv80 | hw_frame_size: 5760)
[2026-09-08 12:00:36.254] [40215] [HailoRT] [info] [queue_elements.cpp:657] [create] Created (PullQEl_hw_read0yolo26n/conv80)
[2026-09-08 12:00:36.254] [40215] [HailoRT] [info] [filter_elements.cpp:372] [create] Created (PostInferEl0yolo26n/conv80 | Quantization - src_type: UINT16, dst_type FLOAT32, limvals_min: -67.4827, limvals_max: 0)
[2026-09-08 12:00:36.254] [40215] [HailoRT] [info] [queue_elements.cpp:800] [create] Created (UserBuffQEl0yolo26n/conv80 | timeout: 10s)
[2026-09-08 12:00:36.254] [40215] [HailoRT] [info] [vstream.cpp:1114] [OutputVStreamImpl] Creating yolo26n/conv80...
[2026-09-08 12:00:36.254] [40215] [HailoRT] [info] [vstream_builder.cpp:220] [create_outputs] Output pipeline 'yolo26n/conv80': HW >> (HwReadEl0yolo26n/conv80 | hw_frame_size: 5760) >> (PullQEl_hw_read0yolo26n/conv80) >> (PostInferEl0yolo26n/conv80 | Quantization - src_type: UINT16, dst_type FLOAT32, limvals_min: -67.4827, limvals_max: 0) >> (UserBuffQEl0yolo26n/conv80 | timeout: 10s)
[2026-09-08 12:00:36.254] [40215] [HailoRT] [info] [edge_elements.cpp:287] [create] Created (HwReadEl3yolo26n/conv91 | hw_frame_size: 11520)
[2026-09-08 12:00:36.254] [40215] [HailoRT] [info] [queue_elements.cpp:657] [create] Created (PullQEl_hw_read3yolo26n/conv91)
[2026-09-08 12:00:36.254] [40215] [HailoRT] [info] [filter_elements.cpp:372] [create] Created (PostInferEl3yolo26n/conv91 | Quantization - src_type: UINT16, dst_type FLOAT32, limvals_min: 0, limvals_max: 8.46146 | Reorder - src_order: FCR, src_shape: (20, 36, 8), dst_order: FCR, dst_shape: (20, 36, 4))
[2026-09-08 12:00:36.254] [40215] [HailoRT] [info] [queue_elements.cpp:800] [create] Created (UserBuffQEl3yolo26n/conv91 | timeout: 10s)
[2026-09-08 12:00:36.254] [40215] [HailoRT] [info] [vstream.cpp:1114] [OutputVStreamImpl] Creating yolo26n/conv91...
[2026-09-08 12:00:36.254] [40215] [HailoRT] [info] [vstream_builder.cpp:220] [create_outputs] Output pipeline 'yolo26n/conv91': HW >> (HwReadEl3yolo26n/conv91 | hw_frame_size: 11520) >> (PullQEl_hw_read3yolo26n/conv91) >> (PostInferEl3yolo26n/conv91 | Quantization - src_type: UINT16, dst_type FLOAT32, limvals_min: 0, limvals_max: 8.46146 | Reorder - src_order: FCR, src_shape: (20, 36, 8), dst_order: FCR, dst_shape: (20, 36, 4)) >> (UserBuffQEl3yolo26n/conv91 | timeout: 10s)
[2026-09-08 12:00:36.254] [40215] [HailoRT] [info] [edge_elements.cpp:287] [create] Created (HwReadEl0yolo26n/conv94 | hw_frame_size: 11520)
[2026-09-08 12:00:36.254] [40215] [HailoRT] [info] [queue_elements.cpp:657] [create] Created (PullQEl_hw_read0yolo26n/conv94)
[2026-09-08 12:00:36.254] [40215] [HailoRT] [info] [filter_elements.cpp:372] [create] Created (PostInferEl0yolo26n/conv94 | Quantization - src_type: UINT16, dst_type FLOAT32, limvals_min: -64.0772, limvals_max: 0 | Reorder - src_order: FCR, src_shape: (20, 36, 8), dst_order: FCR, dst_shape: (20, 36, 1))
[2026-09-08 12:00:36.255] [40215] [HailoRT] [info] [queue_elements.cpp:800] [create] Created (UserBuffQEl0yolo26n/conv94 | timeout: 10s)
[2026-09-08 12:00:36.255] [40215] [HailoRT] [info] [vstream.cpp:1114] [OutputVStreamImpl] Creating yolo26n/conv94...
[2026-09-08 12:00:36.255] [40215] [HailoRT] [info] [vstream_builder.cpp:220] [create_outputs] Output pipeline 'yolo26n/conv94': HW >> (HwReadEl0yolo26n/conv94 | hw_frame_size: 11520) >> (PullQEl_hw_read0yolo26n/conv94) >> (PostInferEl0yolo26n/conv94 | Quantization - src_type: UINT16, dst_type FLOAT32, limvals_min: -64.0772, limvals_max: 0 | Reorder - src_order: FCR, src_shape: (20, 36, 8), dst_order: FCR, dst_shape: (20, 36, 1)) >> (UserBuffQEl0yolo26n/conv94 | timeout: 10s)
[2026-09-08 12:00:36.255] [40215] [HailoRT] [info] [core_op.cpp:156] [activate] Activating yolo26n took 0.464301 milliseconds. Note that the function is asynchronous and thus the network is not fully activated yet.
[2026-09-08 12:00:36.255] [40215] [HailoRT] [info] [core_op.cpp:156] [activate] Activating yolo26n took 0.472134 milliseconds. Note that the function is asynchronous and thus the network is not fully activated yet.
[2026-09-08 12:02:07.310] [40254] [HailoRT] [info] [vdevice_native_stream.cpp:331] [read_impl] Failed read from stream HAILO_STREAM_NOT_ACTIVATED(72) (device: 0001:01:00.0)
[2026-09-08 12:02:07.310] [40264] [HailoRT] [info] [vdevice_native_stream.cpp:331] [read_impl] Failed read from stream HAILO_STREAM_NOT_ACTIVATED(72) (device: 0001:01:00.0)
[2026-09-08 12:02:07.310] [40262] [HailoRT] [info] [vdevice_native_stream.cpp:331] [read_impl] Failed read from stream HAILO_STREAM_NOT_ACTIVATED(72) (device: 0001:01:00.0)
[2026-09-08 12:02:07.310] [40258] [HailoRT] [info] [vdevice_native_stream.cpp:331] [read_impl] Failed read from stream HAILO_STREAM_NOT_ACTIVATED(72) (device: 0001:01:00.0)
[2026-09-08 12:02:07.310] [40260] [HailoRT] [info] [vdevice_native_stream.cpp:331] [read_impl] Failed read from stream HAILO_STREAM_NOT_ACTIVATED(72) (device: 0001:01:00.0)
[2026-09-08 12:02:07.310] [40256] [HailoRT] [info] [vdevice_native_stream.cpp:331] [read_impl] Failed read from stream HAILO_STREAM_NOT_ACTIVATED(72) (device: 0001:01:00.0)
[2026-09-08 12:02:07.310] [60448] [HailoRT] [info] [core_op.cpp:186] [deactivate] Deactivating took 0.497223 ms
[2026-09-08 12:02:07.310] [60448] [HailoRT] [info] [core_op.cpp:186] [deactivate] Deactivating took 0.511981 ms
[2026-09-08 12:02:07.310] [40254] [HailoRT] [info] [queue_elements.cpp:734] [run_in_thread] Shutdown event was signaled in run_pull of queue element PullQEl_hw_read3yolo26n/conv61!
[2026-09-08 12:02:07.310] [40255] [HailoRT] [info] [queue_elements.cpp:855] [run_in_thread] Shutdown event was signaled in dequeue of UserBuffQEl3yolo26n/conv61!
[2026-09-08 12:02:07.310] [40254] [HailoRT] [info] [queue_elements.cpp:68] [operator()] Thread in element PullQEl_hw_read3yolo26n/conv61 is not running anymore, exiting..
[2026-09-08 12:02:07.310] [60448] [HailoRT] [info] [queue_elements.cpp:46] [~BaseQueueElement] Queue element PullQEl_hw_read3yolo26n/conv61 has 0 frames in his Queue on destruction
[2026-09-08 12:02:07.310] [40255] [HailoRT] [info] [queue_elements.cpp:68] [operator()] Thread in element UserBuffQEl3yolo26n/conv61 is not running anymore, exiting..
[2026-09-08 12:02:07.310] [60448] [HailoRT] [info] [queue_elements.cpp:46] [~BaseQueueElement] Queue element UserBuffQEl3yolo26n/conv61 has 0 frames in his Queue on destruction
[2026-09-08 12:02:07.311] [40256] [HailoRT] [info] [queue_elements.cpp:734] [run_in_thread] Shutdown event was signaled in run_pull of queue element PullQEl_hw_read2yolo26n/conv64!
[2026-09-08 12:02:07.311] [40257] [HailoRT] [info] [queue_elements.cpp:855] [run_in_thread] Shutdown event was signaled in dequeue of UserBuffQEl2yolo26n/conv64!
[2026-09-08 12:02:07.311] [40256] [HailoRT] [info] [queue_elements.cpp:68] [operator()] Thread in element PullQEl_hw_read2yolo26n/conv64 is not running anymore, exiting..
[2026-09-08 12:02:07.311] [60448] [HailoRT] [info] [queue_elements.cpp:46] [~BaseQueueElement] Queue element PullQEl_hw_read2yolo26n/conv64 has 0 frames in his Queue on destruction
[2026-09-08 12:02:07.311] [40257] [HailoRT] [info] [queue_elements.cpp:68] [operator()] Thread in element UserBuffQEl2yolo26n/conv64 is not running anymore, exiting..
[2026-09-08 12:02:07.311] [60448] [HailoRT] [info] [queue_elements.cpp:46] [~BaseQueueElement] Queue element UserBuffQEl2yolo26n/conv64 has 0 frames in his Queue on destruction
[2026-09-08 12:02:07.311] [40258] [HailoRT] [info] [queue_elements.cpp:734] [run_in_thread] Shutdown event was signaled in run_pull of queue element PullQEl_hw_read2yolo26n/conv77!
[2026-09-08 12:02:07.311] [40259] [HailoRT] [info] [queue_elements.cpp:855] [run_in_thread] Shutdown event was signaled in dequeue of UserBuffQEl2yolo26n/conv77!
[2026-09-08 12:02:07.311] [40258] [HailoRT] [info] [queue_elements.cpp:68] [operator()] Thread in element PullQEl_hw_read2yolo26n/conv77 is not running anymore, exiting..
[2026-09-08 12:02:07.311] [60448] [HailoRT] [info] [queue_elements.cpp:46] [~BaseQueueElement] Queue element PullQEl_hw_read2yolo26n/conv77 has 0 frames in his Queue on destruction
[2026-09-08 12:02:07.311] [40259] [HailoRT] [info] [queue_elements.cpp:68] [operator()] Thread in element UserBuffQEl2yolo26n/conv77 is not running anymore, exiting..
[2026-09-08 12:02:07.311] [60448] [HailoRT] [info] [queue_elements.cpp:46] [~BaseQueueElement] Queue element UserBuffQEl2yolo26n/conv77 has 0 frames in his Queue on destruction
[2026-09-08 12:02:07.311] [40261] [HailoRT] [info] [queue_elements.cpp:855] [run_in_thread] Shutdown event was signaled in dequeue of UserBuffQEl0yolo26n/conv80!
[2026-09-08 12:02:07.311] [40260] [HailoRT] [info] [queue_elements.cpp:734] [run_in_thread] Shutdown event was signaled in run_pull of queue element PullQEl_hw_read0yolo26n/conv80!
[2026-09-08 12:02:07.311] [40260] [HailoRT] [info] [queue_elements.cpp:68] [operator()] Thread in element PullQEl_hw_read0yolo26n/conv80 is not running anymore, exiting..
[2026-09-08 12:02:07.311] [60448] [HailoRT] [info] [queue_elements.cpp:46] [~BaseQueueElement] Queue element PullQEl_hw_read0yolo26n/conv80 has 0 frames in his Queue on destruction
[2026-09-08 12:02:07.311] [40261] [HailoRT] [info] [queue_elements.cpp:68] [operator()] Thread in element UserBuffQEl0yolo26n/conv80 is not running anymore, exiting..
[2026-09-08 12:02:07.311] [60448] [HailoRT] [info] [queue_elements.cpp:46] [~BaseQueueElement] Queue element UserBuffQEl0yolo26n/conv80 has 0 frames in his Queue on destruction
[2026-09-08 12:02:07.311] [40263] [HailoRT] [info] [queue_elements.cpp:855] [run_in_thread] Shutdown event was signaled in dequeue of UserBuffQEl3yolo26n/conv91!
[2026-09-08 12:02:07.311] [40262] [HailoRT] [info] [queue_elements.cpp:734] [run_in_thread] Shutdown event was signaled in run_pull of queue element PullQEl_hw_read3yolo26n/conv91!
[2026-09-08 12:02:07.311] [40262] [HailoRT] [info] [queue_elements.cpp:68] [operator()] Thread in element PullQEl_hw_read3yolo26n/conv91 is not running anymore, exiting..
[2026-09-08 12:02:07.311] [60448] [HailoRT] [info] [queue_elements.cpp:46] [~BaseQueueElement] Queue element PullQEl_hw_read3yolo26n/conv91 has 0 frames in his Queue on destruction
[2026-09-08 12:02:07.311] [40263] [HailoRT] [info] [queue_elements.cpp:68] [operator()] Thread in element UserBuffQEl3yolo26n/conv91 is not running anymore, exiting..
[2026-09-08 12:02:07.311] [60448] [HailoRT] [info] [queue_elements.cpp:46] [~BaseQueueElement] Queue element UserBuffQEl3yolo26n/conv91 has 0 frames in his Queue on destruction
[2026-09-08 12:02:07.311] [40264] [HailoRT] [info] [queue_elements.cpp:734] [run_in_thread] Shutdown event was signaled in run_pull of queue element PullQEl_hw_read0yolo26n/conv94!
[2026-09-08 12:02:07.311] [40265] [HailoRT] [info] [queue_elements.cpp:855] [run_in_thread] Shutdown event was signaled in dequeue of UserBuffQEl0yolo26n/conv94!
[2026-09-08 12:02:07.311] [40264] [HailoRT] [info] [queue_elements.cpp:68] [operator()] Thread in element PullQEl_hw_read0yolo26n/conv94 is not running anymore, exiting..
[2026-09-08 12:02:07.311] [60448] [HailoRT] [info] [queue_elements.cpp:46] [~BaseQueueElement] Queue element PullQEl_hw_read0yolo26n/conv94 has 0 frames in his Queue on destruction
[2026-09-08 12:02:07.311] [40265] [HailoRT] [info] [queue_elements.cpp:68] [operator()] Thread in element UserBuffQEl0yolo26n/conv94 is not running anymore, exiting..
[2026-09-08 12:02:07.311] [60448] [HailoRT] [info] [queue_elements.cpp:46] [~BaseQueueElement] Queue element UserBuffQEl0yolo26n/conv94 has 0 frames in his Queue on destruction
[2026-09-08 15:49:47.535] [3652] [HailoRT] [info] [vdevice.cpp:535] [create] Creating vdevice with params: device_count: 1, scheduling_algorithm: NONE, multi_process_service: false
[2026-09-08 15:49:47.554] [3652] [HailoRT] [info] [device.cpp:51] [Device] OS Version: Linux 6.18.39+rpt-rpi-2712 #1 SMP PREEMPT Debian 1:6.18.39-1+rpt1 (2026-07-29) aarch64
[2026-09-08 15:49:47.556] [3652] [HailoRT] [info] [control.cpp:113] [control__parse_identify_results] firmware_version is: 4.23.0
[2026-09-08 15:49:47.556] [3652] [HailoRT] [info] [vdevice.cpp:682] [create] VDevice Infos: 0001:01:00.0
[2026-09-08 15:49:47.567] [3652] [HailoRT] [info] [internal_buffer_manager.cpp:77] [print_execution_results] Planned internal buffer memory: CMA=0 CMA-Desc=917504 Pinned=2956800. memory to edge layer usage factor is 0.9621793
[2026-09-08 15:49:47.567] [3652] [HailoRT] [info] [internal_buffer_manager.cpp:86] [print_execution_results] Default Internal buffer planner executed successfully
[2026-09-08 15:49:47.605] [3652] [HailoRT] [info] [device_internal.cpp:57] [configure] Configuring HEF took 48.502646 milliseconds
[2026-09-08 15:49:47.605] [3652] [HailoRT] [info] [vdevice.cpp:780] [configure] Configuring HEF on VDevice took 49.216572 milliseconds
[2026-09-08 15:49:47.607] [3652] [HailoRT] [info] [hef.cpp:1994] [get_network_group_and_network_name] No name was given. Addressing all networks of default network_group: yolo26n
[2026-09-08 15:49:47.607] [3652] [HailoRT] [info] [hef.cpp:1994] [get_network_group_and_network_name] No name was given. Addressing all networks of default network_group: yolo26n
[2026-09-08 15:49:47.610] [3652] [HailoRT] [info] [edge_elements.cpp:52] [create] Created (HwWriteEl2yolo26n/input_layer1 | hw_frame_size: 2211840)
[2026-09-08 15:49:47.611] [3652] [HailoRT] [info] [vstream.cpp:754] [InputVStreamImpl] Creating yolo26n/input_layer1...
[2026-09-08 15:49:47.611] [3652] [HailoRT] [info] [vstream_builder.cpp:102] [create_inputs] Input pipeline 'yolo26n/input_layer1': (HwWriteEl2yolo26n/input_layer1 | hw_frame_size: 2211840) >> HW
[2026-09-08 15:49:47.611] [3652] [HailoRT] [info] [edge_elements.cpp:287] [create] Created (HwReadEl3yolo26n/conv61 | hw_frame_size: 92160)
[2026-09-08 15:49:47.611] [3652] [HailoRT] [info] [queue_elements.cpp:657] [create] Created (PullQEl_hw_read3yolo26n/conv61)
[2026-09-08 15:49:47.611] [3652] [HailoRT] [info] [filter_elements.cpp:372] [create] Created (PostInferEl3yolo26n/conv61 | Quantization - src_type: UINT16, dst_type FLOAT32, limvals_min: -0.881752, limvals_max: 6.27869)
[2026-09-08 15:49:47.613] [3652] [HailoRT] [info] [queue_elements.cpp:800] [create] Created (UserBuffQEl3yolo26n/conv61 | timeout: 10s)
[2026-09-08 15:49:47.613] [3652] [HailoRT] [info] [vstream.cpp:1114] [OutputVStreamImpl] Creating yolo26n/conv61...
[2026-09-08 15:49:47.613] [3652] [HailoRT] [info] [vstream_builder.cpp:220] [create_outputs] Output pipeline 'yolo26n/conv61': HW >> (HwReadEl3yolo26n/conv61 | hw_frame_size: 92160) >> (PullQEl_hw_read3yolo26n/conv61) >> (PostInferEl3yolo26n/conv61 | Quantization - src_type: UINT16, dst_type FLOAT32, limvals_min: -0.881752, limvals_max: 6.27869) >> (UserBuffQEl3yolo26n/conv61 | timeout: 10s)
[2026-09-08 15:49:47.613] [3652] [HailoRT] [info] [edge_elements.cpp:287] [create] Created (HwReadEl2yolo26n/conv64 | hw_frame_size: 23040)
[2026-09-08 15:49:47.613] [3652] [HailoRT] [info] [queue_elements.cpp:657] [create] Created (PullQEl_hw_read2yolo26n/conv64)
[2026-09-08 15:49:47.613] [3652] [HailoRT] [info] [filter_elements.cpp:372] [create] Created (PostInferEl2yolo26n/conv64 | Quantization - src_type: UINT16, dst_type FLOAT32, limvals_min: -164.817, limvals_max: 3.19963)
[2026-09-08 15:49:47.613] [3652] [HailoRT] [info] [queue_elements.cpp:800] [create] Created (UserBuffQEl2yolo26n/conv64 | timeout: 10s)
[2026-09-08 15:49:47.613] [3652] [HailoRT] [info] [vstream.cpp:1114] [OutputVStreamImpl] Creating yolo26n/conv64...
[2026-09-08 15:49:47.614] [3652] [HailoRT] [info] [vstream_builder.cpp:220] [create_outputs] Output pipeline 'yolo26n/conv64': HW >> (HwReadEl2yolo26n/conv64 | hw_frame_size: 23040) >> (PullQEl_hw_read2yolo26n/conv64) >> (PostInferEl2yolo26n/conv64 | Quantization - src_type: UINT16, dst_type FLOAT32, limvals_min: -164.817, limvals_max: 3.19963) >> (UserBuffQEl2yolo26n/conv64 | timeout: 10s)
[2026-09-08 15:49:47.615] [3652] [HailoRT] [info] [edge_elements.cpp:287] [create] Created (HwReadEl2yolo26n/conv77 | hw_frame_size: 23040)
[2026-09-08 15:49:47.615] [3652] [HailoRT] [info] [queue_elements.cpp:657] [create] Created (PullQEl_hw_read2yolo26n/conv77)
[2026-09-08 15:49:47.615] [3652] [HailoRT] [info] [filter_elements.cpp:372] [create] Created (PostInferEl2yolo26n/conv77 | Quantization - src_type: UINT16, dst_type FLOAT32, limvals_min: -0.67052, limvals_max: 17.2357)
[2026-09-08 15:49:47.615] [3652] [HailoRT] [info] [queue_elements.cpp:800] [create] Created (UserBuffQEl2yolo26n/conv77 | timeout: 10s)
[2026-09-08 15:49:47.615] [3652] [HailoRT] [info] [vstream.cpp:1114] [OutputVStreamImpl] Creating yolo26n/conv77...
[2026-09-08 15:49:47.615] [3652] [HailoRT] [info] [vstream_builder.cpp:220] [create_outputs] Output pipeline 'yolo26n/conv77': HW >> (HwReadEl2yolo26n/conv77 | hw_frame_size: 23040) >> (PullQEl_hw_read2yolo26n/conv77) >> (PostInferEl2yolo26n/conv77 | Quantization - src_type: UINT16, dst_type FLOAT32, limvals_min: -0.67052, limvals_max: 17.2357) >> (UserBuffQEl2yolo26n/conv77 | timeout: 10s)
[2026-09-08 15:49:47.615] [3652] [HailoRT] [info] [edge_elements.cpp:287] [create] Created (HwReadEl0yolo26n/conv80 | hw_frame_size: 5760)
[2026-09-08 15:49:47.615] [3652] [HailoRT] [info] [queue_elements.cpp:657] [create] Created (PullQEl_hw_read0yolo26n/conv80)
[2026-09-08 15:49:47.615] [3652] [HailoRT] [info] [filter_elements.cpp:372] [create] Created (PostInferEl0yolo26n/conv80 | Quantization - src_type: UINT16, dst_type FLOAT32, limvals_min: -67.4827, limvals_max: 0)
[2026-09-08 15:49:47.615] [3652] [HailoRT] [info] [queue_elements.cpp:800] [create] Created (UserBuffQEl0yolo26n/conv80 | timeout: 10s)
[2026-09-08 15:49:47.615] [3652] [HailoRT] [info] [vstream.cpp:1114] [OutputVStreamImpl] Creating yolo26n/conv80...
[2026-09-08 15:49:47.615] [3652] [HailoRT] [info] [vstream_builder.cpp:220] [create_outputs] Output pipeline 'yolo26n/conv80': HW >> (HwReadEl0yolo26n/conv80 | hw_frame_size: 5760) >> (PullQEl_hw_read0yolo26n/conv80) >> (PostInferEl0yolo26n/conv80 | Quantization - src_type: UINT16, dst_type FLOAT32, limvals_min: -67.4827, limvals_max: 0) >> (UserBuffQEl0yolo26n/conv80 | timeout: 10s)
[2026-09-08 15:49:47.615] [3652] [HailoRT] [info] [edge_elements.cpp:287] [create] Created (HwReadEl3yolo26n/conv91 | hw_frame_size: 11520)
[2026-09-08 15:49:47.615] [3652] [HailoRT] [info] [queue_elements.cpp:657] [create] Created (PullQEl_hw_read3yolo26n/conv91)
[2026-09-08 15:49:47.615] [3652] [HailoRT] [info] [filter_elements.cpp:372] [create] Created (PostInferEl3yolo26n/conv91 | Quantization - src_type: UINT16, dst_type FLOAT32, limvals_min: 0, limvals_max: 8.46146 | Reorder - src_order: FCR, src_shape: (20, 36, 8), dst_order: FCR, dst_shape: (20, 36, 4))
[2026-09-08 15:49:47.616] [3652] [HailoRT] [info] [queue_elements.cpp:800] [create] Created (UserBuffQEl3yolo26n/conv91 | timeout: 10s)
[2026-09-08 15:49:47.616] [3652] [HailoRT] [info] [vstream.cpp:1114] [OutputVStreamImpl] Creating yolo26n/conv91...
[2026-09-08 15:49:47.616] [3652] [HailoRT] [info] [vstream_builder.cpp:220] [create_outputs] Output pipeline 'yolo26n/conv91': HW >> (HwReadEl3yolo26n/conv91 | hw_frame_size: 11520) >> (PullQEl_hw_read3yolo26n/conv91) >> (PostInferEl3yolo26n/conv91 | Quantization - src_type: UINT16, dst_type FLOAT32, limvals_min: 0, limvals_max: 8.46146 | Reorder - src_order: FCR, src_shape: (20, 36, 8), dst_order: FCR, dst_shape: (20, 36, 4)) >> (UserBuffQEl3yolo26n/conv91 | timeout: 10s)
[2026-09-08 15:49:47.616] [3652] [HailoRT] [info] [edge_elements.cpp:287] [create] Created (HwReadEl0yolo26n/conv94 | hw_frame_size: 11520)
[2026-09-08 15:49:47.616] [3652] [HailoRT] [info] [queue_elements.cpp:657] [create] Created (PullQEl_hw_read0yolo26n/conv94)
[2026-09-08 15:49:47.616] [3652] [HailoRT] [info] [filter_elements.cpp:372] [create] Created (PostInferEl0yolo26n/conv94 | Quantization - src_type: UINT16, dst_type FLOAT32, limvals_min: -64.0772, limvals_max: 0 | Reorder - src_order: FCR, src_shape: (20, 36, 8), dst_order: FCR, dst_shape: (20, 36, 1))
[2026-09-08 15:49:47.616] [3652] [HailoRT] [info] [queue_elements.cpp:800] [create] Created (UserBuffQEl0yolo26n/conv94 | timeout: 10s)
[2026-09-08 15:49:47.616] [3652] [HailoRT] [info] [vstream.cpp:1114] [OutputVStreamImpl] Creating yolo26n/conv94...
[2026-09-08 15:49:47.616] [3652] [HailoRT] [info] [vstream_builder.cpp:220] [create_outputs] Output pipeline 'yolo26n/conv94': HW >> (HwReadEl0yolo26n/conv94 | hw_frame_size: 11520) >> (PullQEl_hw_read0yolo26n/conv94) >> (PostInferEl0yolo26n/conv94 | Quantization - src_type: UINT16, dst_type FLOAT32, limvals_min: -64.0772, limvals_max: 0 | Reorder - src_order: FCR, src_shape: (20, 36, 8), dst_order: FCR, dst_shape: (20, 36, 1)) >> (UserBuffQEl0yolo26n/conv94 | timeout: 10s)
[2026-09-08 15:49:47.616] [3652] [HailoRT] [info] [core_op.cpp:156] [activate] Activating yolo26n took 0.543537 milliseconds. Note that the function is asynchronous and thus the network is not fully activated yet.
[2026-09-08 15:49:47.616] [3652] [HailoRT] [info] [core_op.cpp:156] [activate] Activating yolo26n took 0.561241 milliseconds. Note that the function is asynchronous and thus the network is not fully activated yet.
[2026-09-08 15:50:31.738] [3688] [HailoRT] [info] [vdevice_native_stream.cpp:331] [read_impl] Failed read from stream HAILO_STREAM_NOT_ACTIVATED(72) (device: 0001:01:00.0)
[2026-09-08 15:50:31.738] [3698] [HailoRT] [info] [vdevice_native_stream.cpp:331] [read_impl] Failed read from stream HAILO_STREAM_NOT_ACTIVATED(72) (device: 0001:01:00.0)
[2026-09-08 15:50:31.738] [3690] [HailoRT] [info] [vdevice_native_stream.cpp:331] [read_impl] Failed read from stream HAILO_STREAM_NOT_ACTIVATED(72) (device: 0001:01:00.0)
[2026-09-08 15:50:31.738] [3696] [HailoRT] [info] [vdevice_native_stream.cpp:331] [read_impl] Failed read from stream HAILO_STREAM_NOT_ACTIVATED(72) (device: 0001:01:00.0)
[2026-09-08 15:50:31.738] [3686] [HailoRT] [info] [vdevice_native_stream.cpp:331] [read_impl] Failed read from stream HAILO_STREAM_NOT_ACTIVATED(72) (device: 0001:01:00.0)
[2026-09-08 15:50:31.738] [3693] [HailoRT] [info] [vdevice_native_stream.cpp:331] [read_impl] Failed read from stream HAILO_STREAM_NOT_ACTIVATED(72) (device: 0001:01:00.0)
[2026-09-08 15:50:31.738] [3652] [HailoRT] [info] [core_op.cpp:186] [deactivate] Deactivating took 0.518537 ms
[2026-09-08 15:50:31.738] [3652] [HailoRT] [info] [core_op.cpp:186] [deactivate] Deactivating took 0.540537 ms
[2026-09-08 15:50:31.738] [3687] [HailoRT] [info] [queue_elements.cpp:855] [run_in_thread] Shutdown event was signaled in dequeue of UserBuffQEl3yolo26n/conv61!
[2026-09-08 15:50:31.738] [3686] [HailoRT] [info] [queue_elements.cpp:734] [run_in_thread] Shutdown event was signaled in run_pull of queue element PullQEl_hw_read3yolo26n/conv61!
[2026-09-08 15:50:31.738] [3686] [HailoRT] [info] [queue_elements.cpp:68] [operator()] Thread in element PullQEl_hw_read3yolo26n/conv61 is not running anymore, exiting..
[2026-09-08 15:50:31.739] [3652] [HailoRT] [info] [queue_elements.cpp:46] [~BaseQueueElement] Queue element PullQEl_hw_read3yolo26n/conv61 has 0 frames in his Queue on destruction
[2026-09-08 15:50:31.739] [3687] [HailoRT] [info] [queue_elements.cpp:68] [operator()] Thread in element UserBuffQEl3yolo26n/conv61 is not running anymore, exiting..
[2026-09-08 15:50:31.739] [3652] [HailoRT] [info] [queue_elements.cpp:46] [~BaseQueueElement] Queue element UserBuffQEl3yolo26n/conv61 has 0 frames in his Queue on destruction
[2026-09-08 15:50:31.739] [3688] [HailoRT] [info] [queue_elements.cpp:734] [run_in_thread] Shutdown event was signaled in run_pull of queue element PullQEl_hw_read2yolo26n/conv64!
[2026-09-08 15:50:31.739] [3689] [HailoRT] [info] [queue_elements.cpp:855] [run_in_thread] Shutdown event was signaled in dequeue of UserBuffQEl2yolo26n/conv64!
[2026-09-08 15:50:31.739] [3688] [HailoRT] [info] [queue_elements.cpp:68] [operator()] Thread in element PullQEl_hw_read2yolo26n/conv64 is not running anymore, exiting..
[2026-09-08 15:50:31.739] [3652] [HailoRT] [info] [queue_elements.cpp:46] [~BaseQueueElement] Queue element PullQEl_hw_read2yolo26n/conv64 has 0 frames in his Queue on destruction
[2026-09-08 15:50:31.739] [3689] [HailoRT] [info] [queue_elements.cpp:68] [operator()] Thread in element UserBuffQEl2yolo26n/conv64 is not running anymore, exiting..
[2026-09-08 15:50:31.739] [3652] [HailoRT] [info] [queue_elements.cpp:46] [~BaseQueueElement] Queue element UserBuffQEl2yolo26n/conv64 has 0 frames in his Queue on destruction
[2026-09-08 15:50:31.739] [3690] [HailoRT] [info] [queue_elements.cpp:734] [run_in_thread] Shutdown event was signaled in run_pull of queue element PullQEl_hw_read2yolo26n/conv77!
[2026-09-08 15:50:31.739] [3691] [HailoRT] [info] [queue_elements.cpp:855] [run_in_thread] Shutdown event was signaled in dequeue of UserBuffQEl2yolo26n/conv77!
[2026-09-08 15:50:31.739] [3690] [HailoRT] [info] [queue_elements.cpp:68] [operator()] Thread in element PullQEl_hw_read2yolo26n/conv77 is not running anymore, exiting..
[2026-09-08 15:50:31.739] [3652] [HailoRT] [info] [queue_elements.cpp:46] [~BaseQueueElement] Queue element PullQEl_hw_read2yolo26n/conv77 has 0 frames in his Queue on destruction
[2026-09-08 15:50:31.739] [3691] [HailoRT] [info] [queue_elements.cpp:68] [operator()] Thread in element UserBuffQEl2yolo26n/conv77 is not running anymore, exiting..
[2026-09-08 15:50:31.739] [3652] [HailoRT] [info] [queue_elements.cpp:46] [~BaseQueueElement] Queue element UserBuffQEl2yolo26n/conv77 has 0 frames in his Queue on destruction
[2026-09-08 15:50:31.739] [3693] [HailoRT] [info] [queue_elements.cpp:734] [run_in_thread] Shutdown event was signaled in run_pull of queue element PullQEl_hw_read0yolo26n/conv80!
[2026-09-08 15:50:31.739] [3694] [HailoRT] [info] [queue_elements.cpp:855] [run_in_thread] Shutdown event was signaled in dequeue of UserBuffQEl0yolo26n/conv80!
[2026-09-08 15:50:31.739] [3693] [HailoRT] [info] [queue_elements.cpp:68] [operator()] Thread in element PullQEl_hw_read0yolo26n/conv80 is not running anymore, exiting..
[2026-09-08 15:50:31.739] [3652] [HailoRT] [info] [queue_elements.cpp:46] [~BaseQueueElement] Queue element PullQEl_hw_read0yolo26n/conv80 has 0 frames in his Queue on destruction
[2026-09-08 15:50:31.739] [3694] [HailoRT] [info] [queue_elements.cpp:68] [operator()] Thread in element UserBuffQEl0yolo26n/conv80 is not running anymore, exiting..
[2026-09-08 15:50:31.739] [3652] [HailoRT] [info] [queue_elements.cpp:46] [~BaseQueueElement] Queue element UserBuffQEl0yolo26n/conv80 has 0 frames in his Queue on destruction
[2026-09-08 15:50:31.739] [3697] [HailoRT] [info] [queue_elements.cpp:855] [run_in_thread] Shutdown event was signaled in dequeue of UserBuffQEl3yolo26n/conv91!
[2026-09-08 15:50:31.739] [3696] [HailoRT] [info] [queue_elements.cpp:734] [run_in_thread] Shutdown event was signaled in run_pull of queue element PullQEl_hw_read3yolo26n/conv91!
[2026-09-08 15:50:31.739] [3696] [HailoRT] [info] [queue_elements.cpp:68] [operator()] Thread in element PullQEl_hw_read3yolo26n/conv91 is not running anymore, exiting..
[2026-09-08 15:50:31.739] [3652] [HailoRT] [info] [queue_elements.cpp:46] [~BaseQueueElement] Queue element PullQEl_hw_read3yolo26n/conv91 has 0 frames in his Queue on destruction
[2026-09-08 15:50:31.739] [3697] [HailoRT] [info] [queue_elements.cpp:68] [operator()] Thread in element UserBuffQEl3yolo26n/conv91 is not running anymore, exiting..
[2026-09-08 15:50:31.739] [3652] [HailoRT] [info] [queue_elements.cpp:46] [~BaseQueueElement] Queue element UserBuffQEl3yolo26n/conv91 has 0 frames in his Queue on destruction
[2026-09-08 15:50:31.739] [3698] [HailoRT] [info] [queue_elements.cpp:734] [run_in_thread] Shutdown event was signaled in run_pull of queue element PullQEl_hw_read0yolo26n/conv94!
[2026-09-08 15:50:31.739] [3699] [HailoRT] [info] [queue_elements.cpp:855] [run_in_thread] Shutdown event was signaled in dequeue of UserBuffQEl0yolo26n/conv94!
[2026-09-08 15:50:31.739] [3698] [HailoRT] [info] [queue_elements.cpp:68] [operator()] Thread in element PullQEl_hw_read0yolo26n/conv94 is not running anymore, exiting..
[2026-09-08 15:50:31.739] [3652] [HailoRT] [info] [queue_elements.cpp:46] [~BaseQueueElement] Queue element PullQEl_hw_read0yolo26n/conv94 has 0 frames in his Queue on destruction
[2026-09-08 15:50:31.739] [3699] [HailoRT] [info] [queue_elements.cpp:68] [operator()] Thread in element UserBuffQEl0yolo26n/conv94 is not running anymore, exiting..
[2026-09-08 15:50:31.739] [3652] [HailoRT] [info] [queue_elements.cpp:46] [~BaseQueueElement] Queue element UserBuffQEl0yolo26n/conv94 has 0 frames in his Queue on destruction
[2026-09-08 15:50:44.218] [3652] [HailoRT] [info] [vdevice.cpp:535] [create] Creating vdevice with params: device_count: 1, scheduling_algorithm: NONE, multi_process_service: false
[2026-09-08 15:50:44.230] [3652] [HailoRT] [info] [device.cpp:51] [Device] OS Version: Linux 6.18.39+rpt-rpi-2712 #1 SMP PREEMPT Debian 1:6.18.39-1+rpt1 (2026-07-29) aarch64
[2026-09-08 15:50:44.230] [3652] [HailoRT] [info] [control.cpp:113] [control__parse_identify_results] firmware_version is: 4.23.0
[2026-09-08 15:50:44.230] [3652] [HailoRT] [info] [vdevice.cpp:682] [create] VDevice Infos: 0001:01:00.0
[2026-09-08 15:50:44.237] [3652] [HailoRT] [info] [internal_buffer_manager.cpp:77] [print_execution_results] Planned internal buffer memory: CMA=0 CMA-Desc=917504 Pinned=2956800. memory to edge layer usage factor is 0.9621793
[2026-09-08 15:50:44.237] [3652] [HailoRT] [info] [internal_buffer_manager.cpp:86] [print_execution_results] Default Internal buffer planner executed successfully
[2026-09-08 15:50:44.277] [3652] [HailoRT] [info] [device_internal.cpp:57] [configure] Configuring HEF took 46.290938 milliseconds
[2026-09-08 15:50:44.277] [3652] [HailoRT] [info] [vdevice.cpp:780] [configure] Configuring HEF on VDevice took 46.645567 milliseconds
[2026-09-08 15:50:44.277] [3652] [HailoRT] [info] [hef.cpp:1994] [get_network_group_and_network_name] No name was given. Addressing all networks of default network_group: yolo26n
[2026-09-08 15:50:44.277] [3652] [HailoRT] [info] [hef.cpp:1994] [get_network_group_and_network_name] No name was given. Addressing all networks of default network_group: yolo26n
[2026-09-08 15:50:44.277] [3652] [HailoRT] [info] [edge_elements.cpp:52] [create] Created (HwWriteEl2yolo26n/input_layer1 | hw_frame_size: 2211840)
[2026-09-08 15:50:44.277] [3652] [HailoRT] [info] [vstream.cpp:754] [InputVStreamImpl] Creating yolo26n/input_layer1...
[2026-09-08 15:50:44.277] [3652] [HailoRT] [info] [vstream_builder.cpp:102] [create_inputs] Input pipeline 'yolo26n/input_layer1': (HwWriteEl2yolo26n/input_layer1 | hw_frame_size: 2211840) >> HW
[2026-09-08 15:50:44.277] [3652] [HailoRT] [info] [edge_elements.cpp:287] [create] Created (HwReadEl3yolo26n/conv61 | hw_frame_size: 92160)
[2026-09-08 15:50:44.278] [3652] [HailoRT] [info] [queue_elements.cpp:657] [create] Created (PullQEl_hw_read3yolo26n/conv61)
[2026-09-08 15:50:44.278] [3652] [HailoRT] [info] [filter_elements.cpp:372] [create] Created (PostInferEl3yolo26n/conv61 | Quantization - src_type: UINT16, dst_type FLOAT32, limvals_min: -0.881752, limvals_max: 6.27869)
[2026-09-08 15:50:44.278] [3652] [HailoRT] [info] [queue_elements.cpp:800] [create] Created (UserBuffQEl3yolo26n/conv61 | timeout: 10s)
[2026-09-08 15:50:44.278] [3652] [HailoRT] [info] [vstream.cpp:1114] [OutputVStreamImpl] Creating yolo26n/conv61...
[2026-09-08 15:50:44.278] [3652] [HailoRT] [info] [vstream_builder.cpp:220] [create_outputs] Output pipeline 'yolo26n/conv61': HW >> (HwReadEl3yolo26n/conv61 | hw_frame_size: 92160) >> (PullQEl_hw_read3yolo26n/conv61) >> (PostInferEl3yolo26n/conv61 | Quantization - src_type: UINT16, dst_type FLOAT32, limvals_min: -0.881752, limvals_max: 6.27869) >> (UserBuffQEl3yolo26n/conv61 | timeout: 10s)
[2026-09-08 15:50:44.278] [3652] [HailoRT] [info] [edge_elements.cpp:287] [create] Created (HwReadEl2yolo26n/conv64 | hw_frame_size: 23040)
[2026-09-08 15:50:44.278] [3652] [HailoRT] [info] [queue_elements.cpp:657] [create] Created (PullQEl_hw_read2yolo26n/conv64)
[2026-09-08 15:50:44.278] [3652] [HailoRT] [info] [filter_elements.cpp:372] [create] Created (PostInferEl2yolo26n/conv64 | Quantization - src_type: UINT16, dst_type FLOAT32, limvals_min: -164.817, limvals_max: 3.19963)
[2026-09-08 15:50:44.278] [3652] [HailoRT] [info] [queue_elements.cpp:800] [create] Created (UserBuffQEl2yolo26n/conv64 | timeout: 10s)
[2026-09-08 15:50:44.278] [3652] [HailoRT] [info] [vstream.cpp:1114] [OutputVStreamImpl] Creating yolo26n/conv64...
[2026-09-08 15:50:44.278] [3652] [HailoRT] [info] [vstream_builder.cpp:220] [create_outputs] Output pipeline 'yolo26n/conv64': HW >> (HwReadEl2yolo26n/conv64 | hw_frame_size: 23040) >> (PullQEl_hw_read2yolo26n/conv64) >> (PostInferEl2yolo26n/conv64 | Quantization - src_type: UINT16, dst_type FLOAT32, limvals_min: -164.817, limvals_max: 3.19963) >> (UserBuffQEl2yolo26n/conv64 | timeout: 10s)
[2026-09-08 15:50:44.278] [3652] [HailoRT] [info] [edge_elements.cpp:287] [create] Created (HwReadEl2yolo26n/conv77 | hw_frame_size: 23040)
[2026-09-08 15:50:44.278] [3652] [HailoRT] [info] [queue_elements.cpp:657] [create] Created (PullQEl_hw_read2yolo26n/conv77)
[2026-09-08 15:50:44.278] [3652] [HailoRT] [info] [filter_elements.cpp:372] [create] Created (PostInferEl2yolo26n/conv77 | Quantization - src_type: UINT16, dst_type FLOAT32, limvals_min: -0.67052, limvals_max: 17.2357)
[2026-09-08 15:50:44.278] [3652] [HailoRT] [info] [queue_elements.cpp:800] [create] Created (UserBuffQEl2yolo26n/conv77 | timeout: 10s)
[2026-09-08 15:50:44.278] [3652] [HailoRT] [info] [vstream.cpp:1114] [OutputVStreamImpl] Creating yolo26n/conv77...
[2026-09-08 15:50:44.278] [3652] [HailoRT] [info] [vstream_builder.cpp:220] [create_outputs] Output pipeline 'yolo26n/conv77': HW >> (HwReadEl2yolo26n/conv77 | hw_frame_size: 23040) >> (PullQEl_hw_read2yolo26n/conv77) >> (PostInferEl2yolo26n/conv77 | Quantization - src_type: UINT16, dst_type FLOAT32, limvals_min: -0.67052, limvals_max: 17.2357) >> (UserBuffQEl2yolo26n/conv77 | timeout: 10s)
[2026-09-08 15:50:44.278] [3652] [HailoRT] [info] [edge_elements.cpp:287] [create] Created (HwReadEl0yolo26n/conv80 | hw_frame_size: 5760)
[2026-09-08 15:50:44.278] [3652] [HailoRT] [info] [queue_elements.cpp:657] [create] Created (PullQEl_hw_read0yolo26n/conv80)
[2026-09-08 15:50:44.278] [3652] [HailoRT] [info] [filter_elements.cpp:372] [create] Created (PostInferEl0yolo26n/conv80 | Quantization - src_type: UINT16, dst_type FLOAT32, limvals_min: -67.4827, limvals_max: 0)
[2026-09-08 15:50:44.279] [3652] [HailoRT] [info] [queue_elements.cpp:800] [create] Created (UserBuffQEl0yolo26n/conv80 | timeout: 10s)
[2026-09-08 15:50:44.279] [3652] [HailoRT] [info] [vstream.cpp:1114] [OutputVStreamImpl] Creating yolo26n/conv80...
[2026-09-08 15:50:44.279] [3652] [HailoRT] [info] [vstream_builder.cpp:220] [create_outputs] Output pipeline 'yolo26n/conv80': HW >> (HwReadEl0yolo26n/conv80 | hw_frame_size: 5760) >> (PullQEl_hw_read0yolo26n/conv80) >> (PostInferEl0yolo26n/conv80 | Quantization - src_type: UINT16, dst_type FLOAT32, limvals_min: -67.4827, limvals_max: 0) >> (UserBuffQEl0yolo26n/conv80 | timeout: 10s)
[2026-09-08 15:50:44.279] [3652] [HailoRT] [info] [edge_elements.cpp:287] [create] Created (HwReadEl3yolo26n/conv91 | hw_frame_size: 11520)
[2026-09-08 15:50:44.279] [3652] [HailoRT] [info] [queue_elements.cpp:657] [create] Created (PullQEl_hw_read3yolo26n/conv91)
[2026-09-08 15:50:44.279] [3652] [HailoRT] [info] [filter_elements.cpp:372] [create] Created (PostInferEl3yolo26n/conv91 | Quantization - src_type: UINT16, dst_type FLOAT32, limvals_min: 0, limvals_max: 8.46146 | Reorder - src_order: FCR, src_shape: (20, 36, 8), dst_order: FCR, dst_shape: (20, 36, 4))
[2026-09-08 15:50:44.279] [3652] [HailoRT] [info] [queue_elements.cpp:800] [create] Created (UserBuffQEl3yolo26n/conv91 | timeout: 10s)
[2026-09-08 15:50:44.279] [3652] [HailoRT] [info] [vstream.cpp:1114] [OutputVStreamImpl] Creating yolo26n/conv91...
[2026-09-08 15:50:44.279] [3652] [HailoRT] [info] [vstream_builder.cpp:220] [create_outputs] Output pipeline 'yolo26n/conv91': HW >> (HwReadEl3yolo26n/conv91 | hw_frame_size: 11520) >> (PullQEl_hw_read3yolo26n/conv91) >> (PostInferEl3yolo26n/conv91 | Quantization - src_type: UINT16, dst_type FLOAT32, limvals_min: 0, limvals_max: 8.46146 | Reorder - src_order: FCR, src_shape: (20, 36, 8), dst_order: FCR, dst_shape: (20, 36, 4)) >> (UserBuffQEl3yolo26n/conv91 | timeout: 10s)
[2026-09-08 15:50:44.279] [3652] [HailoRT] [info] [edge_elements.cpp:287] [create] Created (HwReadEl0yolo26n/conv94 | hw_frame_size: 11520)
[2026-09-08 15:50:44.279] [3652] [HailoRT] [info] [queue_elements.cpp:657] [create] Created (PullQEl_hw_read0yolo26n/conv94)
[2026-09-08 15:50:44.279] [3652] [HailoRT] [info] [filter_elements.cpp:372] [create] Created (PostInferEl0yolo26n/conv94 | Quantization - src_type: UINT16, dst_type FLOAT32, limvals_min: -64.0772, limvals_max: 0 | Reorder - src_order: FCR, src_shape: (20, 36, 8), dst_order: FCR, dst_shape: (20, 36, 1))
[2026-09-08 15:50:44.279] [3652] [HailoRT] [info] [queue_elements.cpp:800] [create] Created (UserBuffQEl0yolo26n/conv94 | timeout: 10s)
[2026-09-08 15:50:44.279] [3652] [HailoRT] [info] [vstream.cpp:1114] [OutputVStreamImpl] Creating yolo26n/conv94...
[2026-09-08 15:50:44.279] [3652] [HailoRT] [info] [vstream_builder.cpp:220] [create_outputs] Output pipeline 'yolo26n/conv94': HW >> (HwReadEl0yolo26n/conv94 | hw_frame_size: 11520) >> (PullQEl_hw_read0yolo26n/conv94) >> (PostInferEl0yolo26n/conv94 | Quantization - src_type: UINT16, dst_type FLOAT32, limvals_min: -64.0772, limvals_max: 0 | Reorder - src_order: FCR, src_shape: (20, 36, 8), dst_order: FCR, dst_shape: (20, 36, 1)) >> (UserBuffQEl0yolo26n/conv94 | timeout: 10s)
[2026-09-08 15:50:44.280] [3652] [HailoRT] [info] [core_op.cpp:156] [activate] Activating yolo26n took 0.612056 milliseconds. Note that the function is asynchronous and thus the network is not fully activated yet.
[2026-09-08 15:50:44.280] [3652] [HailoRT] [info] [core_op.cpp:156] [activate] Activating yolo26n took 0.628352 milliseconds. Note that the function is asynchronous and thus the network is not fully activated yet.
[2026-09-08 15:50:49.037] [14162] [HailoRT] [info] [vdevice_native_stream.cpp:331] [read_impl] Failed read from stream HAILO_STREAM_NOT_ACTIVATED(72) (device: 0001:01:00.0)
[2026-09-08 15:50:49.037] [14160] [HailoRT] [info] [vdevice_native_stream.cpp:331] [read_impl] Failed read from stream HAILO_STREAM_NOT_ACTIVATED(72) (device: 0001:01:00.0)
[2026-09-08 15:50:49.037] [14166] [HailoRT] [info] [vdevice_native_stream.cpp:331] [read_impl] Failed read from stream HAILO_STREAM_NOT_ACTIVATED(72) (device: 0001:01:00.0)
[2026-09-08 15:50:49.037] [14170] [HailoRT] [info] [vdevice_native_stream.cpp:331] [read_impl] Failed read from stream HAILO_STREAM_NOT_ACTIVATED(72) (device: 0001:01:00.0)
[2026-09-08 15:50:49.037] [14164] [HailoRT] [info] [vdevice_native_stream.cpp:331] [read_impl] Failed read from stream HAILO_STREAM_NOT_ACTIVATED(72) (device: 0001:01:00.0)
[2026-09-08 15:50:49.037] [14168] [HailoRT] [info] [vdevice_native_stream.cpp:331] [read_impl] Failed read from stream HAILO_STREAM_NOT_ACTIVATED(72) (device: 0001:01:00.0)
[2026-09-08 15:50:49.038] [3652] [HailoRT] [info] [core_op.cpp:186] [deactivate] Deactivating took 0.486444 ms
[2026-09-08 15:50:49.038] [3652] [HailoRT] [info] [core_op.cpp:186] [deactivate] Deactivating took 0.502185 ms
[2026-09-08 15:50:49.038] [14161] [HailoRT] [info] [queue_elements.cpp:855] [run_in_thread] Shutdown event was signaled in dequeue of UserBuffQEl3yolo26n/conv61!
[2026-09-08 15:50:49.038] [14160] [HailoRT] [info] [queue_elements.cpp:734] [run_in_thread] Shutdown event was signaled in run_pull of queue element PullQEl_hw_read3yolo26n/conv61!
[2026-09-08 15:50:49.038] [14160] [HailoRT] [info] [queue_elements.cpp:68] [operator()] Thread in element PullQEl_hw_read3yolo26n/conv61 is not running anymore, exiting..
[2026-09-08 15:50:49.038] [3652] [HailoRT] [info] [queue_elements.cpp:46] [~BaseQueueElement] Queue element PullQEl_hw_read3yolo26n/conv61 has 0 frames in his Queue on destruction
[2026-09-08 15:50:49.038] [14161] [HailoRT] [info] [queue_elements.cpp:68] [operator()] Thread in element UserBuffQEl3yolo26n/conv61 is not running anymore, exiting..
[2026-09-08 15:50:49.038] [3652] [HailoRT] [info] [queue_elements.cpp:46] [~BaseQueueElement] Queue element UserBuffQEl3yolo26n/conv61 has 0 frames in his Queue on destruction
[2026-09-08 15:50:49.038] [14163] [HailoRT] [info] [queue_elements.cpp:855] [run_in_thread] Shutdown event was signaled in dequeue of UserBuffQEl2yolo26n/conv64!
[2026-09-08 15:50:49.038] [14162] [HailoRT] [info] [queue_elements.cpp:734] [run_in_thread] Shutdown event was signaled in run_pull of queue element PullQEl_hw_read2yolo26n/conv64!
[2026-09-08 15:50:49.038] [14162] [HailoRT] [info] [queue_elements.cpp:68] [operator()] Thread in element PullQEl_hw_read2yolo26n/conv64 is not running anymore, exiting..
[2026-09-08 15:50:49.038] [3652] [HailoRT] [info] [queue_elements.cpp:46] [~BaseQueueElement] Queue element PullQEl_hw_read2yolo26n/conv64 has 0 frames in his Queue on destruction
[2026-09-08 15:50:49.038] [14163] [HailoRT] [info] [queue_elements.cpp:68] [operator()] Thread in element UserBuffQEl2yolo26n/conv64 is not running anymore, exiting..
[2026-09-08 15:50:49.038] [3652] [HailoRT] [info] [queue_elements.cpp:46] [~BaseQueueElement] Queue element UserBuffQEl2yolo26n/conv64 has 0 frames in his Queue on destruction
[2026-09-08 15:50:49.038] [14164] [HailoRT] [info] [queue_elements.cpp:734] [run_in_thread] Shutdown event was signaled in run_pull of queue element PullQEl_hw_read2yolo26n/conv77!
[2026-09-08 15:50:49.038] [14165] [HailoRT] [info] [queue_elements.cpp:855] [run_in_thread] Shutdown event was signaled in dequeue of UserBuffQEl2yolo26n/conv77!
[2026-09-08 15:50:49.038] [14164] [HailoRT] [info] [queue_elements.cpp:68] [operator()] Thread in element PullQEl_hw_read2yolo26n/conv77 is not running anymore, exiting..
[2026-09-08 15:50:49.038] [3652] [HailoRT] [info] [queue_elements.cpp:46] [~BaseQueueElement] Queue element PullQEl_hw_read2yolo26n/conv77 has 0 frames in his Queue on destruction
[2026-09-08 15:50:49.038] [14165] [HailoRT] [info] [queue_elements.cpp:68] [operator()] Thread in element UserBuffQEl2yolo26n/conv77 is not running anymore, exiting..
[2026-09-08 15:50:49.038] [3652] [HailoRT] [info] [queue_elements.cpp:46] [~BaseQueueElement] Queue element UserBuffQEl2yolo26n/conv77 has 0 frames in his Queue on destruction
[2026-09-08 15:50:49.038] [14166] [HailoRT] [info] [queue_elements.cpp:734] [run_in_thread] Shutdown event was signaled in run_pull of queue element PullQEl_hw_read0yolo26n/conv80!
[2026-09-08 15:50:49.038] [14167] [HailoRT] [info] [queue_elements.cpp:855] [run_in_thread] Shutdown event was signaled in dequeue of UserBuffQEl0yolo26n/conv80!
[2026-09-08 15:50:49.038] [14166] [HailoRT] [info] [queue_elements.cpp:68] [operator()] Thread in element PullQEl_hw_read0yolo26n/conv80 is not running anymore, exiting..
[2026-09-08 15:50:49.038] [3652] [HailoRT] [info] [queue_elements.cpp:46] [~BaseQueueElement] Queue element PullQEl_hw_read0yolo26n/conv80 has 0 frames in his Queue on destruction
[2026-09-08 15:50:49.038] [14167] [HailoRT] [info] [queue_elements.cpp:68] [operator()] Thread in element UserBuffQEl0yolo26n/conv80 is not running anymore, exiting..
[2026-09-08 15:50:49.038] [3652] [HailoRT] [info] [queue_elements.cpp:46] [~BaseQueueElement] Queue element UserBuffQEl0yolo26n/conv80 has 0 frames in his Queue on destruction
[2026-09-08 15:50:49.038] [14168] [HailoRT] [info] [queue_elements.cpp:734] [run_in_thread] Shutdown event was signaled in run_pull of queue element PullQEl_hw_read3yolo26n/conv91!
[2026-09-08 15:50:49.038] [14169] [HailoRT] [info] [queue_elements.cpp:855] [run_in_thread] Shutdown event was signaled in dequeue of UserBuffQEl3yolo26n/conv91!
[2026-09-08 15:50:49.038] [14168] [HailoRT] [info] [queue_elements.cpp:68] [operator()] Thread in element PullQEl_hw_read3yolo26n/conv91 is not running anymore, exiting..
[2026-09-08 15:50:49.038] [3652] [HailoRT] [info] [queue_elements.cpp:46] [~BaseQueueElement] Queue element PullQEl_hw_read3yolo26n/conv91 has 0 frames in his Queue on destruction
[2026-09-08 15:50:49.038] [14169] [HailoRT] [info] [queue_elements.cpp:68] [operator()] Thread in element UserBuffQEl3yolo26n/conv91 is not running anymore, exiting..
[2026-09-08 15:50:49.038] [3652] [HailoRT] [info] [queue_elements.cpp:46] [~BaseQueueElement] Queue element UserBuffQEl3yolo26n/conv91 has 0 frames in his Queue on destruction
[2026-09-08 15:50:49.038] [14170] [HailoRT] [info] [queue_elements.cpp:734] [run_in_thread] Shutdown event was signaled in run_pull of queue element PullQEl_hw_read0yolo26n/conv94!
[2026-09-08 15:50:49.038] [14171] [HailoRT] [info] [queue_elements.cpp:855] [run_in_thread] Shutdown event was signaled in dequeue of UserBuffQEl0yolo26n/conv94!
[2026-09-08 15:50:49.038] [14170] [HailoRT] [info] [queue_elements.cpp:68] [operator()] Thread in element PullQEl_hw_read0yolo26n/conv94 is not running anymore, exiting..
[2026-09-08 15:50:49.038] [3652] [HailoRT] [info] [queue_elements.cpp:46] [~BaseQueueElement] Queue element PullQEl_hw_read0yolo26n/conv94 has 0 frames in his Queue on destruction
[2026-09-08 15:50:49.038] [14171] [HailoRT] [info] [queue_elements.cpp:68] [operator()] Thread in element UserBuffQEl0yolo26n/conv94 is not running anymore, exiting..
[2026-09-08 15:50:49.038] [3652] [HailoRT] [info] [queue_elements.cpp:46] [~BaseQueueElement] Queue element UserBuffQEl0yolo26n/conv94 has 0 frames in his Queue on destruction
[2026-09-08 15:51:55.702] [14286] [HailoRT] [info] [vdevice.cpp:535] [create] Creating vdevice with params: device_count: 1, scheduling_algorithm: NONE, multi_process_service: false
[2026-09-08 15:51:55.715] [14286] [HailoRT] [info] [device.cpp:51] [Device] OS Version: Linux 6.18.39+rpt-rpi-2712 #1 SMP PREEMPT Debian 1:6.18.39-1+rpt1 (2026-07-29) aarch64
[2026-09-08 15:51:55.715] [14286] [HailoRT] [info] [control.cpp:113] [control__parse_identify_results] firmware_version is: 4.23.0
[2026-09-08 15:51:55.715] [14286] [HailoRT] [info] [vdevice.cpp:682] [create] VDevice Infos: 0001:01:00.0
[2026-09-08 15:51:55.721] [14286] [HailoRT] [info] [internal_buffer_manager.cpp:77] [print_execution_results] Planned internal buffer memory: CMA=0 CMA-Desc=917504 Pinned=2956800. memory to edge layer usage factor is 0.9621793
[2026-09-08 15:51:55.721] [14286] [HailoRT] [info] [internal_buffer_manager.cpp:86] [print_execution_results] Default Internal buffer planner executed successfully
[2026-09-08 15:51:55.750] [14286] [HailoRT] [info] [device_internal.cpp:57] [configure] Configuring HEF took 35.274605 milliseconds
[2026-09-08 15:51:55.750] [14286] [HailoRT] [info] [vdevice.cpp:780] [configure] Configuring HEF on VDevice took 35.580178 milliseconds
[2026-09-08 15:51:55.751] [14286] [HailoRT] [info] [hef.cpp:1994] [get_network_group_and_network_name] No name was given. Addressing all networks of default network_group: yolo26n
[2026-09-08 15:51:55.751] [14286] [HailoRT] [info] [hef.cpp:1994] [get_network_group_and_network_name] No name was given. Addressing all networks of default network_group: yolo26n
[2026-09-08 15:51:55.751] [14286] [HailoRT] [info] [edge_elements.cpp:52] [create] Created (HwWriteEl2yolo26n/input_layer1 | hw_frame_size: 2211840)
[2026-09-08 15:51:55.751] [14286] [HailoRT] [info] [vstream.cpp:754] [InputVStreamImpl] Creating yolo26n/input_layer1...
[2026-09-08 15:51:55.751] [14286] [HailoRT] [info] [vstream_builder.cpp:102] [create_inputs] Input pipeline 'yolo26n/input_layer1': (HwWriteEl2yolo26n/input_layer1 | hw_frame_size: 2211840) >> HW
[2026-09-08 15:51:55.751] [14286] [HailoRT] [info] [edge_elements.cpp:287] [create] Created (HwReadEl3yolo26n/conv61 | hw_frame_size: 92160)
[2026-09-08 15:51:55.751] [14286] [HailoRT] [info] [queue_elements.cpp:657] [create] Created (PullQEl_hw_read3yolo26n/conv61)
[2026-09-08 15:51:55.751] [14286] [HailoRT] [info] [filter_elements.cpp:372] [create] Created (PostInferEl3yolo26n/conv61 | Quantization - src_type: UINT16, dst_type FLOAT32, limvals_min: -0.881752, limvals_max: 6.27869)
[2026-09-08 15:51:55.751] [14286] [HailoRT] [info] [queue_elements.cpp:800] [create] Created (UserBuffQEl3yolo26n/conv61 | timeout: 10s)
[2026-09-08 15:51:55.751] [14286] [HailoRT] [info] [vstream.cpp:1114] [OutputVStreamImpl] Creating yolo26n/conv61...
[2026-09-08 15:51:55.751] [14286] [HailoRT] [info] [vstream_builder.cpp:220] [create_outputs] Output pipeline 'yolo26n/conv61': HW >> (HwReadEl3yolo26n/conv61 | hw_frame_size: 92160) >> (PullQEl_hw_read3yolo26n/conv61) >> (PostInferEl3yolo26n/conv61 | Quantization - src_type: UINT16, dst_type FLOAT32, limvals_min: -0.881752, limvals_max: 6.27869) >> (UserBuffQEl3yolo26n/conv61 | timeout: 10s)
[2026-09-08 15:51:55.751] [14286] [HailoRT] [info] [edge_elements.cpp:287] [create] Created (HwReadEl2yolo26n/conv64 | hw_frame_size: 23040)
[2026-09-08 15:51:55.751] [14286] [HailoRT] [info] [queue_elements.cpp:657] [create] Created (PullQEl_hw_read2yolo26n/conv64)
[2026-09-08 15:51:55.751] [14286] [HailoRT] [info] [filter_elements.cpp:372] [create] Created (PostInferEl2yolo26n/conv64 | Quantization - src_type: UINT16, dst_type FLOAT32, limvals_min: -164.817, limvals_max: 3.19963)
[2026-09-08 15:51:55.751] [14286] [HailoRT] [info] [queue_elements.cpp:800] [create] Created (UserBuffQEl2yolo26n/conv64 | timeout: 10s)
[2026-09-08 15:51:55.751] [14286] [HailoRT] [info] [vstream.cpp:1114] [OutputVStreamImpl] Creating yolo26n/conv64...
[2026-09-08 15:51:55.751] [14286] [HailoRT] [info] [vstream_builder.cpp:220] [create_outputs] Output pipeline 'yolo26n/conv64': HW >> (HwReadEl2yolo26n/conv64 | hw_frame_size: 23040) >> (PullQEl_hw_read2yolo26n/conv64) >> (PostInferEl2yolo26n/conv64 | Quantization - src_type: UINT16, dst_type FLOAT32, limvals_min: -164.817, limvals_max: 3.19963) >> (UserBuffQEl2yolo26n/conv64 | timeout: 10s)
[2026-09-08 15:51:55.751] [14286] [HailoRT] [info] [edge_elements.cpp:287] [create] Created (HwReadEl2yolo26n/conv77 | hw_frame_size: 23040)
[2026-09-08 15:51:55.751] [14286] [HailoRT] [info] [queue_elements.cpp:657] [create] Created (PullQEl_hw_read2yolo26n/conv77)
[2026-09-08 15:51:55.751] [14286] [HailoRT] [info] [filter_elements.cpp:372] [create] Created (PostInferEl2yolo26n/conv77 | Quantization - src_type: UINT16, dst_type FLOAT32, limvals_min: -0.67052, limvals_max: 17.2357)
[2026-09-08 15:51:55.752] [14286] [HailoRT] [info] [queue_elements.cpp:800] [create] Created (UserBuffQEl2yolo26n/conv77 | timeout: 10s)
[2026-09-08 15:51:55.752] [14286] [HailoRT] [info] [vstream.cpp:1114] [OutputVStreamImpl] Creating yolo26n/conv77...
[2026-09-08 15:51:55.752] [14286] [HailoRT] [info] [vstream_builder.cpp:220] [create_outputs] Output pipeline 'yolo26n/conv77': HW >> (HwReadEl2yolo26n/conv77 | hw_frame_size: 23040) >> (PullQEl_hw_read2yolo26n/conv77) >> (PostInferEl2yolo26n/conv77 | Quantization - src_type: UINT16, dst_type FLOAT32, limvals_min: -0.67052, limvals_max: 17.2357) >> (UserBuffQEl2yolo26n/conv77 | timeout: 10s)
[2026-09-08 15:51:55.752] [14286] [HailoRT] [info] [edge_elements.cpp:287] [create] Created (HwReadEl0yolo26n/conv80 | hw_frame_size: 5760)
[2026-09-08 15:51:55.752] [14286] [HailoRT] [info] [queue_elements.cpp:657] [create] Created (PullQEl_hw_read0yolo26n/conv80)
[2026-09-08 15:51:55.752] [14286] [HailoRT] [info] [filter_elements.cpp:372] [create] Created (PostInferEl0yolo26n/conv80 | Quantization - src_type: UINT16, dst_type FLOAT32, limvals_min: -67.4827, limvals_max: 0)
[2026-09-08 15:51:55.752] [14286] [HailoRT] [info] [queue_elements.cpp:800] [create] Created (UserBuffQEl0yolo26n/conv80 | timeout: 10s)
[2026-09-08 15:51:55.752] [14286] [HailoRT] [info] [vstream.cpp:1114] [OutputVStreamImpl] Creating yolo26n/conv80...
[2026-09-08 15:51:55.752] [14286] [HailoRT] [info] [vstream_builder.cpp:220] [create_outputs] Output pipeline 'yolo26n/conv80': HW >> (HwReadEl0yolo26n/conv80 | hw_frame_size: 5760) >> (PullQEl_hw_read0yolo26n/conv80) >> (PostInferEl0yolo26n/conv80 | Quantization - src_type: UINT16, dst_type FLOAT32, limvals_min: -67.4827, limvals_max: 0) >> (UserBuffQEl0yolo26n/conv80 | timeout: 10s)
[2026-09-08 15:51:55.752] [14286] [HailoRT] [info] [edge_elements.cpp:287] [create] Created (HwReadEl3yolo26n/conv91 | hw_frame_size: 11520)
[2026-09-08 15:51:55.752] [14286] [HailoRT] [info] [queue_elements.cpp:657] [create] Created (PullQEl_hw_read3yolo26n/conv91)
[2026-09-08 15:51:55.752] [14286] [HailoRT] [info] [filter_elements.cpp:372] [create] Created (PostInferEl3yolo26n/conv91 | Quantization - src_type: UINT16, dst_type FLOAT32, limvals_min: 0, limvals_max: 8.46146 | Reorder - src_order: FCR, src_shape: (20, 36, 8), dst_order: FCR, dst_shape: (20, 36, 4))
[2026-09-08 15:51:55.752] [14286] [HailoRT] [info] [queue_elements.cpp:800] [create] Created (UserBuffQEl3yolo26n/conv91 | timeout: 10s)
[2026-09-08 15:51:55.752] [14286] [HailoRT] [info] [vstream.cpp:1114] [OutputVStreamImpl] Creating yolo26n/conv91...
[2026-09-08 15:51:55.752] [14286] [HailoRT] [info] [vstream_builder.cpp:220] [create_outputs] Output pipeline 'yolo26n/conv91': HW >> (HwReadEl3yolo26n/conv91 | hw_frame_size: 11520) >> (PullQEl_hw_read3yolo26n/conv91) >> (PostInferEl3yolo26n/conv91 | Quantization - src_type: UINT16, dst_type FLOAT32, limvals_min: 0, limvals_max: 8.46146 | Reorder - src_order: FCR, src_shape: (20, 36, 8), dst_order: FCR, dst_shape: (20, 36, 4)) >> (UserBuffQEl3yolo26n/conv91 | timeout: 10s)
[2026-09-08 15:51:55.752] [14286] [HailoRT] [info] [edge_elements.cpp:287] [create] Created (HwReadEl0yolo26n/conv94 | hw_frame_size: 11520)
[2026-09-08 15:51:55.752] [14286] [HailoRT] [info] [queue_elements.cpp:657] [create] Created (PullQEl_hw_read0yolo26n/conv94)
[2026-09-08 15:51:55.752] [14286] [HailoRT] [info] [filter_elements.cpp:372] [create] Created (PostInferEl0yolo26n/conv94 | Quantization - src_type: UINT16, dst_type FLOAT32, limvals_min: -64.0772, limvals_max: 0 | Reorder - src_order: FCR, src_shape: (20, 36, 8), dst_order: FCR, dst_shape: (20, 36, 1))
[2026-09-08 15:51:55.752] [14286] [HailoRT] [info] [queue_elements.cpp:800] [create] Created (UserBuffQEl0yolo26n/conv94 | timeout: 10s)
[2026-09-08 15:51:55.752] [14286] [HailoRT] [info] [vstream.cpp:1114] [OutputVStreamImpl] Creating yolo26n/conv94...
[2026-09-08 15:51:55.752] [14286] [HailoRT] [info] [vstream_builder.cpp:220] [create_outputs] Output pipeline 'yolo26n/conv94': HW >> (HwReadEl0yolo26n/conv94 | hw_frame_size: 11520) >> (PullQEl_hw_read0yolo26n/conv94) >> (PostInferEl0yolo26n/conv94 | Quantization - src_type: UINT16, dst_type FLOAT32, limvals_min: -64.0772, limvals_max: 0 | Reorder - src_order: FCR, src_shape: (20, 36, 8), dst_order: FCR, dst_shape: (20, 36, 1)) >> (UserBuffQEl0yolo26n/conv94 | timeout: 10s)
[2026-09-08 15:51:55.753] [14286] [HailoRT] [info] [core_op.cpp:156] [activate] Activating yolo26n took 0.464148 milliseconds. Note that the function is asynchronous and thus the network is not fully activated yet.
[2026-09-08 15:51:55.753] [14286] [HailoRT] [info] [core_op.cpp:156] [activate] Activating yolo26n took 0.473592 milliseconds. Note that the function is asynchronous and thus the network is not fully activated yet.
[2026-09-08 15:52:15.071] [14324] [HailoRT] [info] [vdevice_native_stream.cpp:331] [read_impl] Failed read from stream HAILO_STREAM_NOT_ACTIVATED(72) (device: 0001:01:00.0)
[2026-09-08 15:52:15.071] [14327] [HailoRT] [info] [vdevice_native_stream.cpp:331] [read_impl] Failed read from stream HAILO_STREAM_NOT_ACTIVATED(72) (device: 0001:01:00.0)
[2026-09-08 15:52:15.071] [14322] [HailoRT] [info] [vdevice_native_stream.cpp:331] [read_impl] Failed read from stream HAILO_STREAM_NOT_ACTIVATED(72) (device: 0001:01:00.0)
[2026-09-08 15:52:15.071] [14332] [HailoRT] [info] [vdevice_native_stream.cpp:331] [read_impl] Failed read from stream HAILO_STREAM_NOT_ACTIVATED(72) (device: 0001:01:00.0)
[2026-09-08 15:52:15.071] [14320] [HailoRT] [info] [vdevice_native_stream.cpp:331] [read_impl] Failed read from stream HAILO_STREAM_NOT_ACTIVATED(72) (device: 0001:01:00.0)
[2026-09-08 15:52:15.071] [14330] [HailoRT] [info] [vdevice_native_stream.cpp:331] [read_impl] Failed read from stream HAILO_STREAM_NOT_ACTIVATED(72) (device: 0001:01:00.0)
[2026-09-08 15:52:15.071] [14286] [HailoRT] [info] [core_op.cpp:186] [deactivate] Deactivating took 0.544593 ms
[2026-09-08 15:52:15.071] [14286] [HailoRT] [info] [core_op.cpp:186] [deactivate] Deactivating took 0.563037 ms
[2026-09-08 15:52:15.071] [14321] [HailoRT] [info] [queue_elements.cpp:855] [run_in_thread] Shutdown event was signaled in dequeue of UserBuffQEl3yolo26n/conv61!
[2026-09-08 15:52:15.071] [14320] [HailoRT] [info] [queue_elements.cpp:734] [run_in_thread] Shutdown event was signaled in run_pull of queue element PullQEl_hw_read3yolo26n/conv61!
[2026-09-08 15:52:15.071] [14320] [HailoRT] [info] [queue_elements.cpp:68] [operator()] Thread in element PullQEl_hw_read3yolo26n/conv61 is not running anymore, exiting..
[2026-09-08 15:52:15.071] [14286] [HailoRT] [info] [queue_elements.cpp:46] [~BaseQueueElement] Queue element PullQEl_hw_read3yolo26n/conv61 has 0 frames in his Queue on destruction
[2026-09-08 15:52:15.071] [14321] [HailoRT] [info] [queue_elements.cpp:68] [operator()] Thread in element UserBuffQEl3yolo26n/conv61 is not running anymore, exiting..
[2026-09-08 15:52:15.072] [14286] [HailoRT] [info] [queue_elements.cpp:46] [~BaseQueueElement] Queue element UserBuffQEl3yolo26n/conv61 has 0 frames in his Queue on destruction
[2026-09-08 15:52:15.072] [14323] [HailoRT] [info] [queue_elements.cpp:855] [run_in_thread] Shutdown event was signaled in dequeue of UserBuffQEl2yolo26n/conv64!
[2026-09-08 15:52:15.072] [14322] [HailoRT] [info] [queue_elements.cpp:734] [run_in_thread] Shutdown event was signaled in run_pull of queue element PullQEl_hw_read2yolo26n/conv64!
[2026-09-08 15:52:15.072] [14322] [HailoRT] [info] [queue_elements.cpp:68] [operator()] Thread in element PullQEl_hw_read2yolo26n/conv64 is not running anymore, exiting..
[2026-09-08 15:52:15.072] [14286] [HailoRT] [info] [queue_elements.cpp:46] [~BaseQueueElement] Queue element PullQEl_hw_read2yolo26n/conv64 has 0 frames in his Queue on destruction
[2026-09-08 15:52:15.072] [14323] [HailoRT] [info] [queue_elements.cpp:68] [operator()] Thread in element UserBuffQEl2yolo26n/conv64 is not running anymore, exiting..
[2026-09-08 15:52:15.072] [14286] [HailoRT] [info] [queue_elements.cpp:46] [~BaseQueueElement] Queue element UserBuffQEl2yolo26n/conv64 has 0 frames in his Queue on destruction
[2026-09-08 15:52:15.072] [14325] [HailoRT] [info] [queue_elements.cpp:855] [run_in_thread] Shutdown event was signaled in dequeue of UserBuffQEl2yolo26n/conv77!
[2026-09-08 15:52:15.072] [14324] [HailoRT] [info] [queue_elements.cpp:734] [run_in_thread] Shutdown event was signaled in run_pull of queue element PullQEl_hw_read2yolo26n/conv77!
[2026-09-08 15:52:15.072] [14324] [HailoRT] [info] [queue_elements.cpp:68] [operator()] Thread in element PullQEl_hw_read2yolo26n/conv77 is not running anymore, exiting..
[2026-09-08 15:52:15.072] [14286] [HailoRT] [info] [queue_elements.cpp:46] [~BaseQueueElement] Queue element PullQEl_hw_read2yolo26n/conv77 has 0 frames in his Queue on destruction
[2026-09-08 15:52:15.072] [14325] [HailoRT] [info] [queue_elements.cpp:68] [operator()] Thread in element UserBuffQEl2yolo26n/conv77 is not running anymore, exiting..
[2026-09-08 15:52:15.072] [14286] [HailoRT] [info] [queue_elements.cpp:46] [~BaseQueueElement] Queue element UserBuffQEl2yolo26n/conv77 has 0 frames in his Queue on destruction
[2026-09-08 15:52:15.072] [14327] [HailoRT] [info] [queue_elements.cpp:734] [run_in_thread] Shutdown event was signaled in run_pull of queue element PullQEl_hw_read0yolo26n/conv80!
[2026-09-08 15:52:15.072] [14328] [HailoRT] [info] [queue_elements.cpp:855] [run_in_thread] Shutdown event was signaled in dequeue of UserBuffQEl0yolo26n/conv80!
[2026-09-08 15:52:15.072] [14327] [HailoRT] [info] [queue_elements.cpp:68] [operator()] Thread in element PullQEl_hw_read0yolo26n/conv80 is not running anymore, exiting..
[2026-09-08 15:52:15.072] [14286] [HailoRT] [info] [queue_elements.cpp:46] [~BaseQueueElement] Queue element PullQEl_hw_read0yolo26n/conv80 has 0 frames in his Queue on destruction
[2026-09-08 15:52:15.072] [14328] [HailoRT] [info] [queue_elements.cpp:68] [operator()] Thread in element UserBuffQEl0yolo26n/conv80 is not running anymore, exiting..
[2026-09-08 15:52:15.072] [14286] [HailoRT] [info] [queue_elements.cpp:46] [~BaseQueueElement] Queue element UserBuffQEl0yolo26n/conv80 has 0 frames in his Queue on destruction
[2026-09-08 15:52:15.072] [14330] [HailoRT] [info] [queue_elements.cpp:734] [run_in_thread] Shutdown event was signaled in run_pull of queue element PullQEl_hw_read3yolo26n/conv91!
[2026-09-08 15:52:15.072] [14331] [HailoRT] [info] [queue_elements.cpp:855] [run_in_thread] Shutdown event was signaled in dequeue of UserBuffQEl3yolo26n/conv91!
[2026-09-08 15:52:15.072] [14330] [HailoRT] [info] [queue_elements.cpp:68] [operator()] Thread in element PullQEl_hw_read3yolo26n/conv91 is not running anymore, exiting..
[2026-09-08 15:52:15.072] [14286] [HailoRT] [info] [queue_elements.cpp:46] [~BaseQueueElement] Queue element PullQEl_hw_read3yolo26n/conv91 has 0 frames in his Queue on destruction
[2026-09-08 15:52:15.072] [14331] [HailoRT] [info] [queue_elements.cpp:68] [operator()] Thread in element UserBuffQEl3yolo26n/conv91 is not running anymore, exiting..
[2026-09-08 15:52:15.072] [14286] [HailoRT] [info] [queue_elements.cpp:46] [~BaseQueueElement] Queue element UserBuffQEl3yolo26n/conv91 has 0 frames in his Queue on destruction
[2026-09-08 15:52:15.072] [14332] [HailoRT] [info] [queue_elements.cpp:734] [run_in_thread] Shutdown event was signaled in run_pull of queue element PullQEl_hw_read0yolo26n/conv94!
[2026-09-08 15:52:15.072] [14333] [HailoRT] [info] [queue_elements.cpp:855] [run_in_thread] Shutdown event was signaled in dequeue of UserBuffQEl0yolo26n/conv94!
[2026-09-08 15:52:15.072] [14332] [HailoRT] [info] [queue_elements.cpp:68] [operator()] Thread in element PullQEl_hw_read0yolo26n/conv94 is not running anymore, exiting..
[2026-09-08 15:52:15.072] [14286] [HailoRT] [info] [queue_elements.cpp:46] [~BaseQueueElement] Queue element PullQEl_hw_read0yolo26n/conv94 has 0 frames in his Queue on destruction
[2026-09-08 15:52:15.072] [14333] [HailoRT] [info] [queue_elements.cpp:68] [operator()] Thread in element UserBuffQEl0yolo26n/conv94 is not running anymore, exiting..
[2026-09-08 15:52:15.072] [14286] [HailoRT] [info] [queue_elements.cpp:46] [~BaseQueueElement] Queue element UserBuffQEl0yolo26n/conv94 has 0 frames in his Queue on destruction
[2026-09-08 15:54:25.133] [18406] [HailoRT] [info] [vdevice.cpp:535] [create] Creating vdevice with params: device_count: 1, scheduling_algorithm: NONE, multi_process_service: false
[2026-09-08 15:54:25.144] [18406] [HailoRT] [info] [device.cpp:51] [Device] OS Version: Linux 6.18.39+rpt-rpi-2712 #1 SMP PREEMPT Debian 1:6.18.39-1+rpt1 (2026-07-29) aarch64
[2026-09-08 15:54:25.144] [18406] [HailoRT] [info] [control.cpp:113] [control__parse_identify_results] firmware_version is: 4.23.0
[2026-09-08 15:54:25.144] [18406] [HailoRT] [info] [vdevice.cpp:682] [create] VDevice Infos: 0001:01:00.0
[2026-09-08 15:54:25.151] [18406] [HailoRT] [info] [internal_buffer_manager.cpp:77] [print_execution_results] Planned internal buffer memory: CMA=0 CMA-Desc=917504 Pinned=2956800. memory to edge layer usage factor is 0.9621793
[2026-09-08 15:54:25.151] [18406] [HailoRT] [info] [internal_buffer_manager.cpp:86] [print_execution_results] Default Internal buffer planner executed successfully
[2026-09-08 15:54:25.180] [18406] [HailoRT] [info] [device_internal.cpp:57] [configure] Configuring HEF took 35.698566 milliseconds
[2026-09-08 15:54:25.180] [18406] [HailoRT] [info] [vdevice.cpp:780] [configure] Configuring HEF on VDevice took 36.013196 milliseconds
[2026-09-08 15:54:25.181] [18406] [HailoRT] [info] [hef.cpp:1994] [get_network_group_and_network_name] No name was given. Addressing all networks of default network_group: yolo26n
[2026-09-08 15:54:25.181] [18406] [HailoRT] [info] [hef.cpp:1994] [get_network_group_and_network_name] No name was given. Addressing all networks of default network_group: yolo26n
[2026-09-08 15:54:25.181] [18406] [HailoRT] [info] [edge_elements.cpp:52] [create] Created (HwWriteEl2yolo26n/input_layer1 | hw_frame_size: 2211840)
[2026-09-08 15:54:25.181] [18406] [HailoRT] [info] [vstream.cpp:754] [InputVStreamImpl] Creating yolo26n/input_layer1...
[2026-09-08 15:54:25.181] [18406] [HailoRT] [info] [vstream_builder.cpp:102] [create_inputs] Input pipeline 'yolo26n/input_layer1': (HwWriteEl2yolo26n/input_layer1 | hw_frame_size: 2211840) >> HW
[2026-09-08 15:54:25.181] [18406] [HailoRT] [info] [edge_elements.cpp:287] [create] Created (HwReadEl3yolo26n/conv61 | hw_frame_size: 92160)
[2026-09-08 15:54:25.181] [18406] [HailoRT] [info] [queue_elements.cpp:657] [create] Created (PullQEl_hw_read3yolo26n/conv61)
[2026-09-08 15:54:25.181] [18406] [HailoRT] [info] [filter_elements.cpp:372] [create] Created (PostInferEl3yolo26n/conv61 | Quantization - src_type: UINT16, dst_type FLOAT32, limvals_min: -0.881752, limvals_max: 6.27869)
[2026-09-08 15:54:25.181] [18406] [HailoRT] [info] [queue_elements.cpp:800] [create] Created (UserBuffQEl3yolo26n/conv61 | timeout: 10s)
[2026-09-08 15:54:25.181] [18406] [HailoRT] [info] [vstream.cpp:1114] [OutputVStreamImpl] Creating yolo26n/conv61...
[2026-09-08 15:54:25.181] [18406] [HailoRT] [info] [vstream_builder.cpp:220] [create_outputs] Output pipeline 'yolo26n/conv61': HW >> (HwReadEl3yolo26n/conv61 | hw_frame_size: 92160) >> (PullQEl_hw_read3yolo26n/conv61) >> (PostInferEl3yolo26n/conv61 | Quantization - src_type: UINT16, dst_type FLOAT32, limvals_min: -0.881752, limvals_max: 6.27869) >> (UserBuffQEl3yolo26n/conv61 | timeout: 10s)
[2026-09-08 15:54:25.181] [18406] [HailoRT] [info] [edge_elements.cpp:287] [create] Created (HwReadEl2yolo26n/conv64 | hw_frame_size: 23040)
[2026-09-08 15:54:25.181] [18406] [HailoRT] [info] [queue_elements.cpp:657] [create] Created (PullQEl_hw_read2yolo26n/conv64)
[2026-09-08 15:54:25.181] [18406] [HailoRT] [info] [filter_elements.cpp:372] [create] Created (PostInferEl2yolo26n/conv64 | Quantization - src_type: UINT16, dst_type FLOAT32, limvals_min: -164.817, limvals_max: 3.19963)
[2026-09-08 15:54:25.181] [18406] [HailoRT] [info] [queue_elements.cpp:800] [create] Created (UserBuffQEl2yolo26n/conv64 | timeout: 10s)
[2026-09-08 15:54:25.181] [18406] [HailoRT] [info] [vstream.cpp:1114] [OutputVStreamImpl] Creating yolo26n/conv64...
[2026-09-08 15:54:25.181] [18406] [HailoRT] [info] [vstream_builder.cpp:220] [create_outputs] Output pipeline 'yolo26n/conv64': HW >> (HwReadEl2yolo26n/conv64 | hw_frame_size: 23040) >> (PullQEl_hw_read2yolo26n/conv64) >> (PostInferEl2yolo26n/conv64 | Quantization - src_type: UINT16, dst_type FLOAT32, limvals_min: -164.817, limvals_max: 3.19963) >> (UserBuffQEl2yolo26n/conv64 | timeout: 10s)
[2026-09-08 15:54:25.181] [18406] [HailoRT] [info] [edge_elements.cpp:287] [create] Created (HwReadEl2yolo26n/conv77 | hw_frame_size: 23040)
[2026-09-08 15:54:25.181] [18406] [HailoRT] [info] [queue_elements.cpp:657] [create] Created (PullQEl_hw_read2yolo26n/conv77)
[2026-09-08 15:54:25.181] [18406] [HailoRT] [info] [filter_elements.cpp:372] [create] Created (PostInferEl2yolo26n/conv77 | Quantization - src_type: UINT16, dst_type FLOAT32, limvals_min: -0.67052, limvals_max: 17.2357)
[2026-09-08 15:54:25.181] [18406] [HailoRT] [info] [queue_elements.cpp:800] [create] Created (UserBuffQEl2yolo26n/conv77 | timeout: 10s)
[2026-09-08 15:54:25.181] [18406] [HailoRT] [info] [vstream.cpp:1114] [OutputVStreamImpl] Creating yolo26n/conv77...
[2026-09-08 15:54:25.181] [18406] [HailoRT] [info] [vstream_builder.cpp:220] [create_outputs] Output pipeline 'yolo26n/conv77': HW >> (HwReadEl2yolo26n/conv77 | hw_frame_size: 23040) >> (PullQEl_hw_read2yolo26n/conv77) >> (PostInferEl2yolo26n/conv77 | Quantization - src_type: UINT16, dst_type FLOAT32, limvals_min: -0.67052, limvals_max: 17.2357) >> (UserBuffQEl2yolo26n/conv77 | timeout: 10s)
[2026-09-08 15:54:25.181] [18406] [HailoRT] [info] [edge_elements.cpp:287] [create] Created (HwReadEl0yolo26n/conv80 | hw_frame_size: 5760)
[2026-09-08 15:54:25.181] [18406] [HailoRT] [info] [queue_elements.cpp:657] [create] Created (PullQEl_hw_read0yolo26n/conv80)
[2026-09-08 15:54:25.181] [18406] [HailoRT] [info] [filter_elements.cpp:372] [create] Created (PostInferEl0yolo26n/conv80 | Quantization - src_type: UINT16, dst_type FLOAT32, limvals_min: -67.4827, limvals_max: 0)
[2026-09-08 15:54:25.182] [18406] [HailoRT] [info] [queue_elements.cpp:800] [create] Created (UserBuffQEl0yolo26n/conv80 | timeout: 10s)
[2026-09-08 15:54:25.182] [18406] [HailoRT] [info] [vstream.cpp:1114] [OutputVStreamImpl] Creating yolo26n/conv80...
[2026-09-08 15:54:25.182] [18406] [HailoRT] [info] [vstream_builder.cpp:220] [create_outputs] Output pipeline 'yolo26n/conv80': HW >> (HwReadEl0yolo26n/conv80 | hw_frame_size: 5760) >> (PullQEl_hw_read0yolo26n/conv80) >> (PostInferEl0yolo26n/conv80 | Quantization - src_type: UINT16, dst_type FLOAT32, limvals_min: -67.4827, limvals_max: 0) >> (UserBuffQEl0yolo26n/conv80 | timeout: 10s)
[2026-09-08 15:54:25.182] [18406] [HailoRT] [info] [edge_elements.cpp:287] [create] Created (HwReadEl3yolo26n/conv91 | hw_frame_size: 11520)
[2026-09-08 15:54:25.182] [18406] [HailoRT] [info] [queue_elements.cpp:657] [create] Created (PullQEl_hw_read3yolo26n/conv91)
[2026-09-08 15:54:25.182] [18406] [HailoRT] [info] [filter_elements.cpp:372] [create] Created (PostInferEl3yolo26n/conv91 | Quantization - src_type: UINT16, dst_type FLOAT32, limvals_min: 0, limvals_max: 8.46146 | Reorder - src_order: FCR, src_shape: (20, 36, 8), dst_order: FCR, dst_shape: (20, 36, 4))
[2026-09-08 15:54:25.182] [18406] [HailoRT] [info] [queue_elements.cpp:800] [create] Created (UserBuffQEl3yolo26n/conv91 | timeout: 10s)
[2026-09-08 15:54:25.182] [18406] [HailoRT] [info] [vstream.cpp:1114] [OutputVStreamImpl] Creating yolo26n/conv91...
[2026-09-08 15:54:25.182] [18406] [HailoRT] [info] [vstream_builder.cpp:220] [create_outputs] Output pipeline 'yolo26n/conv91': HW >> (HwReadEl3yolo26n/conv91 | hw_frame_size: 11520) >> (PullQEl_hw_read3yolo26n/conv91) >> (PostInferEl3yolo26n/conv91 | Quantization - src_type: UINT16, dst_type FLOAT32, limvals_min: 0, limvals_max: 8.46146 | Reorder - src_order: FCR, src_shape: (20, 36, 8), dst_order: FCR, dst_shape: (20, 36, 4)) >> (UserBuffQEl3yolo26n/conv91 | timeout: 10s)
[2026-09-08 15:54:25.182] [18406] [HailoRT] [info] [edge_elements.cpp:287] [create] Created (HwReadEl0yolo26n/conv94 | hw_frame_size: 11520)
[2026-09-08 15:54:25.182] [18406] [HailoRT] [info] [queue_elements.cpp:657] [create] Created (PullQEl_hw_read0yolo26n/conv94)
[2026-09-08 15:54:25.182] [18406] [HailoRT] [info] [filter_elements.cpp:372] [create] Created (PostInferEl0yolo26n/conv94 | Quantization - src_type: UINT16, dst_type FLOAT32, limvals_min: -64.0772, limvals_max: 0 | Reorder - src_order: FCR, src_shape: (20, 36, 8), dst_order: FCR, dst_shape: (20, 36, 1))
[2026-09-08 15:54:25.182] [18406] [HailoRT] [info] [queue_elements.cpp:800] [create] Created (UserBuffQEl0yolo26n/conv94 | timeout: 10s)
[2026-09-08 15:54:25.182] [18406] [HailoRT] [info] [vstream.cpp:1114] [OutputVStreamImpl] Creating yolo26n/conv94...
[2026-09-08 15:54:25.182] [18406] [HailoRT] [info] [vstream_builder.cpp:220] [create_outputs] Output pipeline 'yolo26n/conv94': HW >> (HwReadEl0yolo26n/conv94 | hw_frame_size: 11520) >> (PullQEl_hw_read0yolo26n/conv94) >> (PostInferEl0yolo26n/conv94 | Quantization - src_type: UINT16, dst_type FLOAT32, limvals_min: -64.0772, limvals_max: 0 | Reorder - src_order: FCR, src_shape: (20, 36, 8), dst_order: FCR, dst_shape: (20, 36, 1)) >> (UserBuffQEl0yolo26n/conv94 | timeout: 10s)
[2026-09-08 15:54:25.182] [18406] [HailoRT] [info] [core_op.cpp:156] [activate] Activating yolo26n took 0.446148 milliseconds. Note that the function is asynchronous and thus the network is not fully activated yet.
[2026-09-08 15:54:25.183] [18406] [HailoRT] [info] [core_op.cpp:156] [activate] Activating yolo26n took 0.454834 milliseconds. Note that the function is asynchronous and thus the network is not fully activated yet.
[2026-09-08 15:54:52.459] [18536] [HailoRT] [info] [vdevice_native_stream.cpp:331] [read_impl] Failed read from stream HAILO_STREAM_NOT_ACTIVATED(72) (device: 0001:01:00.0)
[2026-09-08 15:54:52.459] [18541] [HailoRT] [info] [vdevice_native_stream.cpp:331] [read_impl] Failed read from stream HAILO_STREAM_NOT_ACTIVATED(72) (device: 0001:01:00.0)
[2026-09-08 15:54:52.459] [18538] [HailoRT] [info] [vdevice_native_stream.cpp:331] [read_impl] Failed read from stream HAILO_STREAM_NOT_ACTIVATED(72) (device: 0001:01:00.0)
[2026-09-08 15:54:52.459] [18546] [HailoRT] [info] [vdevice_native_stream.cpp:331] [read_impl] Failed read from stream HAILO_STREAM_NOT_ACTIVATED(72) (device: 0001:01:00.0)
[2026-09-08 15:54:52.459] [18544] [HailoRT] [info] [vdevice_native_stream.cpp:331] [read_impl] Failed read from stream HAILO_STREAM_NOT_ACTIVATED(72) (device: 0001:01:00.0)
[2026-09-08 15:54:52.459] [18534] [HailoRT] [info] [vdevice_native_stream.cpp:331] [read_impl] Failed read from stream HAILO_STREAM_NOT_ACTIVATED(72) (device: 0001:01:00.0)
[2026-09-08 15:54:52.459] [18406] [HailoRT] [info] [core_op.cpp:186] [deactivate] Deactivating took 0.541148 ms
[2026-09-08 15:54:52.459] [18406] [HailoRT] [info] [core_op.cpp:186] [deactivate] Deactivating took 0.558833 ms
[2026-09-08 15:54:52.459] [18535] [HailoRT] [info] [queue_elements.cpp:855] [run_in_thread] Shutdown event was signaled in dequeue of UserBuffQEl3yolo26n/conv61!
[2026-09-08 15:54:52.459] [18534] [HailoRT] [info] [queue_elements.cpp:734] [run_in_thread] Shutdown event was signaled in run_pull of queue element PullQEl_hw_read3yolo26n/conv61!
[2026-09-08 15:54:52.459] [18534] [HailoRT] [info] [queue_elements.cpp:68] [operator()] Thread in element PullQEl_hw_read3yolo26n/conv61 is not running anymore, exiting..
[2026-09-08 15:54:52.459] [18406] [HailoRT] [info] [queue_elements.cpp:46] [~BaseQueueElement] Queue element PullQEl_hw_read3yolo26n/conv61 has 0 frames in his Queue on destruction
[2026-09-08 15:54:52.460] [18535] [HailoRT] [info] [queue_elements.cpp:68] [operator()] Thread in element UserBuffQEl3yolo26n/conv61 is not running anymore, exiting..
[2026-09-08 15:54:52.460] [18406] [HailoRT] [info] [queue_elements.cpp:46] [~BaseQueueElement] Queue element UserBuffQEl3yolo26n/conv61 has 0 frames in his Queue on destruction
[2026-09-08 15:54:52.460] [18536] [HailoRT] [info] [queue_elements.cpp:734] [run_in_thread] Shutdown event was signaled in run_pull of queue element PullQEl_hw_read2yolo26n/conv64!
[2026-09-08 15:54:52.460] [18537] [HailoRT] [info] [queue_elements.cpp:855] [run_in_thread] Shutdown event was signaled in dequeue of UserBuffQEl2yolo26n/conv64!
[2026-09-08 15:54:52.460] [18536] [HailoRT] [info] [queue_elements.cpp:68] [operator()] Thread in element PullQEl_hw_read2yolo26n/conv64 is not running anymore, exiting..
[2026-09-08 15:54:52.460] [18406] [HailoRT] [info] [queue_elements.cpp:46] [~BaseQueueElement] Queue element PullQEl_hw_read2yolo26n/conv64 has 0 frames in his Queue on destruction
[2026-09-08 15:54:52.460] [18537] [HailoRT] [info] [queue_elements.cpp:68] [operator()] Thread in element UserBuffQEl2yolo26n/conv64 is not running anymore, exiting..
[2026-09-08 15:54:52.460] [18406] [HailoRT] [info] [queue_elements.cpp:46] [~BaseQueueElement] Queue element UserBuffQEl2yolo26n/conv64 has 0 frames in his Queue on destruction
[2026-09-08 15:54:52.460] [18539] [HailoRT] [info] [queue_elements.cpp:855] [run_in_thread] Shutdown event was signaled in dequeue of UserBuffQEl2yolo26n/conv77!
[2026-09-08 15:54:52.460] [18538] [HailoRT] [info] [queue_elements.cpp:734] [run_in_thread] Shutdown event was signaled in run_pull of queue element PullQEl_hw_read2yolo26n/conv77!
[2026-09-08 15:54:52.460] [18538] [HailoRT] [info] [queue_elements.cpp:68] [operator()] Thread in element PullQEl_hw_read2yolo26n/conv77 is not running anymore, exiting..
[2026-09-08 15:54:52.460] [18406] [HailoRT] [info] [queue_elements.cpp:46] [~BaseQueueElement] Queue element PullQEl_hw_read2yolo26n/conv77 has 0 frames in his Queue on destruction
[2026-09-08 15:54:52.460] [18539] [HailoRT] [info] [queue_elements.cpp:68] [operator()] Thread in element UserBuffQEl2yolo26n/conv77 is not running anymore, exiting..
[2026-09-08 15:54:52.460] [18406] [HailoRT] [info] [queue_elements.cpp:46] [~BaseQueueElement] Queue element UserBuffQEl2yolo26n/conv77 has 0 frames in his Queue on destruction
[2026-09-08 15:54:52.460] [18542] [HailoRT] [info] [queue_elements.cpp:855] [run_in_thread] Shutdown event was signaled in dequeue of UserBuffQEl0yolo26n/conv80!
[2026-09-08 15:54:52.460] [18541] [HailoRT] [info] [queue_elements.cpp:734] [run_in_thread] Shutdown event was signaled in run_pull of queue element PullQEl_hw_read0yolo26n/conv80!
[2026-09-08 15:54:52.460] [18541] [HailoRT] [info] [queue_elements.cpp:68] [operator()] Thread in element PullQEl_hw_read0yolo26n/conv80 is not running anymore, exiting..
[2026-09-08 15:54:52.460] [18406] [HailoRT] [info] [queue_elements.cpp:46] [~BaseQueueElement] Queue element PullQEl_hw_read0yolo26n/conv80 has 0 frames in his Queue on destruction
[2026-09-08 15:54:52.460] [18542] [HailoRT] [info] [queue_elements.cpp:68] [operator()] Thread in element UserBuffQEl0yolo26n/conv80 is not running anymore, exiting..
[2026-09-08 15:54:52.460] [18406] [HailoRT] [info] [queue_elements.cpp:46] [~BaseQueueElement] Queue element UserBuffQEl0yolo26n/conv80 has 0 frames in his Queue on destruction
[2026-09-08 15:54:52.460] [18545] [HailoRT] [info] [queue_elements.cpp:855] [run_in_thread] Shutdown event was signaled in dequeue of UserBuffQEl3yolo26n/conv91!
[2026-09-08 15:54:52.460] [18544] [HailoRT] [info] [queue_elements.cpp:734] [run_in_thread] Shutdown event was signaled in run_pull of queue element PullQEl_hw_read3yolo26n/conv91!
[2026-09-08 15:54:52.460] [18544] [HailoRT] [info] [queue_elements.cpp:68] [operator()] Thread in element PullQEl_hw_read3yolo26n/conv91 is not running anymore, exiting..
[2026-09-08 15:54:52.460] [18406] [HailoRT] [info] [queue_elements.cpp:46] [~BaseQueueElement] Queue element PullQEl_hw_read3yolo26n/conv91 has 0 frames in his Queue on destruction
[2026-09-08 15:54:52.460] [18545] [HailoRT] [info] [queue_elements.cpp:68] [operator()] Thread in element UserBuffQEl3yolo26n/conv91 is not running anymore, exiting..
[2026-09-08 15:54:52.460] [18406] [HailoRT] [info] [queue_elements.cpp:46] [~BaseQueueElement] Queue element UserBuffQEl3yolo26n/conv91 has 0 frames in his Queue on destruction
[2026-09-08 15:54:52.460] [18546] [HailoRT] [info] [queue_elements.cpp:734] [run_in_thread] Shutdown event was signaled in run_pull of queue element PullQEl_hw_read0yolo26n/conv94!
[2026-09-08 15:54:52.460] [18547] [HailoRT] [info] [queue_elements.cpp:855] [run_in_thread] Shutdown event was signaled in dequeue of UserBuffQEl0yolo26n/conv94!
[2026-09-08 15:54:52.460] [18546] [HailoRT] [info] [queue_elements.cpp:68] [operator()] Thread in element PullQEl_hw_read0yolo26n/conv94 is not running anymore, exiting..
[2026-09-08 15:54:52.460] [18406] [HailoRT] [info] [queue_elements.cpp:46] [~BaseQueueElement] Queue element PullQEl_hw_read0yolo26n/conv94 has 0 frames in his Queue on destruction
[2026-09-08 15:54:52.460] [18547] [HailoRT] [info] [queue_elements.cpp:68] [operator()] Thread in element UserBuffQEl0yolo26n/conv94 is not running anymore, exiting..
[2026-09-08 15:54:52.460] [18406] [HailoRT] [info] [queue_elements.cpp:46] [~BaseQueueElement] Queue element UserBuffQEl0yolo26n/conv94 has 0 frames in his Queue on destruction
[2026-09-08 15:55:36.848] [23453] [HailoRT] [info] [vdevice.cpp:535] [create] Creating vdevice with params: device_count: 1, scheduling_algorithm: NONE, multi_process_service: false
[2026-09-08 15:55:36.860] [23453] [HailoRT] [info] [device.cpp:51] [Device] OS Version: Linux 6.18.39+rpt-rpi-2712 #1 SMP PREEMPT Debian 1:6.18.39-1+rpt1 (2026-07-29) aarch64
[2026-09-08 15:55:36.860] [23453] [HailoRT] [info] [control.cpp:113] [control__parse_identify_results] firmware_version is: 4.23.0
[2026-09-08 15:55:36.860] [23453] [HailoRT] [info] [vdevice.cpp:682] [create] VDevice Infos: 0001:01:00.0
[2026-09-08 15:55:36.867] [23453] [HailoRT] [info] [internal_buffer_manager.cpp:77] [print_execution_results] Planned internal buffer memory: CMA=0 CMA-Desc=917504 Pinned=2956800. memory to edge layer usage factor is 0.9621793
[2026-09-08 15:55:36.867] [23453] [HailoRT] [info] [internal_buffer_manager.cpp:86] [print_execution_results] Default Internal buffer planner executed successfully
[2026-09-08 15:55:36.903] [23453] [HailoRT] [info] [device_internal.cpp:57] [configure] Configuring HEF took 42.171157 milliseconds
[2026-09-08 15:55:36.903] [23453] [HailoRT] [info] [vdevice.cpp:780] [configure] Configuring HEF on VDevice took 42.482139 milliseconds
[2026-09-08 15:55:36.903] [23453] [HailoRT] [info] [hef.cpp:1994] [get_network_group_and_network_name] No name was given. Addressing all networks of default network_group: yolo26n
[2026-09-08 15:55:36.903] [23453] [HailoRT] [info] [hef.cpp:1994] [get_network_group_and_network_name] No name was given. Addressing all networks of default network_group: yolo26n
[2026-09-08 15:55:36.903] [23453] [HailoRT] [info] [edge_elements.cpp:52] [create] Created (HwWriteEl2yolo26n/input_layer1 | hw_frame_size: 2211840)
[2026-09-08 15:55:36.903] [23453] [HailoRT] [info] [vstream.cpp:754] [InputVStreamImpl] Creating yolo26n/input_layer1...
[2026-09-08 15:55:36.903] [23453] [HailoRT] [info] [vstream_builder.cpp:102] [create_inputs] Input pipeline 'yolo26n/input_layer1': (HwWriteEl2yolo26n/input_layer1 | hw_frame_size: 2211840) >> HW
[2026-09-08 15:55:36.903] [23453] [HailoRT] [info] [edge_elements.cpp:287] [create] Created (HwReadEl3yolo26n/conv61 | hw_frame_size: 92160)
[2026-09-08 15:55:36.903] [23453] [HailoRT] [info] [queue_elements.cpp:657] [create] Created (PullQEl_hw_read3yolo26n/conv61)
[2026-09-08 15:55:36.903] [23453] [HailoRT] [info] [filter_elements.cpp:372] [create] Created (PostInferEl3yolo26n/conv61 | Quantization - src_type: UINT16, dst_type FLOAT32, limvals_min: -0.881752, limvals_max: 6.27869)
[2026-09-08 15:55:36.903] [23453] [HailoRT] [info] [queue_elements.cpp:800] [create] Created (UserBuffQEl3yolo26n/conv61 | timeout: 10s)
[2026-09-08 15:55:36.903] [23453] [HailoRT] [info] [vstream.cpp:1114] [OutputVStreamImpl] Creating yolo26n/conv61...
[2026-09-08 15:55:36.903] [23453] [HailoRT] [info] [vstream_builder.cpp:220] [create_outputs] Output pipeline 'yolo26n/conv61': HW >> (HwReadEl3yolo26n/conv61 | hw_frame_size: 92160) >> (PullQEl_hw_read3yolo26n/conv61) >> (PostInferEl3yolo26n/conv61 | Quantization - src_type: UINT16, dst_type FLOAT32, limvals_min: -0.881752, limvals_max: 6.27869) >> (UserBuffQEl3yolo26n/conv61 | timeout: 10s)
[2026-09-08 15:55:36.903] [23453] [HailoRT] [info] [edge_elements.cpp:287] [create] Created (HwReadEl2yolo26n/conv64 | hw_frame_size: 23040)
[2026-09-08 15:55:36.903] [23453] [HailoRT] [info] [queue_elements.cpp:657] [create] Created (PullQEl_hw_read2yolo26n/conv64)
[2026-09-08 15:55:36.903] [23453] [HailoRT] [info] [filter_elements.cpp:372] [create] Created (PostInferEl2yolo26n/conv64 | Quantization - src_type: UINT16, dst_type FLOAT32, limvals_min: -164.817, limvals_max: 3.19963)
[2026-09-08 15:55:36.903] [23453] [HailoRT] [info] [queue_elements.cpp:800] [create] Created (UserBuffQEl2yolo26n/conv64 | timeout: 10s)
[2026-09-08 15:55:36.903] [23453] [HailoRT] [info] [vstream.cpp:1114] [OutputVStreamImpl] Creating yolo26n/conv64...
[2026-09-08 15:55:36.903] [23453] [HailoRT] [info] [vstream_builder.cpp:220] [create_outputs] Output pipeline 'yolo26n/conv64': HW >> (HwReadEl2yolo26n/conv64 | hw_frame_size: 23040) >> (PullQEl_hw_read2yolo26n/conv64) >> (PostInferEl2yolo26n/conv64 | Quantization - src_type: UINT16, dst_type FLOAT32, limvals_min: -164.817, limvals_max: 3.19963) >> (UserBuffQEl2yolo26n/conv64 | timeout: 10s)
[2026-09-08 15:55:36.904] [23453] [HailoRT] [info] [edge_elements.cpp:287] [create] Created (HwReadEl2yolo26n/conv77 | hw_frame_size: 23040)
[2026-09-08 15:55:36.904] [23453] [HailoRT] [info] [queue_elements.cpp:657] [create] Created (PullQEl_hw_read2yolo26n/conv77)
[2026-09-08 15:55:36.904] [23453] [HailoRT] [info] [filter_elements.cpp:372] [create] Created (PostInferEl2yolo26n/conv77 | Quantization - src_type: UINT16, dst_type FLOAT32, limvals_min: -0.67052, limvals_max: 17.2357)
[2026-09-08 15:55:36.904] [23453] [HailoRT] [info] [queue_elements.cpp:800] [create] Created (UserBuffQEl2yolo26n/conv77 | timeout: 10s)
[2026-09-08 15:55:36.904] [23453] [HailoRT] [info] [vstream.cpp:1114] [OutputVStreamImpl] Creating yolo26n/conv77...
[2026-09-08 15:55:36.904] [23453] [HailoRT] [info] [vstream_builder.cpp:220] [create_outputs] Output pipeline 'yolo26n/conv77': HW >> (HwReadEl2yolo26n/conv77 | hw_frame_size: 23040) >> (PullQEl_hw_read2yolo26n/conv77) >> (PostInferEl2yolo26n/conv77 | Quantization - src_type: UINT16, dst_type FLOAT32, limvals_min: -0.67052, limvals_max: 17.2357) >> (UserBuffQEl2yolo26n/conv77 | timeout: 10s)
[2026-09-08 15:55:36.904] [23453] [HailoRT] [info] [edge_elements.cpp:287] [create] Created (HwReadEl0yolo26n/conv80 | hw_frame_size: 5760)
[2026-09-08 15:55:36.904] [23453] [HailoRT] [info] [queue_elements.cpp:657] [create] Created (PullQEl_hw_read0yolo26n/conv80)
[2026-09-08 15:55:36.904] [23453] [HailoRT] [info] [filter_elements.cpp:372] [create] Created (PostInferEl0yolo26n/conv80 | Quantization - src_type: UINT16, dst_type FLOAT32, limvals_min: -67.4827, limvals_max: 0)
[2026-09-08 15:55:36.904] [23453] [HailoRT] [info] [queue_elements.cpp:800] [create] Created (UserBuffQEl0yolo26n/conv80 | timeout: 10s)
[2026-09-08 15:55:36.904] [23453] [HailoRT] [info] [vstream.cpp:1114] [OutputVStreamImpl] Creating yolo26n/conv80...
[2026-09-08 15:55:36.904] [23453] [HailoRT] [info] [vstream_builder.cpp:220] [create_outputs] Output pipeline 'yolo26n/conv80': HW >> (HwReadEl0yolo26n/conv80 | hw_frame_size: 5760) >> (PullQEl_hw_read0yolo26n/conv80) >> (PostInferEl0yolo26n/conv80 | Quantization - src_type: UINT16, dst_type FLOAT32, limvals_min: -67.4827, limvals_max: 0) >> (UserBuffQEl0yolo26n/conv80 | timeout: 10s)
[2026-09-08 15:55:36.904] [23453] [HailoRT] [info] [edge_elements.cpp:287] [create] Created (HwReadEl3yolo26n/conv91 | hw_frame_size: 11520)
[2026-09-08 15:55:36.904] [23453] [HailoRT] [info] [queue_elements.cpp:657] [create] Created (PullQEl_hw_read3yolo26n/conv91)
[2026-09-08 15:55:36.904] [23453] [HailoRT] [info] [filter_elements.cpp:372] [create] Created (PostInferEl3yolo26n/conv91 | Quantization - src_type: UINT16, dst_type FLOAT32, limvals_min: 0, limvals_max: 8.46146 | Reorder - src_order: FCR, src_shape: (20, 36, 8), dst_order: FCR, dst_shape: (20, 36, 4))
[2026-09-08 15:55:36.904] [23453] [HailoRT] [info] [queue_elements.cpp:800] [create] Created (UserBuffQEl3yolo26n/conv91 | timeout: 10s)
[2026-09-08 15:55:36.904] [23453] [HailoRT] [info] [vstream.cpp:1114] [OutputVStreamImpl] Creating yolo26n/conv91...
[2026-09-08 15:55:36.904] [23453] [HailoRT] [info] [vstream_builder.cpp:220] [create_outputs] Output pipeline 'yolo26n/conv91': HW >> (HwReadEl3yolo26n/conv91 | hw_frame_size: 11520) >> (PullQEl_hw_read3yolo26n/conv91) >> (PostInferEl3yolo26n/conv91 | Quantization - src_type: UINT16, dst_type FLOAT32, limvals_min: 0, limvals_max: 8.46146 | Reorder - src_order: FCR, src_shape: (20, 36, 8), dst_order: FCR, dst_shape: (20, 36, 4)) >> (UserBuffQEl3yolo26n/conv91 | timeout: 10s)
[2026-09-08 15:55:36.904] [23453] [HailoRT] [info] [edge_elements.cpp:287] [create] Created (HwReadEl0yolo26n/conv94 | hw_frame_size: 11520)
[2026-09-08 15:55:36.904] [23453] [HailoRT] [info] [queue_elements.cpp:657] [create] Created (PullQEl_hw_read0yolo26n/conv94)
[2026-09-08 15:55:36.904] [23453] [HailoRT] [info] [filter_elements.cpp:372] [create] Created (PostInferEl0yolo26n/conv94 | Quantization - src_type: UINT16, dst_type FLOAT32, limvals_min: -64.0772, limvals_max: 0 | Reorder - src_order: FCR, src_shape: (20, 36, 8), dst_order: FCR, dst_shape: (20, 36, 1))
[2026-09-08 15:55:36.904] [23453] [HailoRT] [info] [queue_elements.cpp:800] [create] Created (UserBuffQEl0yolo26n/conv94 | timeout: 10s)
[2026-09-08 15:55:36.904] [23453] [HailoRT] [info] [vstream.cpp:1114] [OutputVStreamImpl] Creating yolo26n/conv94...
[2026-09-08 15:55:36.904] [23453] [HailoRT] [info] [vstream_builder.cpp:220] [create_outputs] Output pipeline 'yolo26n/conv94': HW >> (HwReadEl0yolo26n/conv94 | hw_frame_size: 11520) >> (PullQEl_hw_read0yolo26n/conv94) >> (PostInferEl0yolo26n/conv94 | Quantization - src_type: UINT16, dst_type FLOAT32, limvals_min: -64.0772, limvals_max: 0 | Reorder - src_order: FCR, src_shape: (20, 36, 8), dst_order: FCR, dst_shape: (20, 36, 1)) >> (UserBuffQEl0yolo26n/conv94 | timeout: 10s)
[2026-09-08 15:55:36.905] [23453] [HailoRT] [info] [core_op.cpp:156] [activate] Activating yolo26n took 0.461407 milliseconds. Note that the function is asynchronous and thus the network is not fully activated yet.
[2026-09-08 15:55:36.905] [23453] [HailoRT] [info] [core_op.cpp:156] [activate] Activating yolo26n took 0.470333 milliseconds. Note that the function is asynchronous and thus the network is not fully activated yet.
[2026-09-08 15:56:15.334] [23466] [HailoRT] [info] [vdevice_native_stream.cpp:331] [read_impl] Failed read from stream HAILO_STREAM_NOT_ACTIVATED(72) (device: 0001:01:00.0)
[2026-09-08 15:56:15.334] [23468] [HailoRT] [info] [vdevice_native_stream.cpp:331] [read_impl] Failed read from stream HAILO_STREAM_NOT_ACTIVATED(72) (device: 0001:01:00.0)
[2026-09-08 15:56:15.335] [23473] [HailoRT] [info] [vdevice_native_stream.cpp:331] [read_impl] Failed read from stream HAILO_STREAM_NOT_ACTIVATED(72) (device: 0001:01:00.0)
[2026-09-08 15:56:15.334] [23470] [HailoRT] [info] [vdevice_native_stream.cpp:331] [read_impl] Failed read from stream HAILO_STREAM_NOT_ACTIVATED(72) (device: 0001:01:00.0)
[2026-09-08 15:56:15.334] [23476] [HailoRT] [info] [vdevice_native_stream.cpp:331] [read_impl] Failed read from stream HAILO_STREAM_NOT_ACTIVATED(72) (device: 0001:01:00.0)
[2026-09-08 15:56:15.335] [23478] [HailoRT] [info] [vdevice_native_stream.cpp:331] [read_impl] Failed read from stream HAILO_STREAM_NOT_ACTIVATED(72) (device: 0001:01:00.0)
[2026-09-08 15:56:15.335] [23453] [HailoRT] [info] [core_op.cpp:186] [deactivate] Deactivating took 0.521852 ms
[2026-09-08 15:56:15.335] [23453] [HailoRT] [info] [core_op.cpp:186] [deactivate] Deactivating took 0.539908 ms
[2026-09-08 15:56:15.335] [23467] [HailoRT] [info] [queue_elements.cpp:855] [run_in_thread] Shutdown event was signaled in dequeue of UserBuffQEl3yolo26n/conv61!
[2026-09-08 15:56:15.335] [23466] [HailoRT] [info] [queue_elements.cpp:734] [run_in_thread] Shutdown event was signaled in run_pull of queue element PullQEl_hw_read3yolo26n/conv61!
[2026-09-08 15:56:15.335] [23466] [HailoRT] [info] [queue_elements.cpp:68] [operator()] Thread in element PullQEl_hw_read3yolo26n/conv61 is not running anymore, exiting..
[2026-09-08 15:56:15.335] [23453] [HailoRT] [info] [queue_elements.cpp:46] [~BaseQueueElement] Queue element PullQEl_hw_read3yolo26n/conv61 has 0 frames in his Queue on destruction
[2026-09-08 15:56:15.335] [23467] [HailoRT] [info] [queue_elements.cpp:68] [operator()] Thread in element UserBuffQEl3yolo26n/conv61 is not running anymore, exiting..
[2026-09-08 15:56:15.335] [23453] [HailoRT] [info] [queue_elements.cpp:46] [~BaseQueueElement] Queue element UserBuffQEl3yolo26n/conv61 has 0 frames in his Queue on destruction
[2026-09-08 15:56:15.335] [23468] [HailoRT] [info] [queue_elements.cpp:734] [run_in_thread] Shutdown event was signaled in run_pull of queue element PullQEl_hw_read2yolo26n/conv64!
[2026-09-08 15:56:15.335] [23469] [HailoRT] [info] [queue_elements.cpp:855] [run_in_thread] Shutdown event was signaled in dequeue of UserBuffQEl2yolo26n/conv64!
[2026-09-08 15:56:15.335] [23468] [HailoRT] [info] [queue_elements.cpp:68] [operator()] Thread in element PullQEl_hw_read2yolo26n/conv64 is not running anymore, exiting..
[2026-09-08 15:56:15.335] [23453] [HailoRT] [info] [queue_elements.cpp:46] [~BaseQueueElement] Queue element PullQEl_hw_read2yolo26n/conv64 has 0 frames in his Queue on destruction
[2026-09-08 15:56:15.335] [23469] [HailoRT] [info] [queue_elements.cpp:68] [operator()] Thread in element UserBuffQEl2yolo26n/conv64 is not running anymore, exiting..
[2026-09-08 15:56:15.335] [23453] [HailoRT] [info] [queue_elements.cpp:46] [~BaseQueueElement] Queue element UserBuffQEl2yolo26n/conv64 has 0 frames in his Queue on destruction
[2026-09-08 15:56:15.335] [23470] [HailoRT] [info] [queue_elements.cpp:734] [run_in_thread] Shutdown event was signaled in run_pull of queue element PullQEl_hw_read2yolo26n/conv77!
[2026-09-08 15:56:15.335] [23472] [HailoRT] [info] [queue_elements.cpp:855] [run_in_thread] Shutdown event was signaled in dequeue of UserBuffQEl2yolo26n/conv77!
[2026-09-08 15:56:15.335] [23470] [HailoRT] [info] [queue_elements.cpp:68] [operator()] Thread in element PullQEl_hw_read2yolo26n/conv77 is not running anymore, exiting..
[2026-09-08 15:56:15.335] [23453] [HailoRT] [info] [queue_elements.cpp:46] [~BaseQueueElement] Queue element PullQEl_hw_read2yolo26n/conv77 has 0 frames in his Queue on destruction
[2026-09-08 15:56:15.335] [23472] [HailoRT] [info] [queue_elements.cpp:68] [operator()] Thread in element UserBuffQEl2yolo26n/conv77 is not running anymore, exiting..
[2026-09-08 15:56:15.335] [23453] [HailoRT] [info] [queue_elements.cpp:46] [~BaseQueueElement] Queue element UserBuffQEl2yolo26n/conv77 has 0 frames in his Queue on destruction
[2026-09-08 15:56:15.335] [23473] [HailoRT] [info] [queue_elements.cpp:734] [run_in_thread] Shutdown event was signaled in run_pull of queue element PullQEl_hw_read0yolo26n/conv80!
[2026-09-08 15:56:15.335] [23474] [HailoRT] [info] [queue_elements.cpp:855] [run_in_thread] Shutdown event was signaled in dequeue of UserBuffQEl0yolo26n/conv80!
[2026-09-08 15:56:15.336] [23473] [HailoRT] [info] [queue_elements.cpp:68] [operator()] Thread in element PullQEl_hw_read0yolo26n/conv80 is not running anymore, exiting..
[2026-09-08 15:56:15.336] [23453] [HailoRT] [info] [queue_elements.cpp:46] [~BaseQueueElement] Queue element PullQEl_hw_read0yolo26n/conv80 has 0 frames in his Queue on destruction
[2026-09-08 15:56:15.336] [23474] [HailoRT] [info] [queue_elements.cpp:68] [operator()] Thread in element UserBuffQEl0yolo26n/conv80 is not running anymore, exiting..
[2026-09-08 15:56:15.336] [23453] [HailoRT] [info] [queue_elements.cpp:46] [~BaseQueueElement] Queue element UserBuffQEl0yolo26n/conv80 has 0 frames in his Queue on destruction
[2026-09-08 15:56:15.336] [23477] [HailoRT] [info] [queue_elements.cpp:855] [run_in_thread] Shutdown event was signaled in dequeue of UserBuffQEl3yolo26n/conv91!
[2026-09-08 15:56:15.336] [23476] [HailoRT] [info] [queue_elements.cpp:734] [run_in_thread] Shutdown event was signaled in run_pull of queue element PullQEl_hw_read3yolo26n/conv91!
[2026-09-08 15:56:15.336] [23476] [HailoRT] [info] [queue_elements.cpp:68] [operator()] Thread in element PullQEl_hw_read3yolo26n/conv91 is not running anymore, exiting..
[2026-09-08 15:56:15.336] [23453] [HailoRT] [info] [queue_elements.cpp:46] [~BaseQueueElement] Queue element PullQEl_hw_read3yolo26n/conv91 has 0 frames in his Queue on destruction
[2026-09-08 15:56:15.336] [23477] [HailoRT] [info] [queue_elements.cpp:68] [operator()] Thread in element UserBuffQEl3yolo26n/conv91 is not running anymore, exiting..
[2026-09-08 15:56:15.336] [23453] [HailoRT] [info] [queue_elements.cpp:46] [~BaseQueueElement] Queue element UserBuffQEl3yolo26n/conv91 has 0 frames in his Queue on destruction
[2026-09-08 15:56:15.336] [23479] [HailoRT] [info] [queue_elements.cpp:855] [run_in_thread] Shutdown event was signaled in dequeue of UserBuffQEl0yolo26n/conv94!
[2026-09-08 15:56:15.336] [23478] [HailoRT] [info] [queue_elements.cpp:734] [run_in_thread] Shutdown event was signaled in run_pull of queue element PullQEl_hw_read0yolo26n/conv94!
[2026-09-08 15:56:15.336] [23478] [HailoRT] [info] [queue_elements.cpp:68] [operator()] Thread in element PullQEl_hw_read0yolo26n/conv94 is not running anymore, exiting..
[2026-09-08 15:56:15.336] [23453] [HailoRT] [info] [queue_elements.cpp:46] [~BaseQueueElement] Queue element PullQEl_hw_read0yolo26n/conv94 has 0 frames in his Queue on destruction
[2026-09-08 15:56:15.336] [23479] [HailoRT] [info] [queue_elements.cpp:68] [operator()] Thread in element UserBuffQEl0yolo26n/conv94 is not running anymore, exiting..
[2026-09-08 15:56:15.336] [23453] [HailoRT] [info] [queue_elements.cpp:46] [~BaseQueueElement] Queue element UserBuffQEl0yolo26n/conv94 has 0 frames in his Queue on destruction
[2026-09-08 16:59:45.851] [5694] [HailoRT] [info] [vdevice.cpp:535] [create] Creating vdevice with params: device_count: 1, scheduling_algorithm: NONE, multi_process_service: false
[2026-09-08 16:59:45.869] [5694] [HailoRT] [info] [device.cpp:51] [Device] OS Version: Linux 6.18.39+rpt-rpi-2712 #1 SMP PREEMPT Debian 1:6.18.39-1+rpt1 (2026-07-29) aarch64
[2026-09-08 16:59:45.871] [5694] [HailoRT] [info] [control.cpp:113] [control__parse_identify_results] firmware_version is: 4.23.0
[2026-09-08 16:59:45.871] [5694] [HailoRT] [info] [vdevice.cpp:682] [create] VDevice Infos: 0001:01:00.0
[2026-09-08 16:59:45.881] [5694] [HailoRT] [info] [internal_buffer_manager.cpp:77] [print_execution_results] Planned internal buffer memory: CMA=0 CMA-Desc=917504 Pinned=2956800. memory to edge layer usage factor is 0.9621793
[2026-09-08 16:59:45.881] [5694] [HailoRT] [info] [internal_buffer_manager.cpp:86] [print_execution_results] Default Internal buffer planner executed successfully
[2026-09-08 16:59:45.909] [5694] [HailoRT] [info] [device_internal.cpp:57] [configure] Configuring HEF took 37.962916 milliseconds
[2026-09-08 16:59:45.910] [5694] [HailoRT] [info] [vdevice.cpp:780] [configure] Configuring HEF on VDevice took 38.620657 milliseconds
[2026-09-08 16:59:45.911] [5694] [HailoRT] [info] [hef.cpp:1994] [get_network_group_and_network_name] No name was given. Addressing all networks of default network_group: yolo26n
[2026-09-08 16:59:45.911] [5694] [HailoRT] [info] [hef.cpp:1994] [get_network_group_and_network_name] No name was given. Addressing all networks of default network_group: yolo26n
[2026-09-08 16:59:45.914] [5694] [HailoRT] [info] [edge_elements.cpp:52] [create] Created (HwWriteEl2yolo26n/input_layer1 | hw_frame_size: 2211840)
[2026-09-08 16:59:45.915] [5694] [HailoRT] [info] [vstream.cpp:754] [InputVStreamImpl] Creating yolo26n/input_layer1...
[2026-09-08 16:59:45.915] [5694] [HailoRT] [info] [vstream_builder.cpp:102] [create_inputs] Input pipeline 'yolo26n/input_layer1': (HwWriteEl2yolo26n/input_layer1 | hw_frame_size: 2211840) >> HW
[2026-09-08 16:59:45.915] [5694] [HailoRT] [info] [edge_elements.cpp:287] [create] Created (HwReadEl3yolo26n/conv61 | hw_frame_size: 92160)
[2026-09-08 16:59:45.915] [5694] [HailoRT] [info] [queue_elements.cpp:657] [create] Created (PullQEl_hw_read3yolo26n/conv61)
[2026-09-08 16:59:45.915] [5694] [HailoRT] [info] [filter_elements.cpp:372] [create] Created (PostInferEl3yolo26n/conv61 | Quantization - src_type: UINT16, dst_type FLOAT32, limvals_min: -0.881752, limvals_max: 6.27869)
[2026-09-08 16:59:45.917] [5694] [HailoRT] [info] [queue_elements.cpp:800] [create] Created (UserBuffQEl3yolo26n/conv61 | timeout: 10s)
[2026-09-08 16:59:45.917] [5694] [HailoRT] [info] [vstream.cpp:1114] [OutputVStreamImpl] Creating yolo26n/conv61...
[2026-09-08 16:59:45.917] [5694] [HailoRT] [info] [vstream_builder.cpp:220] [create_outputs] Output pipeline 'yolo26n/conv61': HW >> (HwReadEl3yolo26n/conv61 | hw_frame_size: 92160) >> (PullQEl_hw_read3yolo26n/conv61) >> (PostInferEl3yolo26n/conv61 | Quantization - src_type: UINT16, dst_type FLOAT32, limvals_min: -0.881752, limvals_max: 6.27869) >> (UserBuffQEl3yolo26n/conv61 | timeout: 10s)
[2026-09-08 16:59:45.917] [5694] [HailoRT] [info] [edge_elements.cpp:287] [create] Created (HwReadEl2yolo26n/conv64 | hw_frame_size: 23040)
[2026-09-08 16:59:45.917] [5694] [HailoRT] [info] [queue_elements.cpp:657] [create] Created (PullQEl_hw_read2yolo26n/conv64)
[2026-09-08 16:59:45.917] [5694] [HailoRT] [info] [filter_elements.cpp:372] [create] Created (PostInferEl2yolo26n/conv64 | Quantization - src_type: UINT16, dst_type FLOAT32, limvals_min: -164.817, limvals_max: 3.19963)
[2026-09-08 16:59:45.917] [5694] [HailoRT] [info] [queue_elements.cpp:800] [create] Created (UserBuffQEl2yolo26n/conv64 | timeout: 10s)
[2026-09-08 16:59:45.917] [5694] [HailoRT] [info] [vstream.cpp:1114] [OutputVStreamImpl] Creating yolo26n/conv64...
[2026-09-08 16:59:45.918] [5694] [HailoRT] [info] [vstream_builder.cpp:220] [create_outputs] Output pipeline 'yolo26n/conv64': HW >> (HwReadEl2yolo26n/conv64 | hw_frame_size: 23040) >> (PullQEl_hw_read2yolo26n/conv64) >> (PostInferEl2yolo26n/conv64 | Quantization - src_type: UINT16, dst_type FLOAT32, limvals_min: -164.817, limvals_max: 3.19963) >> (UserBuffQEl2yolo26n/conv64 | timeout: 10s)
[2026-09-08 16:59:45.919] [5694] [HailoRT] [info] [edge_elements.cpp:287] [create] Created (HwReadEl2yolo26n/conv77 | hw_frame_size: 23040)
[2026-09-08 16:59:45.919] [5694] [HailoRT] [info] [queue_elements.cpp:657] [create] Created (PullQEl_hw_read2yolo26n/conv77)
[2026-09-08 16:59:45.919] [5694] [HailoRT] [info] [filter_elements.cpp:372] [create] Created (PostInferEl2yolo26n/conv77 | Quantization - src_type: UINT16, dst_type FLOAT32, limvals_min: -0.67052, limvals_max: 17.2357)
[2026-09-08 16:59:45.919] [5694] [HailoRT] [info] [queue_elements.cpp:800] [create] Created (UserBuffQEl2yolo26n/conv77 | timeout: 10s)
[2026-09-08 16:59:45.919] [5694] [HailoRT] [info] [vstream.cpp:1114] [OutputVStreamImpl] Creating yolo26n/conv77...
[2026-09-08 16:59:45.919] [5694] [HailoRT] [info] [vstream_builder.cpp:220] [create_outputs] Output pipeline 'yolo26n/conv77': HW >> (HwReadEl2yolo26n/conv77 | hw_frame_size: 23040) >> (PullQEl_hw_read2yolo26n/conv77) >> (PostInferEl2yolo26n/conv77 | Quantization - src_type: UINT16, dst_type FLOAT32, limvals_min: -0.67052, limvals_max: 17.2357) >> (UserBuffQEl2yolo26n/conv77 | timeout: 10s)
[2026-09-08 16:59:45.919] [5694] [HailoRT] [info] [edge_elements.cpp:287] [create] Created (HwReadEl0yolo26n/conv80 | hw_frame_size: 5760)
[2026-09-08 16:59:45.919] [5694] [HailoRT] [info] [queue_elements.cpp:657] [create] Created (PullQEl_hw_read0yolo26n/conv80)
[2026-09-08 16:59:45.919] [5694] [HailoRT] [info] [filter_elements.cpp:372] [create] Created (PostInferEl0yolo26n/conv80 | Quantization - src_type: UINT16, dst_type FLOAT32, limvals_min: -67.4827, limvals_max: 0)
[2026-09-08 16:59:45.919] [5694] [HailoRT] [info] [queue_elements.cpp:800] [create] Created (UserBuffQEl0yolo26n/conv80 | timeout: 10s)
[2026-09-08 16:59:45.919] [5694] [HailoRT] [info] [vstream.cpp:1114] [OutputVStreamImpl] Creating yolo26n/conv80...
[2026-09-08 16:59:45.919] [5694] [HailoRT] [info] [vstream_builder.cpp:220] [create_outputs] Output pipeline 'yolo26n/conv80': HW >> (HwReadEl0yolo26n/conv80 | hw_frame_size: 5760) >> (PullQEl_hw_read0yolo26n/conv80) >> (PostInferEl0yolo26n/conv80 | Quantization - src_type: UINT16, dst_type FLOAT32, limvals_min: -67.4827, limvals_max: 0) >> (UserBuffQEl0yolo26n/conv80 | timeout: 10s)
[2026-09-08 16:59:45.919] [5694] [HailoRT] [info] [edge_elements.cpp:287] [create] Created (HwReadEl3yolo26n/conv91 | hw_frame_size: 11520)
[2026-09-08 16:59:45.919] [5694] [HailoRT] [info] [queue_elements.cpp:657] [create] Created (PullQEl_hw_read3yolo26n/conv91)
[2026-09-08 16:59:45.919] [5694] [HailoRT] [info] [filter_elements.cpp:372] [create] Created (PostInferEl3yolo26n/conv91 | Quantization - src_type: UINT16, dst_type FLOAT32, limvals_min: 0, limvals_max: 8.46146 | Reorder - src_order: FCR, src_shape: (20, 36, 8), dst_order: FCR, dst_shape: (20, 36, 4))
[2026-09-08 16:59:45.919] [5694] [HailoRT] [info] [queue_elements.cpp:800] [create] Created (UserBuffQEl3yolo26n/conv91 | timeout: 10s)
[2026-09-08 16:59:45.919] [5694] [HailoRT] [info] [vstream.cpp:1114] [OutputVStreamImpl] Creating yolo26n/conv91...
[2026-09-08 16:59:45.919] [5694] [HailoRT] [info] [vstream_builder.cpp:220] [create_outputs] Output pipeline 'yolo26n/conv91': HW >> (HwReadEl3yolo26n/conv91 | hw_frame_size: 11520) >> (PullQEl_hw_read3yolo26n/conv91) >> (PostInferEl3yolo26n/conv91 | Quantization - src_type: UINT16, dst_type FLOAT32, limvals_min: 0, limvals_max: 8.46146 | Reorder - src_order: FCR, src_shape: (20, 36, 8), dst_order: FCR, dst_shape: (20, 36, 4)) >> (UserBuffQEl3yolo26n/conv91 | timeout: 10s)
[2026-09-08 16:59:45.919] [5694] [HailoRT] [info] [edge_elements.cpp:287] [create] Created (HwReadEl0yolo26n/conv94 | hw_frame_size: 11520)
[2026-09-08 16:59:45.919] [5694] [HailoRT] [info] [queue_elements.cpp:657] [create] Created (PullQEl_hw_read0yolo26n/conv94)
[2026-09-08 16:59:45.919] [5694] [HailoRT] [info] [filter_elements.cpp:372] [create] Created (PostInferEl0yolo26n/conv94 | Quantization - src_type: UINT16, dst_type FLOAT32, limvals_min: -64.0772, limvals_max: 0 | Reorder - src_order: FCR, src_shape: (20, 36, 8), dst_order: FCR, dst_shape: (20, 36, 1))
[2026-09-08 16:59:45.919] [5694] [HailoRT] [info] [queue_elements.cpp:800] [create] Created (UserBuffQEl0yolo26n/conv94 | timeout: 10s)
[2026-09-08 16:59:45.919] [5694] [HailoRT] [info] [vstream.cpp:1114] [OutputVStreamImpl] Creating yolo26n/conv94...
[2026-09-08 16:59:45.919] [5694] [HailoRT] [info] [vstream_builder.cpp:220] [create_outputs] Output pipeline 'yolo26n/conv94': HW >> (HwReadEl0yolo26n/conv94 | hw_frame_size: 11520) >> (PullQEl_hw_read0yolo26n/conv94) >> (PostInferEl0yolo26n/conv94 | Quantization - src_type: UINT16, dst_type FLOAT32, limvals_min: -64.0772, limvals_max: 0 | Reorder - src_order: FCR, src_shape: (20, 36, 8), dst_order: FCR, dst_shape: (20, 36, 1)) >> (UserBuffQEl0yolo26n/conv94 | timeout: 10s)
[2026-09-08 16:59:45.920] [5694] [HailoRT] [info] [core_op.cpp:156] [activate] Activating yolo26n took 0.461759 milliseconds. Note that the function is asynchronous and thus the network is not fully activated yet.
[2026-09-08 16:59:45.920] [5694] [HailoRT] [info] [core_op.cpp:156] [activate] Activating yolo26n took 0.471037 milliseconds. Note that the function is asynchronous and thus the network is not fully activated yet.
[2026-09-08 16:59:51.007] [5704] [HailoRT] [info] [vdevice_native_stream.cpp:331] [read_impl] Failed read from stream HAILO_STREAM_NOT_ACTIVATED(72) (device: 0001:01:00.0)
[2026-09-08 16:59:51.007] [5702] [HailoRT] [info] [vdevice_native_stream.cpp:331] [read_impl] Failed read from stream HAILO_STREAM_NOT_ACTIVATED(72) (device: 0001:01:00.0)
[2026-09-08 16:59:51.007] [5706] [HailoRT] [info] [vdevice_native_stream.cpp:331] [read_impl] Failed read from stream HAILO_STREAM_NOT_ACTIVATED(72) (device: 0001:01:00.0)
[2026-09-08 16:59:51.007] [5700] [HailoRT] [info] [vdevice_native_stream.cpp:331] [read_impl] Failed read from stream HAILO_STREAM_NOT_ACTIVATED(72) (device: 0001:01:00.0)
[2026-09-08 16:59:51.007] [5710] [HailoRT] [info] [vdevice_native_stream.cpp:331] [read_impl] Failed read from stream HAILO_STREAM_NOT_ACTIVATED(72) (device: 0001:01:00.0)
[2026-09-08 16:59:51.007] [5708] [HailoRT] [info] [vdevice_native_stream.cpp:331] [read_impl] Failed read from stream HAILO_STREAM_NOT_ACTIVATED(72) (device: 0001:01:00.0)
[2026-09-08 16:59:51.007] [5694] [HailoRT] [info] [core_op.cpp:186] [deactivate] Deactivating took 0.505667 ms
[2026-09-08 16:59:51.007] [5694] [HailoRT] [info] [core_op.cpp:186] [deactivate] Deactivating took 0.526537 ms
[2026-09-08 16:59:51.007] [5701] [HailoRT] [info] [queue_elements.cpp:855] [run_in_thread] Shutdown event was signaled in dequeue of UserBuffQEl3yolo26n/conv61!
[2026-09-08 16:59:51.007] [5700] [HailoRT] [info] [queue_elements.cpp:734] [run_in_thread] Shutdown event was signaled in run_pull of queue element PullQEl_hw_read3yolo26n/conv61!
[2026-09-08 16:59:51.007] [5700] [HailoRT] [info] [queue_elements.cpp:68] [operator()] Thread in element PullQEl_hw_read3yolo26n/conv61 is not running anymore, exiting..
[2026-09-08 16:59:51.007] [5694] [HailoRT] [info] [queue_elements.cpp:46] [~BaseQueueElement] Queue element PullQEl_hw_read3yolo26n/conv61 has 0 frames in his Queue on destruction
[2026-09-08 16:59:51.007] [5701] [HailoRT] [info] [queue_elements.cpp:68] [operator()] Thread in element UserBuffQEl3yolo26n/conv61 is not running anymore, exiting..
[2026-09-08 16:59:51.007] [5694] [HailoRT] [info] [queue_elements.cpp:46] [~BaseQueueElement] Queue element UserBuffQEl3yolo26n/conv61 has 0 frames in his Queue on destruction
[2026-09-08 16:59:51.007] [5703] [HailoRT] [info] [queue_elements.cpp:855] [run_in_thread] Shutdown event was signaled in dequeue of UserBuffQEl2yolo26n/conv64!
[2026-09-08 16:59:51.007] [5702] [HailoRT] [info] [queue_elements.cpp:734] [run_in_thread] Shutdown event was signaled in run_pull of queue element PullQEl_hw_read2yolo26n/conv64!
[2026-09-08 16:59:51.007] [5702] [HailoRT] [info] [queue_elements.cpp:68] [operator()] Thread in element PullQEl_hw_read2yolo26n/conv64 is not running anymore, exiting..
[2026-09-08 16:59:51.007] [5694] [HailoRT] [info] [queue_elements.cpp:46] [~BaseQueueElement] Queue element PullQEl_hw_read2yolo26n/conv64 has 0 frames in his Queue on destruction
[2026-09-08 16:59:51.007] [5703] [HailoRT] [info] [queue_elements.cpp:68] [operator()] Thread in element UserBuffQEl2yolo26n/conv64 is not running anymore, exiting..
[2026-09-08 16:59:51.007] [5694] [HailoRT] [info] [queue_elements.cpp:46] [~BaseQueueElement] Queue element UserBuffQEl2yolo26n/conv64 has 0 frames in his Queue on destruction
[2026-09-08 16:59:51.007] [5705] [HailoRT] [info] [queue_elements.cpp:855] [run_in_thread] Shutdown event was signaled in dequeue of UserBuffQEl2yolo26n/conv77!
[2026-09-08 16:59:51.007] [5704] [HailoRT] [info] [queue_elements.cpp:734] [run_in_thread] Shutdown event was signaled in run_pull of queue element PullQEl_hw_read2yolo26n/conv77!
[2026-09-08 16:59:51.007] [5704] [HailoRT] [info] [queue_elements.cpp:68] [operator()] Thread in element PullQEl_hw_read2yolo26n/conv77 is not running anymore, exiting..
[2026-09-08 16:59:51.007] [5694] [HailoRT] [info] [queue_elements.cpp:46] [~BaseQueueElement] Queue element PullQEl_hw_read2yolo26n/conv77 has 0 frames in his Queue on destruction
[2026-09-08 16:59:51.008] [5705] [HailoRT] [info] [queue_elements.cpp:68] [operator()] Thread in element UserBuffQEl2yolo26n/conv77 is not running anymore, exiting..
[2026-09-08 16:59:51.008] [5694] [HailoRT] [info] [queue_elements.cpp:46] [~BaseQueueElement] Queue element UserBuffQEl2yolo26n/conv77 has 0 frames in his Queue on destruction
[2026-09-08 16:59:51.008] [5706] [HailoRT] [info] [queue_elements.cpp:734] [run_in_thread] Shutdown event was signaled in run_pull of queue element PullQEl_hw_read0yolo26n/conv80!
[2026-09-08 16:59:51.008] [5707] [HailoRT] [info] [queue_elements.cpp:855] [run_in_thread] Shutdown event was signaled in dequeue of UserBuffQEl0yolo26n/conv80!
[2026-09-08 16:59:51.008] [5706] [HailoRT] [info] [queue_elements.cpp:68] [operator()] Thread in element PullQEl_hw_read0yolo26n/conv80 is not running anymore, exiting..
[2026-09-08 16:59:51.008] [5694] [HailoRT] [info] [queue_elements.cpp:46] [~BaseQueueElement] Queue element PullQEl_hw_read0yolo26n/conv80 has 0 frames in his Queue on destruction
[2026-09-08 16:59:51.008] [5707] [HailoRT] [info] [queue_elements.cpp:68] [operator()] Thread in element UserBuffQEl0yolo26n/conv80 is not running anymore, exiting..
[2026-09-08 16:59:51.008] [5694] [HailoRT] [info] [queue_elements.cpp:46] [~BaseQueueElement] Queue element UserBuffQEl0yolo26n/conv80 has 0 frames in his Queue on destruction
[2026-09-08 16:59:51.008] [5708] [HailoRT] [info] [queue_elements.cpp:734] [run_in_thread] Shutdown event was signaled in run_pull of queue element PullQEl_hw_read3yolo26n/conv91!
[2026-09-08 16:59:51.008] [5709] [HailoRT] [info] [queue_elements.cpp:855] [run_in_thread] Shutdown event was signaled in dequeue of UserBuffQEl3yolo26n/conv91!
[2026-09-08 16:59:51.008] [5708] [HailoRT] [info] [queue_elements.cpp:68] [operator()] Thread in element PullQEl_hw_read3yolo26n/conv91 is not running anymore, exiting..
[2026-09-08 16:59:51.008] [5694] [HailoRT] [info] [queue_elements.cpp:46] [~BaseQueueElement] Queue element PullQEl_hw_read3yolo26n/conv91 has 0 frames in his Queue on destruction
[2026-09-08 16:59:51.008] [5709] [HailoRT] [info] [queue_elements.cpp:68] [operator()] Thread in element UserBuffQEl3yolo26n/conv91 is not running anymore, exiting..
[2026-09-08 16:59:51.008] [5694] [HailoRT] [info] [queue_elements.cpp:46] [~BaseQueueElement] Queue element UserBuffQEl3yolo26n/conv91 has 0 frames in his Queue on destruction
[2026-09-08 16:59:51.008] [5711] [HailoRT] [info] [queue_elements.cpp:855] [run_in_thread] Shutdown event was signaled in dequeue of UserBuffQEl0yolo26n/conv94!
[2026-09-08 16:59:51.008] [5710] [HailoRT] [info] [queue_elements.cpp:734] [run_in_thread] Shutdown event was signaled in run_pull of queue element PullQEl_hw_read0yolo26n/conv94!
[2026-09-08 16:59:51.008] [5710] [HailoRT] [info] [queue_elements.cpp:68] [operator()] Thread in element PullQEl_hw_read0yolo26n/conv94 is not running anymore, exiting..
[2026-09-08 16:59:51.008] [5694] [HailoRT] [info] [queue_elements.cpp:46] [~BaseQueueElement] Queue element PullQEl_hw_read0yolo26n/conv94 has 0 frames in his Queue on destruction
[2026-09-08 16:59:51.008] [5711] [HailoRT] [info] [queue_elements.cpp:68] [operator()] Thread in element UserBuffQEl0yolo26n/conv94 is not running anymore, exiting..
[2026-09-08 16:59:51.008] [5694] [HailoRT] [info] [queue_elements.cpp:46] [~BaseQueueElement] Queue element UserBuffQEl0yolo26n/conv94 has 0 frames in his Queue on destruction
[2026-09-08 19:03:27.764] [4684] [HailoRT] [info] [vdevice.cpp:535] [create] Creating vdevice with params: device_count: 1, scheduling_algorithm: NONE, multi_process_service: false
[2026-09-08 19:03:27.784] [4684] [HailoRT] [info] [device.cpp:51] [Device] OS Version: Linux 6.18.39+rpt-rpi-2712 #1 SMP PREEMPT Debian 1:6.18.39-1+rpt1 (2026-07-29) aarch64
[2026-09-08 19:03:27.786] [4684] [HailoRT] [info] [control.cpp:113] [control__parse_identify_results] firmware_version is: 4.23.0
[2026-09-08 19:03:27.786] [4684] [HailoRT] [info] [vdevice.cpp:682] [create] VDevice Infos: 0001:01:00.0
[2026-09-08 19:03:27.796] [4684] [HailoRT] [info] [internal_buffer_manager.cpp:77] [print_execution_results] Planned internal buffer memory: CMA=0 CMA-Desc=917504 Pinned=2956800. memory to edge layer usage factor is 0.9621793
[2026-09-08 19:03:27.796] [4684] [HailoRT] [info] [internal_buffer_manager.cpp:86] [print_execution_results] Default Internal buffer planner executed successfully
[2026-09-08 19:03:27.829] [4684] [HailoRT] [info] [device_internal.cpp:57] [configure] Configuring HEF took 42.209444 milliseconds
[2026-09-08 19:03:27.829] [4684] [HailoRT] [info] [vdevice.cpp:780] [configure] Configuring HEF on VDevice took 42.897075 milliseconds
[2026-09-08 19:03:27.830] [4684] [HailoRT] [info] [hef.cpp:1994] [get_network_group_and_network_name] No name was given. Addressing all networks of default network_group: yolo26n
[2026-09-08 19:03:27.831] [4684] [HailoRT] [info] [hef.cpp:1994] [get_network_group_and_network_name] No name was given. Addressing all networks of default network_group: yolo26n
[2026-09-08 19:03:27.833] [4684] [HailoRT] [info] [edge_elements.cpp:52] [create] Created (HwWriteEl2yolo26n/input_layer1 | hw_frame_size: 2211840)
[2026-09-08 19:03:27.835] [4684] [HailoRT] [info] [vstream.cpp:754] [InputVStreamImpl] Creating yolo26n/input_layer1...
[2026-09-08 19:03:27.835] [4684] [HailoRT] [info] [vstream_builder.cpp:102] [create_inputs] Input pipeline 'yolo26n/input_layer1': (HwWriteEl2yolo26n/input_layer1 | hw_frame_size: 2211840) >> HW
[2026-09-08 19:03:27.835] [4684] [HailoRT] [info] [edge_elements.cpp:287] [create] Created (HwReadEl3yolo26n/conv61 | hw_frame_size: 92160)
[2026-09-08 19:03:27.835] [4684] [HailoRT] [info] [queue_elements.cpp:657] [create] Created (PullQEl_hw_read3yolo26n/conv61)
[2026-09-08 19:03:27.835] [4684] [HailoRT] [info] [filter_elements.cpp:372] [create] Created (PostInferEl3yolo26n/conv61 | Quantization - src_type: UINT16, dst_type FLOAT32, limvals_min: -0.881752, limvals_max: 6.27869)
[2026-09-08 19:03:27.836] [4684] [HailoRT] [info] [queue_elements.cpp:800] [create] Created (UserBuffQEl3yolo26n/conv61 | timeout: 10s)
[2026-09-08 19:03:27.836] [4684] [HailoRT] [info] [vstream.cpp:1114] [OutputVStreamImpl] Creating yolo26n/conv61...
[2026-09-08 19:03:27.836] [4684] [HailoRT] [info] [vstream_builder.cpp:220] [create_outputs] Output pipeline 'yolo26n/conv61': HW >> (HwReadEl3yolo26n/conv61 | hw_frame_size: 92160) >> (PullQEl_hw_read3yolo26n/conv61) >> (PostInferEl3yolo26n/conv61 | Quantization - src_type: UINT16, dst_type FLOAT32, limvals_min: -0.881752, limvals_max: 6.27869) >> (UserBuffQEl3yolo26n/conv61 | timeout: 10s)
[2026-09-08 19:03:27.836] [4684] [HailoRT] [info] [edge_elements.cpp:287] [create] Created (HwReadEl2yolo26n/conv64 | hw_frame_size: 23040)
[2026-09-08 19:03:27.836] [4684] [HailoRT] [info] [queue_elements.cpp:657] [create] Created (PullQEl_hw_read2yolo26n/conv64)
[2026-09-08 19:03:27.836] [4684] [HailoRT] [info] [filter_elements.cpp:372] [create] Created (PostInferEl2yolo26n/conv64 | Quantization - src_type: UINT16, dst_type FLOAT32, limvals_min: -164.817, limvals_max: 3.19963)
[2026-09-08 19:03:27.837] [4684] [HailoRT] [info] [queue_elements.cpp:800] [create] Created (UserBuffQEl2yolo26n/conv64 | timeout: 10s)
[2026-09-08 19:03:27.837] [4684] [HailoRT] [info] [vstream.cpp:1114] [OutputVStreamImpl] Creating yolo26n/conv64...
[2026-09-08 19:03:27.837] [4684] [HailoRT] [info] [vstream_builder.cpp:220] [create_outputs] Output pipeline 'yolo26n/conv64': HW >> (HwReadEl2yolo26n/conv64 | hw_frame_size: 23040) >> (PullQEl_hw_read2yolo26n/conv64) >> (PostInferEl2yolo26n/conv64 | Quantization - src_type: UINT16, dst_type FLOAT32, limvals_min: -164.817, limvals_max: 3.19963) >> (UserBuffQEl2yolo26n/conv64 | timeout: 10s)
[2026-09-08 19:03:27.838] [4684] [HailoRT] [info] [edge_elements.cpp:287] [create] Created (HwReadEl2yolo26n/conv77 | hw_frame_size: 23040)
[2026-09-08 19:03:27.838] [4684] [HailoRT] [info] [queue_elements.cpp:657] [create] Created (PullQEl_hw_read2yolo26n/conv77)
[2026-09-08 19:03:27.838] [4684] [HailoRT] [info] [filter_elements.cpp:372] [create] Created (PostInferEl2yolo26n/conv77 | Quantization - src_type: UINT16, dst_type FLOAT32, limvals_min: -0.67052, limvals_max: 17.2357)
[2026-09-08 19:03:27.839] [4684] [HailoRT] [info] [queue_elements.cpp:800] [create] Created (UserBuffQEl2yolo26n/conv77 | timeout: 10s)
[2026-09-08 19:03:27.839] [4684] [HailoRT] [info] [vstream.cpp:1114] [OutputVStreamImpl] Creating yolo26n/conv77...
[2026-09-08 19:03:27.839] [4684] [HailoRT] [info] [vstream_builder.cpp:220] [create_outputs] Output pipeline 'yolo26n/conv77': HW >> (HwReadEl2yolo26n/conv77 | hw_frame_size: 23040) >> (PullQEl_hw_read2yolo26n/conv77) >> (PostInferEl2yolo26n/conv77 | Quantization - src_type: UINT16, dst_type FLOAT32, limvals_min: -0.67052, limvals_max: 17.2357) >> (UserBuffQEl2yolo26n/conv77 | timeout: 10s)
[2026-09-08 19:03:27.839] [4684] [HailoRT] [info] [edge_elements.cpp:287] [create] Created (HwReadEl0yolo26n/conv80 | hw_frame_size: 5760)
[2026-09-08 19:03:27.839] [4684] [HailoRT] [info] [queue_elements.cpp:657] [create] Created (PullQEl_hw_read0yolo26n/conv80)
[2026-09-08 19:03:27.839] [4684] [HailoRT] [info] [filter_elements.cpp:372] [create] Created (PostInferEl0yolo26n/conv80 | Quantization - src_type: UINT16, dst_type FLOAT32, limvals_min: -67.4827, limvals_max: 0)
[2026-09-08 19:03:27.839] [4684] [HailoRT] [info] [queue_elements.cpp:800] [create] Created (UserBuffQEl0yolo26n/conv80 | timeout: 10s)
[2026-09-08 19:03:27.839] [4684] [HailoRT] [info] [vstream.cpp:1114] [OutputVStreamImpl] Creating yolo26n/conv80...
[2026-09-08 19:03:27.839] [4684] [HailoRT] [info] [vstream_builder.cpp:220] [create_outputs] Output pipeline 'yolo26n/conv80': HW >> (HwReadEl0yolo26n/conv80 | hw_frame_size: 5760) >> (PullQEl_hw_read0yolo26n/conv80) >> (PostInferEl0yolo26n/conv80 | Quantization - src_type: UINT16, dst_type FLOAT32, limvals_min: -67.4827, limvals_max: 0) >> (UserBuffQEl0yolo26n/conv80 | timeout: 10s)
[2026-09-08 19:03:27.839] [4684] [HailoRT] [info] [edge_elements.cpp:287] [create] Created (HwReadEl3yolo26n/conv91 | hw_frame_size: 11520)
[2026-09-08 19:03:27.839] [4684] [HailoRT] [info] [queue_elements.cpp:657] [create] Created (PullQEl_hw_read3yolo26n/conv91)
[2026-09-08 19:03:27.839] [4684] [HailoRT] [info] [filter_elements.cpp:372] [create] Created (PostInferEl3yolo26n/conv91 | Quantization - src_type: UINT16, dst_type FLOAT32, limvals_min: 0, limvals_max: 8.46146 | Reorder - src_order: FCR, src_shape: (20, 36, 8), dst_order: FCR, dst_shape: (20, 36, 4))
[2026-09-08 19:03:27.839] [4684] [HailoRT] [info] [queue_elements.cpp:800] [create] Created (UserBuffQEl3yolo26n/conv91 | timeout: 10s)
[2026-09-08 19:03:27.839] [4684] [HailoRT] [info] [vstream.cpp:1114] [OutputVStreamImpl] Creating yolo26n/conv91...
[2026-09-08 19:03:27.839] [4684] [HailoRT] [info] [vstream_builder.cpp:220] [create_outputs] Output pipeline 'yolo26n/conv91': HW >> (HwReadEl3yolo26n/conv91 | hw_frame_size: 11520) >> (PullQEl_hw_read3yolo26n/conv91) >> (PostInferEl3yolo26n/conv91 | Quantization - src_type: UINT16, dst_type FLOAT32, limvals_min: 0, limvals_max: 8.46146 | Reorder - src_order: FCR, src_shape: (20, 36, 8), dst_order: FCR, dst_shape: (20, 36, 4)) >> (UserBuffQEl3yolo26n/conv91 | timeout: 10s)
[2026-09-08 19:03:27.839] [4684] [HailoRT] [info] [edge_elements.cpp:287] [create] Created (HwReadEl0yolo26n/conv94 | hw_frame_size: 11520)
[2026-09-08 19:03:27.839] [4684] [HailoRT] [info] [queue_elements.cpp:657] [create] Created (PullQEl_hw_read0yolo26n/conv94)
[2026-09-08 19:03:27.839] [4684] [HailoRT] [info] [filter_elements.cpp:372] [create] Created (PostInferEl0yolo26n/conv94 | Quantization - src_type: UINT16, dst_type FLOAT32, limvals_min: -64.0772, limvals_max: 0 | Reorder - src_order: FCR, src_shape: (20, 36, 8), dst_order: FCR, dst_shape: (20, 36, 1))
[2026-09-08 19:03:27.839] [4684] [HailoRT] [info] [queue_elements.cpp:800] [create] Created (UserBuffQEl0yolo26n/conv94 | timeout: 10s)
[2026-09-08 19:03:27.839] [4684] [HailoRT] [info] [vstream.cpp:1114] [OutputVStreamImpl] Creating yolo26n/conv94...
[2026-09-08 19:03:27.839] [4684] [HailoRT] [info] [vstream_builder.cpp:220] [create_outputs] Output pipeline 'yolo26n/conv94': HW >> (HwReadEl0yolo26n/conv94 | hw_frame_size: 11520) >> (PullQEl_hw_read0yolo26n/conv94) >> (PostInferEl0yolo26n/conv94 | Quantization - src_type: UINT16, dst_type FLOAT32, limvals_min: -64.0772, limvals_max: 0 | Reorder - src_order: FCR, src_shape: (20, 36, 8), dst_order: FCR, dst_shape: (20, 36, 1)) >> (UserBuffQEl0yolo26n/conv94 | timeout: 10s)
[2026-09-08 19:03:27.840] [4684] [HailoRT] [info] [core_op.cpp:156] [activate] Activating yolo26n took 0.530611 milliseconds. Note that the function is asynchronous and thus the network is not fully activated yet.
[2026-09-08 19:03:27.840] [4684] [HailoRT] [info] [core_op.cpp:156] [activate] Activating yolo26n took 0.541093 milliseconds. Note that the function is asynchronous and thus the network is not fully activated yet.
[2026-09-08 19:03:53.617] [4836] [HailoRT] [info] [vdevice_native_stream.cpp:331] [read_impl] Failed read from stream HAILO_STREAM_NOT_ACTIVATED(72) (device: 0001:01:00.0)
[2026-09-08 19:03:53.617] [4834] [HailoRT] [info] [vdevice_native_stream.cpp:331] [read_impl] Failed read from stream HAILO_STREAM_NOT_ACTIVATED(72) (device: 0001:01:00.0)
[2026-09-08 19:03:53.617] [4838] [HailoRT] [info] [vdevice_native_stream.cpp:331] [read_impl] Failed read from stream HAILO_STREAM_NOT_ACTIVATED(72) (device: 0001:01:00.0)
[2026-09-08 19:03:53.617] [4830] [HailoRT] [info] [vdevice_native_stream.cpp:331] [read_impl] Failed read from stream HAILO_STREAM_NOT_ACTIVATED(72) (device: 0001:01:00.0)
[2026-09-08 19:03:53.617] [4832] [HailoRT] [info] [vdevice_native_stream.cpp:331] [read_impl] Failed read from stream HAILO_STREAM_NOT_ACTIVATED(72) (device: 0001:01:00.0)
[2026-09-08 19:03:53.617] [4840] [HailoRT] [info] [vdevice_native_stream.cpp:331] [read_impl] Failed read from stream HAILO_STREAM_NOT_ACTIVATED(72) (device: 0001:01:00.0)
[2026-09-08 19:03:53.618] [4684] [HailoRT] [info] [core_op.cpp:186] [deactivate] Deactivating took 0.529741 ms
[2026-09-08 19:03:53.618] [4684] [HailoRT] [info] [core_op.cpp:186] [deactivate] Deactivating took 0.548 ms
[2026-09-08 19:03:53.618] [4831] [HailoRT] [info] [queue_elements.cpp:855] [run_in_thread] Shutdown event was signaled in dequeue of UserBuffQEl3yolo26n/conv61!
[2026-09-08 19:03:53.618] [4830] [HailoRT] [info] [queue_elements.cpp:734] [run_in_thread] Shutdown event was signaled in run_pull of queue element PullQEl_hw_read3yolo26n/conv61!
[2026-09-08 19:03:53.618] [4830] [HailoRT] [info] [queue_elements.cpp:68] [operator()] Thread in element PullQEl_hw_read3yolo26n/conv61 is not running anymore, exiting..
[2026-09-08 19:03:53.618] [4684] [HailoRT] [info] [queue_elements.cpp:46] [~BaseQueueElement] Queue element PullQEl_hw_read3yolo26n/conv61 has 0 frames in his Queue on destruction
[2026-09-08 19:03:53.618] [4831] [HailoRT] [info] [queue_elements.cpp:68] [operator()] Thread in element UserBuffQEl3yolo26n/conv61 is not running anymore, exiting..
[2026-09-08 19:03:53.618] [4684] [HailoRT] [info] [queue_elements.cpp:46] [~BaseQueueElement] Queue element UserBuffQEl3yolo26n/conv61 has 0 frames in his Queue on destruction
[2026-09-08 19:03:53.618] [4832] [HailoRT] [info] [queue_elements.cpp:734] [run_in_thread] Shutdown event was signaled in run_pull of queue element PullQEl_hw_read2yolo26n/conv64!
[2026-09-08 19:03:53.618] [4833] [HailoRT] [info] [queue_elements.cpp:855] [run_in_thread] Shutdown event was signaled in dequeue of UserBuffQEl2yolo26n/conv64!
[2026-09-08 19:03:53.618] [4832] [HailoRT] [info] [queue_elements.cpp:68] [operator()] Thread in element PullQEl_hw_read2yolo26n/conv64 is not running anymore, exiting..
[2026-09-08 19:03:53.618] [4684] [HailoRT] [info] [queue_elements.cpp:46] [~BaseQueueElement] Queue element PullQEl_hw_read2yolo26n/conv64 has 0 frames in his Queue on destruction
[2026-09-08 19:03:53.618] [4833] [HailoRT] [info] [queue_elements.cpp:68] [operator()] Thread in element UserBuffQEl2yolo26n/conv64 is not running anymore, exiting..
[2026-09-08 19:03:53.618] [4684] [HailoRT] [info] [queue_elements.cpp:46] [~BaseQueueElement] Queue element UserBuffQEl2yolo26n/conv64 has 0 frames in his Queue on destruction
[2026-09-08 19:03:53.618] [4834] [HailoRT] [info] [queue_elements.cpp:734] [run_in_thread] Shutdown event was signaled in run_pull of queue element PullQEl_hw_read2yolo26n/conv77!
[2026-09-08 19:03:53.618] [4835] [HailoRT] [info] [queue_elements.cpp:855] [run_in_thread] Shutdown event was signaled in dequeue of UserBuffQEl2yolo26n/conv77!
[2026-09-08 19:03:53.618] [4834] [HailoRT] [info] [queue_elements.cpp:68] [operator()] Thread in element PullQEl_hw_read2yolo26n/conv77 is not running anymore, exiting..
[2026-09-08 19:03:53.618] [4684] [HailoRT] [info] [queue_elements.cpp:46] [~BaseQueueElement] Queue element PullQEl_hw_read2yolo26n/conv77 has 0 frames in his Queue on destruction
[2026-09-08 19:03:53.618] [4835] [HailoRT] [info] [queue_elements.cpp:68] [operator()] Thread in element UserBuffQEl2yolo26n/conv77 is not running anymore, exiting..
[2026-09-08 19:03:53.618] [4684] [HailoRT] [info] [queue_elements.cpp:46] [~BaseQueueElement] Queue element UserBuffQEl2yolo26n/conv77 has 0 frames in his Queue on destruction
[2026-09-08 19:03:53.618] [4836] [HailoRT] [info] [queue_elements.cpp:734] [run_in_thread] Shutdown event was signaled in run_pull of queue element PullQEl_hw_read0yolo26n/conv80!
[2026-09-08 19:03:53.618] [4837] [HailoRT] [info] [queue_elements.cpp:855] [run_in_thread] Shutdown event was signaled in dequeue of UserBuffQEl0yolo26n/conv80!
[2026-09-08 19:03:53.618] [4836] [HailoRT] [info] [queue_elements.cpp:68] [operator()] Thread in element PullQEl_hw_read0yolo26n/conv80 is not running anymore, exiting..
[2026-09-08 19:03:53.619] [4684] [HailoRT] [info] [queue_elements.cpp:46] [~BaseQueueElement] Queue element PullQEl_hw_read0yolo26n/conv80 has 0 frames in his Queue on destruction
[2026-09-08 19:03:53.619] [4837] [HailoRT] [info] [queue_elements.cpp:68] [operator()] Thread in element UserBuffQEl0yolo26n/conv80 is not running anymore, exiting..
[2026-09-08 19:03:53.619] [4684] [HailoRT] [info] [queue_elements.cpp:46] [~BaseQueueElement] Queue element UserBuffQEl0yolo26n/conv80 has 0 frames in his Queue on destruction
[2026-09-08 19:03:53.619] [4839] [HailoRT] [info] [queue_elements.cpp:855] [run_in_thread] Shutdown event was signaled in dequeue of UserBuffQEl3yolo26n/conv91!
[2026-09-08 19:03:53.619] [4838] [HailoRT] [info] [queue_elements.cpp:734] [run_in_thread] Shutdown event was signaled in run_pull of queue element PullQEl_hw_read3yolo26n/conv91!
[2026-09-08 19:03:53.619] [4838] [HailoRT] [info] [queue_elements.cpp:68] [operator()] Thread in element PullQEl_hw_read3yolo26n/conv91 is not running anymore, exiting..
[2026-09-08 19:03:53.619] [4684] [HailoRT] [info] [queue_elements.cpp:46] [~BaseQueueElement] Queue element PullQEl_hw_read3yolo26n/conv91 has 0 frames in his Queue on destruction
[2026-09-08 19:03:53.619] [4839] [HailoRT] [info] [queue_elements.cpp:68] [operator()] Thread in element UserBuffQEl3yolo26n/conv91 is not running anymore, exiting..
[2026-09-08 19:03:53.619] [4684] [HailoRT] [info] [queue_elements.cpp:46] [~BaseQueueElement] Queue element UserBuffQEl3yolo26n/conv91 has 0 frames in his Queue on destruction
[2026-09-08 19:03:53.619] [4841] [HailoRT] [info] [queue_elements.cpp:855] [run_in_thread] Shutdown event was signaled in dequeue of UserBuffQEl0yolo26n/conv94!
[2026-09-08 19:03:53.619] [4840] [HailoRT] [info] [queue_elements.cpp:734] [run_in_thread] Shutdown event was signaled in run_pull of queue element PullQEl_hw_read0yolo26n/conv94!
[2026-09-08 19:03:53.619] [4840] [HailoRT] [info] [queue_elements.cpp:68] [operator()] Thread in element PullQEl_hw_read0yolo26n/conv94 is not running anymore, exiting..
[2026-09-08 19:03:53.619] [4684] [HailoRT] [info] [queue_elements.cpp:46] [~BaseQueueElement] Queue element PullQEl_hw_read0yolo26n/conv94 has 0 frames in his Queue on destruction
[2026-09-08 19:03:53.619] [4841] [HailoRT] [info] [queue_elements.cpp:68] [operator()] Thread in element UserBuffQEl0yolo26n/conv94 is not running anymore, exiting..
[2026-09-08 19:03:53.619] [4684] [HailoRT] [info] [queue_elements.cpp:46] [~BaseQueueElement] Queue element UserBuffQEl0yolo26n/conv94 has 0 frames in his Queue on destruction
[2026-09-08 19:04:29.758] [4918] [HailoRT] [info] [vdevice.cpp:535] [create] Creating vdevice with params: device_count: 1, scheduling_algorithm: NONE, multi_process_service: false
[2026-09-08 19:04:29.770] [4918] [HailoRT] [info] [device.cpp:51] [Device] OS Version: Linux 6.18.39+rpt-rpi-2712 #1 SMP PREEMPT Debian 1:6.18.39-1+rpt1 (2026-07-29) aarch64
[2026-09-08 19:04:29.771] [4918] [HailoRT] [info] [control.cpp:113] [control__parse_identify_results] firmware_version is: 4.23.0
[2026-09-08 19:04:29.771] [4918] [HailoRT] [info] [vdevice.cpp:682] [create] VDevice Infos: 0001:01:00.0
[2026-09-08 19:04:29.777] [4918] [HailoRT] [info] [internal_buffer_manager.cpp:77] [print_execution_results] Planned internal buffer memory: CMA=0 CMA-Desc=917504 Pinned=2956800. memory to edge layer usage factor is 0.9621793
[2026-09-08 19:04:29.777] [4918] [HailoRT] [info] [internal_buffer_manager.cpp:86] [print_execution_results] Default Internal buffer planner executed successfully
[2026-09-08 19:04:29.812] [4918] [HailoRT] [info] [device_internal.cpp:57] [configure] Configuring HEF took 41.408833 milliseconds
[2026-09-08 19:04:29.812] [4918] [HailoRT] [info] [vdevice.cpp:780] [configure] Configuring HEF on VDevice took 41.73376 milliseconds
[2026-09-08 19:04:29.813] [4918] [HailoRT] [info] [hef.cpp:1994] [get_network_group_and_network_name] No name was given. Addressing all networks of default network_group: yolo26n
[2026-09-08 19:04:29.813] [4918] [HailoRT] [info] [hef.cpp:1994] [get_network_group_and_network_name] No name was given. Addressing all networks of default network_group: yolo26n
[2026-09-08 19:04:29.813] [4918] [HailoRT] [info] [edge_elements.cpp:52] [create] Created (HwWriteEl2yolo26n/input_layer1 | hw_frame_size: 2211840)
[2026-09-08 19:04:29.813] [4918] [HailoRT] [info] [vstream.cpp:754] [InputVStreamImpl] Creating yolo26n/input_layer1...
[2026-09-08 19:04:29.813] [4918] [HailoRT] [info] [vstream_builder.cpp:102] [create_inputs] Input pipeline 'yolo26n/input_layer1': (HwWriteEl2yolo26n/input_layer1 | hw_frame_size: 2211840) >> HW
[2026-09-08 19:04:29.813] [4918] [HailoRT] [info] [edge_elements.cpp:287] [create] Created (HwReadEl3yolo26n/conv61 | hw_frame_size: 92160)
[2026-09-08 19:04:29.813] [4918] [HailoRT] [info] [queue_elements.cpp:657] [create] Created (PullQEl_hw_read3yolo26n/conv61)
[2026-09-08 19:04:29.813] [4918] [HailoRT] [info] [filter_elements.cpp:372] [create] Created (PostInferEl3yolo26n/conv61 | Quantization - src_type: UINT16, dst_type FLOAT32, limvals_min: -0.881752, limvals_max: 6.27869)
[2026-09-08 19:04:29.813] [4918] [HailoRT] [info] [queue_elements.cpp:800] [create] Created (UserBuffQEl3yolo26n/conv61 | timeout: 10s)
[2026-09-08 19:04:29.813] [4918] [HailoRT] [info] [vstream.cpp:1114] [OutputVStreamImpl] Creating yolo26n/conv61...
[2026-09-08 19:04:29.813] [4918] [HailoRT] [info] [vstream_builder.cpp:220] [create_outputs] Output pipeline 'yolo26n/conv61': HW >> (HwReadEl3yolo26n/conv61 | hw_frame_size: 92160) >> (PullQEl_hw_read3yolo26n/conv61) >> (PostInferEl3yolo26n/conv61 | Quantization - src_type: UINT16, dst_type FLOAT32, limvals_min: -0.881752, limvals_max: 6.27869) >> (UserBuffQEl3yolo26n/conv61 | timeout: 10s)
[2026-09-08 19:04:29.813] [4918] [HailoRT] [info] [edge_elements.cpp:287] [create] Created (HwReadEl2yolo26n/conv64 | hw_frame_size: 23040)
[2026-09-08 19:04:29.813] [4918] [HailoRT] [info] [queue_elements.cpp:657] [create] Created (PullQEl_hw_read2yolo26n/conv64)
[2026-09-08 19:04:29.813] [4918] [HailoRT] [info] [filter_elements.cpp:372] [create] Created (PostInferEl2yolo26n/conv64 | Quantization - src_type: UINT16, dst_type FLOAT32, limvals_min: -164.817, limvals_max: 3.19963)
[2026-09-08 19:04:29.813] [4918] [HailoRT] [info] [queue_elements.cpp:800] [create] Created (UserBuffQEl2yolo26n/conv64 | timeout: 10s)
[2026-09-08 19:04:29.813] [4918] [HailoRT] [info] [vstream.cpp:1114] [OutputVStreamImpl] Creating yolo26n/conv64...
[2026-09-08 19:04:29.813] [4918] [HailoRT] [info] [vstream_builder.cpp:220] [create_outputs] Output pipeline 'yolo26n/conv64': HW >> (HwReadEl2yolo26n/conv64 | hw_frame_size: 23040) >> (PullQEl_hw_read2yolo26n/conv64) >> (PostInferEl2yolo26n/conv64 | Quantization - src_type: UINT16, dst_type FLOAT32, limvals_min: -164.817, limvals_max: 3.19963) >> (UserBuffQEl2yolo26n/conv64 | timeout: 10s)
[2026-09-08 19:04:29.813] [4918] [HailoRT] [info] [edge_elements.cpp:287] [create] Created (HwReadEl2yolo26n/conv77 | hw_frame_size: 23040)
[2026-09-08 19:04:29.813] [4918] [HailoRT] [info] [queue_elements.cpp:657] [create] Created (PullQEl_hw_read2yolo26n/conv77)
[2026-09-08 19:04:29.813] [4918] [HailoRT] [info] [filter_elements.cpp:372] [create] Created (PostInferEl2yolo26n/conv77 | Quantization - src_type: UINT16, dst_type FLOAT32, limvals_min: -0.67052, limvals_max: 17.2357)
[2026-09-08 19:04:29.813] [4918] [HailoRT] [info] [queue_elements.cpp:800] [create] Created (UserBuffQEl2yolo26n/conv77 | timeout: 10s)
[2026-09-08 19:04:29.813] [4918] [HailoRT] [info] [vstream.cpp:1114] [OutputVStreamImpl] Creating yolo26n/conv77...
[2026-09-08 19:04:29.813] [4918] [HailoRT] [info] [vstream_builder.cpp:220] [create_outputs] Output pipeline 'yolo26n/conv77': HW >> (HwReadEl2yolo26n/conv77 | hw_frame_size: 23040) >> (PullQEl_hw_read2yolo26n/conv77) >> (PostInferEl2yolo26n/conv77 | Quantization - src_type: UINT16, dst_type FLOAT32, limvals_min: -0.67052, limvals_max: 17.2357) >> (UserBuffQEl2yolo26n/conv77 | timeout: 10s)
[2026-09-08 19:04:29.813] [4918] [HailoRT] [info] [edge_elements.cpp:287] [create] Created (HwReadEl0yolo26n/conv80 | hw_frame_size: 5760)
[2026-09-08 19:04:29.813] [4918] [HailoRT] [info] [queue_elements.cpp:657] [create] Created (PullQEl_hw_read0yolo26n/conv80)
[2026-09-08 19:04:29.813] [4918] [HailoRT] [info] [filter_elements.cpp:372] [create] Created (PostInferEl0yolo26n/conv80 | Quantization - src_type: UINT16, dst_type FLOAT32, limvals_min: -67.4827, limvals_max: 0)
[2026-09-08 19:04:29.814] [4918] [HailoRT] [info] [queue_elements.cpp:800] [create] Created (UserBuffQEl0yolo26n/conv80 | timeout: 10s)
[2026-09-08 19:04:29.814] [4918] [HailoRT] [info] [vstream.cpp:1114] [OutputVStreamImpl] Creating yolo26n/conv80...
[2026-09-08 19:04:29.814] [4918] [HailoRT] [info] [vstream_builder.cpp:220] [create_outputs] Output pipeline 'yolo26n/conv80': HW >> (HwReadEl0yolo26n/conv80 | hw_frame_size: 5760) >> (PullQEl_hw_read0yolo26n/conv80) >> (PostInferEl0yolo26n/conv80 | Quantization - src_type: UINT16, dst_type FLOAT32, limvals_min: -67.4827, limvals_max: 0) >> (UserBuffQEl0yolo26n/conv80 | timeout: 10s)
[2026-09-08 19:04:29.814] [4918] [HailoRT] [info] [edge_elements.cpp:287] [create] Created (HwReadEl3yolo26n/conv91 | hw_frame_size: 11520)
[2026-09-08 19:04:29.814] [4918] [HailoRT] [info] [queue_elements.cpp:657] [create] Created (PullQEl_hw_read3yolo26n/conv91)
[2026-09-08 19:04:29.814] [4918] [HailoRT] [info] [filter_elements.cpp:372] [create] Created (PostInferEl3yolo26n/conv91 | Quantization - src_type: UINT16, dst_type FLOAT32, limvals_min: 0, limvals_max: 8.46146 | Reorder - src_order: FCR, src_shape: (20, 36, 8), dst_order: FCR, dst_shape: (20, 36, 4))
[2026-09-08 19:04:29.814] [4918] [HailoRT] [info] [queue_elements.cpp:800] [create] Created (UserBuffQEl3yolo26n/conv91 | timeout: 10s)
[2026-09-08 19:04:29.814] [4918] [HailoRT] [info] [vstream.cpp:1114] [OutputVStreamImpl] Creating yolo26n/conv91...
[2026-09-08 19:04:29.814] [4918] [HailoRT] [info] [vstream_builder.cpp:220] [create_outputs] Output pipeline 'yolo26n/conv91': HW >> (HwReadEl3yolo26n/conv91 | hw_frame_size: 11520) >> (PullQEl_hw_read3yolo26n/conv91) >> (PostInferEl3yolo26n/conv91 | Quantization - src_type: UINT16, dst_type FLOAT32, limvals_min: 0, limvals_max: 8.46146 | Reorder - src_order: FCR, src_shape: (20, 36, 8), dst_order: FCR, dst_shape: (20, 36, 4)) >> (UserBuffQEl3yolo26n/conv91 | timeout: 10s)
[2026-09-08 19:04:29.814] [4918] [HailoRT] [info] [edge_elements.cpp:287] [create] Created (HwReadEl0yolo26n/conv94 | hw_frame_size: 11520)
[2026-09-08 19:04:29.814] [4918] [HailoRT] [info] [queue_elements.cpp:657] [create] Created (PullQEl_hw_read0yolo26n/conv94)
[2026-09-08 19:04:29.814] [4918] [HailoRT] [info] [filter_elements.cpp:372] [create] Created (PostInferEl0yolo26n/conv94 | Quantization - src_type: UINT16, dst_type FLOAT32, limvals_min: -64.0772, limvals_max: 0 | Reorder - src_order: FCR, src_shape: (20, 36, 8), dst_order: FCR, dst_shape: (20, 36, 1))
[2026-09-08 19:04:29.814] [4918] [HailoRT] [info] [queue_elements.cpp:800] [create] Created (UserBuffQEl0yolo26n/conv94 | timeout: 10s)
[2026-09-08 19:04:29.814] [4918] [HailoRT] [info] [vstream.cpp:1114] [OutputVStreamImpl] Creating yolo26n/conv94...
[2026-09-08 19:04:29.814] [4918] [HailoRT] [info] [vstream_builder.cpp:220] [create_outputs] Output pipeline 'yolo26n/conv94': HW >> (HwReadEl0yolo26n/conv94 | hw_frame_size: 11520) >> (PullQEl_hw_read0yolo26n/conv94) >> (PostInferEl0yolo26n/conv94 | Quantization - src_type: UINT16, dst_type FLOAT32, limvals_min: -64.0772, limvals_max: 0 | Reorder - src_order: FCR, src_shape: (20, 36, 8), dst_order: FCR, dst_shape: (20, 36, 1)) >> (UserBuffQEl0yolo26n/conv94 | timeout: 10s)
[2026-09-08 19:04:29.814] [4918] [HailoRT] [info] [core_op.cpp:156] [activate] Activating yolo26n took 0.456777 milliseconds. Note that the function is asynchronous and thus the network is not fully activated yet.
[2026-09-08 19:04:29.814] [4918] [HailoRT] [info] [core_op.cpp:156] [activate] Activating yolo26n took 0.465204 milliseconds. Note that the function is asynchronous and thus the network is not fully activated yet.
[2026-09-08 19:05:14.906] [5029] [HailoRT] [info] [vdevice_native_stream.cpp:331] [read_impl] Failed read from stream HAILO_STREAM_NOT_ACTIVATED(72) (device: 0001:01:00.0)
[2026-09-08 19:05:14.906] [5033] [HailoRT] [info] [vdevice_native_stream.cpp:331] [read_impl] Failed read from stream HAILO_STREAM_NOT_ACTIVATED(72) (device: 0001:01:00.0)
[2026-09-08 19:05:14.906] [5027] [HailoRT] [info] [vdevice_native_stream.cpp:331] [read_impl] Failed read from stream HAILO_STREAM_NOT_ACTIVATED(72) (device: 0001:01:00.0)
[2026-09-08 19:05:14.906] [5035] [HailoRT] [info] [vdevice_native_stream.cpp:331] [read_impl] Failed read from stream HAILO_STREAM_NOT_ACTIVATED(72) (device: 0001:01:00.0)
[2026-09-08 19:05:14.906] [5025] [HailoRT] [info] [vdevice_native_stream.cpp:331] [read_impl] Failed read from stream HAILO_STREAM_NOT_ACTIVATED(72) (device: 0001:01:00.0)
[2026-09-08 19:05:14.906] [5031] [HailoRT] [info] [vdevice_native_stream.cpp:331] [read_impl] Failed read from stream HAILO_STREAM_NOT_ACTIVATED(72) (device: 0001:01:00.0)
[2026-09-08 19:05:14.906] [4918] [HailoRT] [info] [core_op.cpp:186] [deactivate] Deactivating took 0.519556 ms
[2026-09-08 19:05:14.906] [4918] [HailoRT] [info] [core_op.cpp:186] [deactivate] Deactivating took 0.541092 ms
[2026-09-08 19:05:14.906] [5026] [HailoRT] [info] [queue_elements.cpp:855] [run_in_thread] Shutdown event was signaled in dequeue of UserBuffQEl3yolo26n/conv61!
[2026-09-08 19:05:14.906] [5025] [HailoRT] [info] [queue_elements.cpp:734] [run_in_thread] Shutdown event was signaled in run_pull of queue element PullQEl_hw_read3yolo26n/conv61!
[2026-09-08 19:05:14.906] [5025] [HailoRT] [info] [queue_elements.cpp:68] [operator()] Thread in element PullQEl_hw_read3yolo26n/conv61 is not running anymore, exiting..
[2026-09-08 19:05:14.906] [4918] [HailoRT] [info] [queue_elements.cpp:46] [~BaseQueueElement] Queue element PullQEl_hw_read3yolo26n/conv61 has 0 frames in his Queue on destruction
[2026-09-08 19:05:14.906] [5026] [HailoRT] [info] [queue_elements.cpp:68] [operator()] Thread in element UserBuffQEl3yolo26n/conv61 is not running anymore, exiting..
[2026-09-08 19:05:14.906] [4918] [HailoRT] [info] [queue_elements.cpp:46] [~BaseQueueElement] Queue element UserBuffQEl3yolo26n/conv61 has 0 frames in his Queue on destruction
[2026-09-08 19:05:14.906] [5028] [HailoRT] [info] [queue_elements.cpp:855] [run_in_thread] Shutdown event was signaled in dequeue of UserBuffQEl2yolo26n/conv64!
[2026-09-08 19:05:14.906] [5027] [HailoRT] [info] [queue_elements.cpp:734] [run_in_thread] Shutdown event was signaled in run_pull of queue element PullQEl_hw_read2yolo26n/conv64!
[2026-09-08 19:05:14.906] [5027] [HailoRT] [info] [queue_elements.cpp:68] [operator()] Thread in element PullQEl_hw_read2yolo26n/conv64 is not running anymore, exiting..
[2026-09-08 19:05:14.906] [4918] [HailoRT] [info] [queue_elements.cpp:46] [~BaseQueueElement] Queue element PullQEl_hw_read2yolo26n/conv64 has 0 frames in his Queue on destruction
[2026-09-08 19:05:14.906] [5028] [HailoRT] [info] [queue_elements.cpp:68] [operator()] Thread in element UserBuffQEl2yolo26n/conv64 is not running anymore, exiting..
[2026-09-08 19:05:14.906] [4918] [HailoRT] [info] [queue_elements.cpp:46] [~BaseQueueElement] Queue element UserBuffQEl2yolo26n/conv64 has 0 frames in his Queue on destruction
[2026-09-08 19:05:14.906] [5030] [HailoRT] [info] [queue_elements.cpp:855] [run_in_thread] Shutdown event was signaled in dequeue of UserBuffQEl2yolo26n/conv77!
[2026-09-08 19:05:14.906] [5029] [HailoRT] [info] [queue_elements.cpp:734] [run_in_thread] Shutdown event was signaled in run_pull of queue element PullQEl_hw_read2yolo26n/conv77!
[2026-09-08 19:05:14.906] [5029] [HailoRT] [info] [queue_elements.cpp:68] [operator()] Thread in element PullQEl_hw_read2yolo26n/conv77 is not running anymore, exiting..
[2026-09-08 19:05:14.906] [4918] [HailoRT] [info] [queue_elements.cpp:46] [~BaseQueueElement] Queue element PullQEl_hw_read2yolo26n/conv77 has 0 frames in his Queue on destruction
[2026-09-08 19:05:14.907] [5030] [HailoRT] [info] [queue_elements.cpp:68] [operator()] Thread in element UserBuffQEl2yolo26n/conv77 is not running anymore, exiting..
[2026-09-08 19:05:14.907] [4918] [HailoRT] [info] [queue_elements.cpp:46] [~BaseQueueElement] Queue element UserBuffQEl2yolo26n/conv77 has 0 frames in his Queue on destruction
[2026-09-08 19:05:14.907] [5031] [HailoRT] [info] [queue_elements.cpp:734] [run_in_thread] Shutdown event was signaled in run_pull of queue element PullQEl_hw_read0yolo26n/conv80!
[2026-09-08 19:05:14.907] [5032] [HailoRT] [info] [queue_elements.cpp:855] [run_in_thread] Shutdown event was signaled in dequeue of UserBuffQEl0yolo26n/conv80!
[2026-09-08 19:05:14.907] [5031] [HailoRT] [info] [queue_elements.cpp:68] [operator()] Thread in element PullQEl_hw_read0yolo26n/conv80 is not running anymore, exiting..
[2026-09-08 19:05:14.907] [4918] [HailoRT] [info] [queue_elements.cpp:46] [~BaseQueueElement] Queue element PullQEl_hw_read0yolo26n/conv80 has 0 frames in his Queue on destruction
[2026-09-08 19:05:14.907] [5032] [HailoRT] [info] [queue_elements.cpp:68] [operator()] Thread in element UserBuffQEl0yolo26n/conv80 is not running anymore, exiting..
[2026-09-08 19:05:14.907] [4918] [HailoRT] [info] [queue_elements.cpp:46] [~BaseQueueElement] Queue element UserBuffQEl0yolo26n/conv80 has 0 frames in his Queue on destruction
[2026-09-08 19:05:14.907] [5034] [HailoRT] [info] [queue_elements.cpp:855] [run_in_thread] Shutdown event was signaled in dequeue of UserBuffQEl3yolo26n/conv91!
[2026-09-08 19:05:14.907] [5033] [HailoRT] [info] [queue_elements.cpp:734] [run_in_thread] Shutdown event was signaled in run_pull of queue element PullQEl_hw_read3yolo26n/conv91!
[2026-09-08 19:05:14.907] [5033] [HailoRT] [info] [queue_elements.cpp:68] [operator()] Thread in element PullQEl_hw_read3yolo26n/conv91 is not running anymore, exiting..
[2026-09-08 19:05:14.907] [4918] [HailoRT] [info] [queue_elements.cpp:46] [~BaseQueueElement] Queue element PullQEl_hw_read3yolo26n/conv91 has 0 frames in his Queue on destruction
[2026-09-08 19:05:14.907] [5034] [HailoRT] [info] [queue_elements.cpp:68] [operator()] Thread in element UserBuffQEl3yolo26n/conv91 is not running anymore, exiting..
[2026-09-08 19:05:14.907] [4918] [HailoRT] [info] [queue_elements.cpp:46] [~BaseQueueElement] Queue element UserBuffQEl3yolo26n/conv91 has 0 frames in his Queue on destruction
[2026-09-08 19:05:14.907] [5036] [HailoRT] [info] [queue_elements.cpp:855] [run_in_thread] Shutdown event was signaled in dequeue of UserBuffQEl0yolo26n/conv94!
[2026-09-08 19:05:14.907] [5035] [HailoRT] [info] [queue_elements.cpp:734] [run_in_thread] Shutdown event was signaled in run_pull of queue element PullQEl_hw_read0yolo26n/conv94!
[2026-09-08 19:05:14.907] [5035] [HailoRT] [info] [queue_elements.cpp:68] [operator()] Thread in element PullQEl_hw_read0yolo26n/conv94 is not running anymore, exiting..
[2026-09-08 19:05:14.907] [4918] [HailoRT] [info] [queue_elements.cpp:46] [~BaseQueueElement] Queue element PullQEl_hw_read0yolo26n/conv94 has 0 frames in his Queue on destruction
[2026-09-08 19:05:14.907] [5036] [HailoRT] [info] [queue_elements.cpp:68] [operator()] Thread in element UserBuffQEl0yolo26n/conv94 is not running anymore, exiting..
[2026-09-08 19:05:14.907] [4918] [HailoRT] [info] [queue_elements.cpp:46] [~BaseQueueElement] Queue element UserBuffQEl0yolo26n/conv94 has 0 frames in his Queue on destruction
[2026-09-08 19:24:31.813] [17331] [HailoRT] [info] [vdevice.cpp:535] [create] Creating vdevice with params: device_count: 1, scheduling_algorithm: NONE, multi_process_service: false
[2026-09-08 19:24:31.825] [17331] [HailoRT] [info] [device.cpp:51] [Device] OS Version: Linux 6.18.39+rpt-rpi-2712 #1 SMP PREEMPT Debian 1:6.18.39-1+rpt1 (2026-07-29) aarch64
[2026-09-08 19:24:31.826] [17331] [HailoRT] [info] [control.cpp:113] [control__parse_identify_results] firmware_version is: 4.23.0
[2026-09-08 19:24:31.826] [17331] [HailoRT] [info] [vdevice.cpp:682] [create] VDevice Infos: 0001:01:00.0
[2026-09-08 19:24:31.832] [17331] [HailoRT] [info] [internal_buffer_manager.cpp:77] [print_execution_results] Planned internal buffer memory: CMA=0 CMA-Desc=917504 Pinned=2956800. memory to edge layer usage factor is 0.9621793
[2026-09-08 19:24:31.832] [17331] [HailoRT] [info] [internal_buffer_manager.cpp:86] [print_execution_results] Default Internal buffer planner executed successfully
[2026-09-08 19:24:31.867] [17331] [HailoRT] [info] [device_internal.cpp:57] [configure] Configuring HEF took 40.893761 milliseconds
[2026-09-08 19:24:31.867] [17331] [HailoRT] [info] [vdevice.cpp:780] [configure] Configuring HEF on VDevice took 41.202571 milliseconds
[2026-09-08 19:24:31.867] [17331] [HailoRT] [info] [hef.cpp:1994] [get_network_group_and_network_name] No name was given. Addressing all networks of default network_group: yolo26n
[2026-09-08 19:24:31.867] [17331] [HailoRT] [info] [hef.cpp:1994] [get_network_group_and_network_name] No name was given. Addressing all networks of default network_group: yolo26n
[2026-09-08 19:24:31.867] [17331] [HailoRT] [info] [edge_elements.cpp:52] [create] Created (HwWriteEl2yolo26n/input_layer1 | hw_frame_size: 2211840)
[2026-09-08 19:24:31.867] [17331] [HailoRT] [info] [vstream.cpp:754] [InputVStreamImpl] Creating yolo26n/input_layer1...
[2026-09-08 19:24:31.867] [17331] [HailoRT] [info] [vstream_builder.cpp:102] [create_inputs] Input pipeline 'yolo26n/input_layer1': (HwWriteEl2yolo26n/input_layer1 | hw_frame_size: 2211840) >> HW
[2026-09-08 19:24:31.867] [17331] [HailoRT] [info] [edge_elements.cpp:287] [create] Created (HwReadEl3yolo26n/conv61 | hw_frame_size: 92160)
[2026-09-08 19:24:31.867] [17331] [HailoRT] [info] [queue_elements.cpp:657] [create] Created (PullQEl_hw_read3yolo26n/conv61)
[2026-09-08 19:24:31.867] [17331] [HailoRT] [info] [filter_elements.cpp:372] [create] Created (PostInferEl3yolo26n/conv61 | Quantization - src_type: UINT16, dst_type FLOAT32, limvals_min: -0.881752, limvals_max: 6.27869)
[2026-09-08 19:24:31.867] [17331] [HailoRT] [info] [queue_elements.cpp:800] [create] Created (UserBuffQEl3yolo26n/conv61 | timeout: 10s)
[2026-09-08 19:24:31.867] [17331] [HailoRT] [info] [vstream.cpp:1114] [OutputVStreamImpl] Creating yolo26n/conv61...
[2026-09-08 19:24:31.867] [17331] [HailoRT] [info] [vstream_builder.cpp:220] [create_outputs] Output pipeline 'yolo26n/conv61': HW >> (HwReadEl3yolo26n/conv61 | hw_frame_size: 92160) >> (PullQEl_hw_read3yolo26n/conv61) >> (PostInferEl3yolo26n/conv61 | Quantization - src_type: UINT16, dst_type FLOAT32, limvals_min: -0.881752, limvals_max: 6.27869) >> (UserBuffQEl3yolo26n/conv61 | timeout: 10s)
[2026-09-08 19:24:31.867] [17331] [HailoRT] [info] [edge_elements.cpp:287] [create] Created (HwReadEl2yolo26n/conv64 | hw_frame_size: 23040)
[2026-09-08 19:24:31.868] [17331] [HailoRT] [info] [queue_elements.cpp:657] [create] Created (PullQEl_hw_read2yolo26n/conv64)
[2026-09-08 19:24:31.868] [17331] [HailoRT] [info] [filter_elements.cpp:372] [create] Created (PostInferEl2yolo26n/conv64 | Quantization - src_type: UINT16, dst_type FLOAT32, limvals_min: -164.817, limvals_max: 3.19963)
[2026-09-08 19:24:31.868] [17331] [HailoRT] [info] [queue_elements.cpp:800] [create] Created (UserBuffQEl2yolo26n/conv64 | timeout: 10s)
[2026-09-08 19:24:31.868] [17331] [HailoRT] [info] [vstream.cpp:1114] [OutputVStreamImpl] Creating yolo26n/conv64...
[2026-09-08 19:24:31.868] [17331] [HailoRT] [info] [vstream_builder.cpp:220] [create_outputs] Output pipeline 'yolo26n/conv64': HW >> (HwReadEl2yolo26n/conv64 | hw_frame_size: 23040) >> (PullQEl_hw_read2yolo26n/conv64) >> (PostInferEl2yolo26n/conv64 | Quantization - src_type: UINT16, dst_type FLOAT32, limvals_min: -164.817, limvals_max: 3.19963) >> (UserBuffQEl2yolo26n/conv64 | timeout: 10s)
[2026-09-08 19:24:31.868] [17331] [HailoRT] [info] [edge_elements.cpp:287] [create] Created (HwReadEl2yolo26n/conv77 | hw_frame_size: 23040)
[2026-09-08 19:24:31.868] [17331] [HailoRT] [info] [queue_elements.cpp:657] [create] Created (PullQEl_hw_read2yolo26n/conv77)
[2026-09-08 19:24:31.868] [17331] [HailoRT] [info] [filter_elements.cpp:372] [create] Created (PostInferEl2yolo26n/conv77 | Quantization - src_type: UINT16, dst_type FLOAT32, limvals_min: -0.67052, limvals_max: 17.2357)
[2026-09-08 19:24:31.868] [17331] [HailoRT] [info] [queue_elements.cpp:800] [create] Created (UserBuffQEl2yolo26n/conv77 | timeout: 10s)
[2026-09-08 19:24:31.868] [17331] [HailoRT] [info] [vstream.cpp:1114] [OutputVStreamImpl] Creating yolo26n/conv77...
[2026-09-08 19:24:31.868] [17331] [HailoRT] [info] [vstream_builder.cpp:220] [create_outputs] Output pipeline 'yolo26n/conv77': HW >> (HwReadEl2yolo26n/conv77 | hw_frame_size: 23040) >> (PullQEl_hw_read2yolo26n/conv77) >> (PostInferEl2yolo26n/conv77 | Quantization - src_type: UINT16, dst_type FLOAT32, limvals_min: -0.67052, limvals_max: 17.2357) >> (UserBuffQEl2yolo26n/conv77 | timeout: 10s)
[2026-09-08 19:24:31.868] [17331] [HailoRT] [info] [edge_elements.cpp:287] [create] Created (HwReadEl0yolo26n/conv80 | hw_frame_size: 5760)
[2026-09-08 19:24:31.868] [17331] [HailoRT] [info] [queue_elements.cpp:657] [create] Created (PullQEl_hw_read0yolo26n/conv80)
[2026-09-08 19:24:31.868] [17331] [HailoRT] [info] [filter_elements.cpp:372] [create] Created (PostInferEl0yolo26n/conv80 | Quantization - src_type: UINT16, dst_type FLOAT32, limvals_min: -67.4827, limvals_max: 0)
[2026-09-08 19:24:31.868] [17331] [HailoRT] [info] [queue_elements.cpp:800] [create] Created (UserBuffQEl0yolo26n/conv80 | timeout: 10s)
[2026-09-08 19:24:31.868] [17331] [HailoRT] [info] [vstream.cpp:1114] [OutputVStreamImpl] Creating yolo26n/conv80...
[2026-09-08 19:24:31.868] [17331] [HailoRT] [info] [vstream_builder.cpp:220] [create_outputs] Output pipeline 'yolo26n/conv80': HW >> (HwReadEl0yolo26n/conv80 | hw_frame_size: 5760) >> (PullQEl_hw_read0yolo26n/conv80) >> (PostInferEl0yolo26n/conv80 | Quantization - src_type: UINT16, dst_type FLOAT32, limvals_min: -67.4827, limvals_max: 0) >> (UserBuffQEl0yolo26n/conv80 | timeout: 10s)
[2026-09-08 19:24:31.868] [17331] [HailoRT] [info] [edge_elements.cpp:287] [create] Created (HwReadEl3yolo26n/conv91 | hw_frame_size: 11520)
[2026-09-08 19:24:31.868] [17331] [HailoRT] [info] [queue_elements.cpp:657] [create] Created (PullQEl_hw_read3yolo26n/conv91)
[2026-09-08 19:24:31.868] [17331] [HailoRT] [info] [filter_elements.cpp:372] [create] Created (PostInferEl3yolo26n/conv91 | Quantization - src_type: UINT16, dst_type FLOAT32, limvals_min: 0, limvals_max: 8.46146 | Reorder - src_order: FCR, src_shape: (20, 36, 8), dst_order: FCR, dst_shape: (20, 36, 4))
[2026-09-08 19:24:31.868] [17331] [HailoRT] [info] [queue_elements.cpp:800] [create] Created (UserBuffQEl3yolo26n/conv91 | timeout: 10s)
[2026-09-08 19:24:31.868] [17331] [HailoRT] [info] [vstream.cpp:1114] [OutputVStreamImpl] Creating yolo26n/conv91...
[2026-09-08 19:24:31.868] [17331] [HailoRT] [info] [vstream_builder.cpp:220] [create_outputs] Output pipeline 'yolo26n/conv91': HW >> (HwReadEl3yolo26n/conv91 | hw_frame_size: 11520) >> (PullQEl_hw_read3yolo26n/conv91) >> (PostInferEl3yolo26n/conv91 | Quantization - src_type: UINT16, dst_type FLOAT32, limvals_min: 0, limvals_max: 8.46146 | Reorder - src_order: FCR, src_shape: (20, 36, 8), dst_order: FCR, dst_shape: (20, 36, 4)) >> (UserBuffQEl3yolo26n/conv91 | timeout: 10s)
[2026-09-08 19:24:31.868] [17331] [HailoRT] [info] [edge_elements.cpp:287] [create] Created (HwReadEl0yolo26n/conv94 | hw_frame_size: 11520)
[2026-09-08 19:24:31.868] [17331] [HailoRT] [info] [queue_elements.cpp:657] [create] Created (PullQEl_hw_read0yolo26n/conv94)
[2026-09-08 19:24:31.868] [17331] [HailoRT] [info] [filter_elements.cpp:372] [create] Created (PostInferEl0yolo26n/conv94 | Quantization - src_type: UINT16, dst_type FLOAT32, limvals_min: -64.0772, limvals_max: 0 | Reorder - src_order: FCR, src_shape: (20, 36, 8), dst_order: FCR, dst_shape: (20, 36, 1))
[2026-09-08 19:24:31.868] [17331] [HailoRT] [info] [queue_elements.cpp:800] [create] Created (UserBuffQEl0yolo26n/conv94 | timeout: 10s)
[2026-09-08 19:24:31.868] [17331] [HailoRT] [info] [vstream.cpp:1114] [OutputVStreamImpl] Creating yolo26n/conv94...
[2026-09-08 19:24:31.868] [17331] [HailoRT] [info] [vstream_builder.cpp:220] [create_outputs] Output pipeline 'yolo26n/conv94': HW >> (HwReadEl0yolo26n/conv94 | hw_frame_size: 11520) >> (PullQEl_hw_read0yolo26n/conv94) >> (PostInferEl0yolo26n/conv94 | Quantization - src_type: UINT16, dst_type FLOAT32, limvals_min: -64.0772, limvals_max: 0 | Reorder - src_order: FCR, src_shape: (20, 36, 8), dst_order: FCR, dst_shape: (20, 36, 1)) >> (UserBuffQEl0yolo26n/conv94 | timeout: 10s)
[2026-09-08 19:24:31.869] [17331] [HailoRT] [info] [core_op.cpp:156] [activate] Activating yolo26n took 0.481883 milliseconds. Note that the function is asynchronous and thus the network is not fully activated yet.
[2026-09-08 19:24:31.869] [17331] [HailoRT] [info] [core_op.cpp:156] [activate] Activating yolo26n took 0.493622 milliseconds. Note that the function is asynchronous and thus the network is not fully activated yet.
[2026-09-08 19:24:42.806] [17381] [HailoRT] [info] [vdevice_native_stream.cpp:331] [read_impl] Failed read from stream HAILO_STREAM_NOT_ACTIVATED(72) (device: 0001:01:00.0)
[2026-09-08 19:24:42.806] [17389] [HailoRT] [info] [vdevice_native_stream.cpp:331] [read_impl] Failed read from stream HAILO_STREAM_NOT_ACTIVATED(72) (device: 0001:01:00.0)
[2026-09-08 19:24:42.806] [17386] [HailoRT] [info] [vdevice_native_stream.cpp:331] [read_impl] Failed read from stream HAILO_STREAM_NOT_ACTIVATED(72) (device: 0001:01:00.0)
[2026-09-08 19:24:42.806] [17384] [HailoRT] [info] [vdevice_native_stream.cpp:331] [read_impl] Failed read from stream HAILO_STREAM_NOT_ACTIVATED(72) (device: 0001:01:00.0)
[2026-09-08 19:24:42.806] [17377] [HailoRT] [info] [vdevice_native_stream.cpp:331] [read_impl] Failed read from stream HAILO_STREAM_NOT_ACTIVATED(72) (device: 0001:01:00.0)
[2026-09-08 19:24:42.806] [17379] [HailoRT] [info] [vdevice_native_stream.cpp:331] [read_impl] Failed read from stream HAILO_STREAM_NOT_ACTIVATED(72) (device: 0001:01:00.0)
[2026-09-08 19:24:42.806] [17331] [HailoRT] [info] [core_op.cpp:186] [deactivate] Deactivating took 0.526882 ms
[2026-09-08 19:24:42.806] [17331] [HailoRT] [info] [core_op.cpp:186] [deactivate] Deactivating took 0.545455 ms
[2026-09-08 19:24:42.807] [17378] [HailoRT] [info] [queue_elements.cpp:855] [run_in_thread] Shutdown event was signaled in dequeue of UserBuffQEl3yolo26n/conv61!
[2026-09-08 19:24:42.807] [17377] [HailoRT] [info] [queue_elements.cpp:734] [run_in_thread] Shutdown event was signaled in run_pull of queue element PullQEl_hw_read3yolo26n/conv61!
[2026-09-08 19:24:42.807] [17377] [HailoRT] [info] [queue_elements.cpp:68] [operator()] Thread in element PullQEl_hw_read3yolo26n/conv61 is not running anymore, exiting..
[2026-09-08 19:24:42.807] [17331] [HailoRT] [info] [queue_elements.cpp:46] [~BaseQueueElement] Queue element PullQEl_hw_read3yolo26n/conv61 has 0 frames in his Queue on destruction
[2026-09-08 19:24:42.807] [17378] [HailoRT] [info] [queue_elements.cpp:68] [operator()] Thread in element UserBuffQEl3yolo26n/conv61 is not running anymore, exiting..
[2026-09-08 19:24:42.807] [17331] [HailoRT] [info] [queue_elements.cpp:46] [~BaseQueueElement] Queue element UserBuffQEl3yolo26n/conv61 has 0 frames in his Queue on destruction
[2026-09-08 19:24:42.807] [17379] [HailoRT] [info] [queue_elements.cpp:734] [run_in_thread] Shutdown event was signaled in run_pull of queue element PullQEl_hw_read2yolo26n/conv64!
[2026-09-08 19:24:42.807] [17380] [HailoRT] [info] [queue_elements.cpp:855] [run_in_thread] Shutdown event was signaled in dequeue of UserBuffQEl2yolo26n/conv64!
[2026-09-08 19:24:42.807] [17379] [HailoRT] [info] [queue_elements.cpp:68] [operator()] Thread in element PullQEl_hw_read2yolo26n/conv64 is not running anymore, exiting..
[2026-09-08 19:24:42.807] [17331] [HailoRT] [info] [queue_elements.cpp:46] [~BaseQueueElement] Queue element PullQEl_hw_read2yolo26n/conv64 has 0 frames in his Queue on destruction
[2026-09-08 19:24:42.807] [17380] [HailoRT] [info] [queue_elements.cpp:68] [operator()] Thread in element UserBuffQEl2yolo26n/conv64 is not running anymore, exiting..
[2026-09-08 19:24:42.807] [17331] [HailoRT] [info] [queue_elements.cpp:46] [~BaseQueueElement] Queue element UserBuffQEl2yolo26n/conv64 has 0 frames in his Queue on destruction
[2026-09-08 19:24:42.807] [17382] [HailoRT] [info] [queue_elements.cpp:855] [run_in_thread] Shutdown event was signaled in dequeue of UserBuffQEl2yolo26n/conv77!
[2026-09-08 19:24:42.807] [17381] [HailoRT] [info] [queue_elements.cpp:734] [run_in_thread] Shutdown event was signaled in run_pull of queue element PullQEl_hw_read2yolo26n/conv77!
[2026-09-08 19:24:42.807] [17381] [HailoRT] [info] [queue_elements.cpp:68] [operator()] Thread in element PullQEl_hw_read2yolo26n/conv77 is not running anymore, exiting..
[2026-09-08 19:24:42.807] [17331] [HailoRT] [info] [queue_elements.cpp:46] [~BaseQueueElement] Queue element PullQEl_hw_read2yolo26n/conv77 has 0 frames in his Queue on destruction
[2026-09-08 19:24:42.807] [17382] [HailoRT] [info] [queue_elements.cpp:68] [operator()] Thread in element UserBuffQEl2yolo26n/conv77 is not running anymore, exiting..
[2026-09-08 19:24:42.807] [17331] [HailoRT] [info] [queue_elements.cpp:46] [~BaseQueueElement] Queue element UserBuffQEl2yolo26n/conv77 has 0 frames in his Queue on destruction
[2026-09-08 19:24:42.807] [17384] [HailoRT] [info] [queue_elements.cpp:734] [run_in_thread] Shutdown event was signaled in run_pull of queue element PullQEl_hw_read0yolo26n/conv80!
[2026-09-08 19:24:42.807] [17385] [HailoRT] [info] [queue_elements.cpp:855] [run_in_thread] Shutdown event was signaled in dequeue of UserBuffQEl0yolo26n/conv80!
[2026-09-08 19:24:42.807] [17384] [HailoRT] [info] [queue_elements.cpp:68] [operator()] Thread in element PullQEl_hw_read0yolo26n/conv80 is not running anymore, exiting..
[2026-09-08 19:24:42.807] [17331] [HailoRT] [info] [queue_elements.cpp:46] [~BaseQueueElement] Queue element PullQEl_hw_read0yolo26n/conv80 has 0 frames in his Queue on destruction
[2026-09-08 19:24:42.807] [17385] [HailoRT] [info] [queue_elements.cpp:68] [operator()] Thread in element UserBuffQEl0yolo26n/conv80 is not running anymore, exiting..
[2026-09-08 19:24:42.807] [17331] [HailoRT] [info] [queue_elements.cpp:46] [~BaseQueueElement] Queue element UserBuffQEl0yolo26n/conv80 has 0 frames in his Queue on destruction
[2026-09-08 19:24:42.807] [17386] [HailoRT] [info] [queue_elements.cpp:734] [run_in_thread] Shutdown event was signaled in run_pull of queue element PullQEl_hw_read3yolo26n/conv91!
[2026-09-08 19:24:42.807] [17388] [HailoRT] [info] [queue_elements.cpp:855] [run_in_thread] Shutdown event was signaled in dequeue of UserBuffQEl3yolo26n/conv91!
[2026-09-08 19:24:42.807] [17386] [HailoRT] [info] [queue_elements.cpp:68] [operator()] Thread in element PullQEl_hw_read3yolo26n/conv91 is not running anymore, exiting..
[2026-09-08 19:24:42.807] [17331] [HailoRT] [info] [queue_elements.cpp:46] [~BaseQueueElement] Queue element PullQEl_hw_read3yolo26n/conv91 has 0 frames in his Queue on destruction
[2026-09-08 19:24:42.807] [17388] [HailoRT] [info] [queue_elements.cpp:68] [operator()] Thread in element UserBuffQEl3yolo26n/conv91 is not running anymore, exiting..
[2026-09-08 19:24:42.807] [17331] [HailoRT] [info] [queue_elements.cpp:46] [~BaseQueueElement] Queue element UserBuffQEl3yolo26n/conv91 has 0 frames in his Queue on destruction
[2026-09-08 19:24:42.807] [17390] [HailoRT] [info] [queue_elements.cpp:855] [run_in_thread] Shutdown event was signaled in dequeue of UserBuffQEl0yolo26n/conv94!
[2026-09-08 19:24:42.808] [17389] [HailoRT] [info] [queue_elements.cpp:734] [run_in_thread] Shutdown event was signaled in run_pull of queue element PullQEl_hw_read0yolo26n/conv94!
[2026-09-08 19:24:42.808] [17389] [HailoRT] [info] [queue_elements.cpp:68] [operator()] Thread in element PullQEl_hw_read0yolo26n/conv94 is not running anymore, exiting..
[2026-09-08 19:24:42.808] [17331] [HailoRT] [info] [queue_elements.cpp:46] [~BaseQueueElement] Queue element PullQEl_hw_read0yolo26n/conv94 has 0 frames in his Queue on destruction
[2026-09-08 19:24:42.808] [17390] [HailoRT] [info] [queue_elements.cpp:68] [operator()] Thread in element UserBuffQEl0yolo26n/conv94 is not running anymore, exiting..
[2026-09-08 19:24:42.808] [17331] [HailoRT] [info] [queue_elements.cpp:46] [~BaseQueueElement] Queue element UserBuffQEl0yolo26n/conv94 has 0 frames in his Queue on destruction
[2026-09-08 19:25:19.853] [18790] [HailoRT] [info] [vdevice.cpp:535] [create] Creating vdevice with params: device_count: 1, scheduling_algorithm: NONE, multi_process_service: false
[2026-09-08 19:25:19.865] [18790] [HailoRT] [info] [device.cpp:51] [Device] OS Version: Linux 6.18.39+rpt-rpi-2712 #1 SMP PREEMPT Debian 1:6.18.39-1+rpt1 (2026-07-29) aarch64
[2026-09-08 19:25:19.865] [18790] [HailoRT] [info] [control.cpp:113] [control__parse_identify_results] firmware_version is: 4.23.0
[2026-09-08 19:25:19.865] [18790] [HailoRT] [info] [vdevice.cpp:682] [create] VDevice Infos: 0001:01:00.0
[2026-09-08 19:25:19.872] [18790] [HailoRT] [info] [internal_buffer_manager.cpp:77] [print_execution_results] Planned internal buffer memory: CMA=0 CMA-Desc=917504 Pinned=2956800. memory to edge layer usage factor is 0.9621793
[2026-09-08 19:25:19.872] [18790] [HailoRT] [info] [internal_buffer_manager.cpp:86] [print_execution_results] Default Internal buffer planner executed successfully
[2026-09-08 19:25:19.908] [18790] [HailoRT] [info] [device_internal.cpp:57] [configure] Configuring HEF took 42.297998 milliseconds
[2026-09-08 19:25:19.908] [18790] [HailoRT] [info] [vdevice.cpp:780] [configure] Configuring HEF on VDevice took 42.606921 milliseconds
[2026-09-08 19:25:19.908] [18790] [HailoRT] [info] [hef.cpp:1994] [get_network_group_and_network_name] No name was given. Addressing all networks of default network_group: yolo26n
[2026-09-08 19:25:19.908] [18790] [HailoRT] [info] [hef.cpp:1994] [get_network_group_and_network_name] No name was given. Addressing all networks of default network_group: yolo26n
[2026-09-08 19:25:19.908] [18790] [HailoRT] [info] [edge_elements.cpp:52] [create] Created (HwWriteEl2yolo26n/input_layer1 | hw_frame_size: 2211840)
[2026-09-08 19:25:19.908] [18790] [HailoRT] [info] [vstream.cpp:754] [InputVStreamImpl] Creating yolo26n/input_layer1...
[2026-09-08 19:25:19.908] [18790] [HailoRT] [info] [vstream_builder.cpp:102] [create_inputs] Input pipeline 'yolo26n/input_layer1': (HwWriteEl2yolo26n/input_layer1 | hw_frame_size: 2211840) >> HW
[2026-09-08 19:25:19.908] [18790] [HailoRT] [info] [edge_elements.cpp:287] [create] Created (HwReadEl3yolo26n/conv61 | hw_frame_size: 92160)
[2026-09-08 19:25:19.909] [18790] [HailoRT] [info] [queue_elements.cpp:657] [create] Created (PullQEl_hw_read3yolo26n/conv61)
[2026-09-08 19:25:19.909] [18790] [HailoRT] [info] [filter_elements.cpp:372] [create] Created (PostInferEl3yolo26n/conv61 | Quantization - src_type: UINT16, dst_type FLOAT32, limvals_min: -0.881752, limvals_max: 6.27869)
[2026-09-08 19:25:19.909] [18790] [HailoRT] [info] [queue_elements.cpp:800] [create] Created (UserBuffQEl3yolo26n/conv61 | timeout: 10s)
[2026-09-08 19:25:19.909] [18790] [HailoRT] [info] [vstream.cpp:1114] [OutputVStreamImpl] Creating yolo26n/conv61...
[2026-09-08 19:25:19.909] [18790] [HailoRT] [info] [vstream_builder.cpp:220] [create_outputs] Output pipeline 'yolo26n/conv61': HW >> (HwReadEl3yolo26n/conv61 | hw_frame_size: 92160) >> (PullQEl_hw_read3yolo26n/conv61) >> (PostInferEl3yolo26n/conv61 | Quantization - src_type: UINT16, dst_type FLOAT32, limvals_min: -0.881752, limvals_max: 6.27869) >> (UserBuffQEl3yolo26n/conv61 | timeout: 10s)
[2026-09-08 19:25:19.909] [18790] [HailoRT] [info] [edge_elements.cpp:287] [create] Created (HwReadEl2yolo26n/conv64 | hw_frame_size: 23040)
[2026-09-08 19:25:19.909] [18790] [HailoRT] [info] [queue_elements.cpp:657] [create] Created (PullQEl_hw_read2yolo26n/conv64)
[2026-09-08 19:25:19.909] [18790] [HailoRT] [info] [filter_elements.cpp:372] [create] Created (PostInferEl2yolo26n/conv64 | Quantization - src_type: UINT16, dst_type FLOAT32, limvals_min: -164.817, limvals_max: 3.19963)
[2026-09-08 19:25:19.909] [18790] [HailoRT] [info] [queue_elements.cpp:800] [create] Created (UserBuffQEl2yolo26n/conv64 | timeout: 10s)
[2026-09-08 19:25:19.909] [18790] [HailoRT] [info] [vstream.cpp:1114] [OutputVStreamImpl] Creating yolo26n/conv64...
[2026-09-08 19:25:19.909] [18790] [HailoRT] [info] [vstream_builder.cpp:220] [create_outputs] Output pipeline 'yolo26n/conv64': HW >> (HwReadEl2yolo26n/conv64 | hw_frame_size: 23040) >> (PullQEl_hw_read2yolo26n/conv64) >> (PostInferEl2yolo26n/conv64 | Quantization - src_type: UINT16, dst_type FLOAT32, limvals_min: -164.817, limvals_max: 3.19963) >> (UserBuffQEl2yolo26n/conv64 | timeout: 10s)
[2026-09-08 19:25:19.909] [18790] [HailoRT] [info] [edge_elements.cpp:287] [create] Created (HwReadEl2yolo26n/conv77 | hw_frame_size: 23040)
[2026-09-08 19:25:19.909] [18790] [HailoRT] [info] [queue_elements.cpp:657] [create] Created (PullQEl_hw_read2yolo26n/conv77)
[2026-09-08 19:25:19.909] [18790] [HailoRT] [info] [filter_elements.cpp:372] [create] Created (PostInferEl2yolo26n/conv77 | Quantization - src_type: UINT16, dst_type FLOAT32, limvals_min: -0.67052, limvals_max: 17.2357)
[2026-09-08 19:25:19.909] [18790] [HailoRT] [info] [queue_elements.cpp:800] [create] Created (UserBuffQEl2yolo26n/conv77 | timeout: 10s)
[2026-09-08 19:25:19.909] [18790] [HailoRT] [info] [vstream.cpp:1114] [OutputVStreamImpl] Creating yolo26n/conv77...
[2026-09-08 19:25:19.909] [18790] [HailoRT] [info] [vstream_builder.cpp:220] [create_outputs] Output pipeline 'yolo26n/conv77': HW >> (HwReadEl2yolo26n/conv77 | hw_frame_size: 23040) >> (PullQEl_hw_read2yolo26n/conv77) >> (PostInferEl2yolo26n/conv77 | Quantization - src_type: UINT16, dst_type FLOAT32, limvals_min: -0.67052, limvals_max: 17.2357) >> (UserBuffQEl2yolo26n/conv77 | timeout: 10s)
[2026-09-08 19:25:19.909] [18790] [HailoRT] [info] [edge_elements.cpp:287] [create] Created (HwReadEl0yolo26n/conv80 | hw_frame_size: 5760)
[2026-09-08 19:25:19.909] [18790] [HailoRT] [info] [queue_elements.cpp:657] [create] Created (PullQEl_hw_read0yolo26n/conv80)
[2026-09-08 19:25:19.909] [18790] [HailoRT] [info] [filter_elements.cpp:372] [create] Created (PostInferEl0yolo26n/conv80 | Quantization - src_type: UINT16, dst_type FLOAT32, limvals_min: -67.4827, limvals_max: 0)
[2026-09-08 19:25:19.909] [18790] [HailoRT] [info] [queue_elements.cpp:800] [create] Created (UserBuffQEl0yolo26n/conv80 | timeout: 10s)
[2026-09-08 19:25:19.909] [18790] [HailoRT] [info] [vstream.cpp:1114] [OutputVStreamImpl] Creating yolo26n/conv80...
[2026-09-08 19:25:19.909] [18790] [HailoRT] [info] [vstream_builder.cpp:220] [create_outputs] Output pipeline 'yolo26n/conv80': HW >> (HwReadEl0yolo26n/conv80 | hw_frame_size: 5760) >> (PullQEl_hw_read0yolo26n/conv80) >> (PostInferEl0yolo26n/conv80 | Quantization - src_type: UINT16, dst_type FLOAT32, limvals_min: -67.4827, limvals_max: 0) >> (UserBuffQEl0yolo26n/conv80 | timeout: 10s)
[2026-09-08 19:25:19.909] [18790] [HailoRT] [info] [edge_elements.cpp:287] [create] Created (HwReadEl3yolo26n/conv91 | hw_frame_size: 11520)
[2026-09-08 19:25:19.909] [18790] [HailoRT] [info] [queue_elements.cpp:657] [create] Created (PullQEl_hw_read3yolo26n/conv91)
[2026-09-08 19:25:19.909] [18790] [HailoRT] [info] [filter_elements.cpp:372] [create] Created (PostInferEl3yolo26n/conv91 | Quantization - src_type: UINT16, dst_type FLOAT32, limvals_min: 0, limvals_max: 8.46146 | Reorder - src_order: FCR, src_shape: (20, 36, 8), dst_order: FCR, dst_shape: (20, 36, 4))
[2026-09-08 19:25:19.910] [18790] [HailoRT] [info] [queue_elements.cpp:800] [create] Created (UserBuffQEl3yolo26n/conv91 | timeout: 10s)
[2026-09-08 19:25:19.910] [18790] [HailoRT] [info] [vstream.cpp:1114] [OutputVStreamImpl] Creating yolo26n/conv91...
[2026-09-08 19:25:19.910] [18790] [HailoRT] [info] [vstream_builder.cpp:220] [create_outputs] Output pipeline 'yolo26n/conv91': HW >> (HwReadEl3yolo26n/conv91 | hw_frame_size: 11520) >> (PullQEl_hw_read3yolo26n/conv91) >> (PostInferEl3yolo26n/conv91 | Quantization - src_type: UINT16, dst_type FLOAT32, limvals_min: 0, limvals_max: 8.46146 | Reorder - src_order: FCR, src_shape: (20, 36, 8), dst_order: FCR, dst_shape: (20, 36, 4)) >> (UserBuffQEl3yolo26n/conv91 | timeout: 10s)
[2026-09-08 19:25:19.910] [18790] [HailoRT] [info] [edge_elements.cpp:287] [create] Created (HwReadEl0yolo26n/conv94 | hw_frame_size: 11520)
[2026-09-08 19:25:19.910] [18790] [HailoRT] [info] [queue_elements.cpp:657] [create] Created (PullQEl_hw_read0yolo26n/conv94)
[2026-09-08 19:25:19.910] [18790] [HailoRT] [info] [filter_elements.cpp:372] [create] Created (PostInferEl0yolo26n/conv94 | Quantization - src_type: UINT16, dst_type FLOAT32, limvals_min: -64.0772, limvals_max: 0 | Reorder - src_order: FCR, src_shape: (20, 36, 8), dst_order: FCR, dst_shape: (20, 36, 1))
[2026-09-08 19:25:19.910] [18790] [HailoRT] [info] [queue_elements.cpp:800] [create] Created (UserBuffQEl0yolo26n/conv94 | timeout: 10s)
[2026-09-08 19:25:19.910] [18790] [HailoRT] [info] [vstream.cpp:1114] [OutputVStreamImpl] Creating yolo26n/conv94...
[2026-09-08 19:25:19.910] [18790] [HailoRT] [info] [vstream_builder.cpp:220] [create_outputs] Output pipeline 'yolo26n/conv94': HW >> (HwReadEl0yolo26n/conv94 | hw_frame_size: 11520) >> (PullQEl_hw_read0yolo26n/conv94) >> (PostInferEl0yolo26n/conv94 | Quantization - src_type: UINT16, dst_type FLOAT32, limvals_min: -64.0772, limvals_max: 0 | Reorder - src_order: FCR, src_shape: (20, 36, 8), dst_order: FCR, dst_shape: (20, 36, 1)) >> (UserBuffQEl0yolo26n/conv94 | timeout: 10s)
[2026-09-08 19:25:19.910] [18790] [HailoRT] [info] [core_op.cpp:156] [activate] Activating yolo26n took 0.515623 milliseconds. Note that the function is asynchronous and thus the network is not fully activated yet.
[2026-09-08 19:25:19.910] [18790] [HailoRT] [info] [core_op.cpp:156] [activate] Activating yolo26n took 0.530197 milliseconds. Note that the function is asynchronous and thus the network is not fully activated yet.
[2026-09-08 19:25:40.076] [18849] [HailoRT] [info] [vdevice_native_stream.cpp:331] [read_impl] Failed read from stream HAILO_STREAM_NOT_ACTIVATED(72) (device: 0001:01:00.0)
[2026-09-08 19:25:40.076] [18859] [HailoRT] [info] [vdevice_native_stream.cpp:331] [read_impl] Failed read from stream HAILO_STREAM_NOT_ACTIVATED(72) (device: 0001:01:00.0)
[2026-09-08 19:25:40.076] [18853] [HailoRT] [info] [vdevice_native_stream.cpp:331] [read_impl] Failed read from stream HAILO_STREAM_NOT_ACTIVATED(72) (device: 0001:01:00.0)
[2026-09-08 19:25:40.076] [18861] [HailoRT] [info] [vdevice_native_stream.cpp:331] [read_impl] Failed read from stream HAILO_STREAM_NOT_ACTIVATED(72) (device: 0001:01:00.0)
[2026-09-08 19:25:40.076] [18851] [HailoRT] [info] [vdevice_native_stream.cpp:331] [read_impl] Failed read from stream HAILO_STREAM_NOT_ACTIVATED(72) (device: 0001:01:00.0)
[2026-09-08 19:25:40.076] [18856] [HailoRT] [info] [vdevice_native_stream.cpp:331] [read_impl] Failed read from stream HAILO_STREAM_NOT_ACTIVATED(72) (device: 0001:01:00.0)
[2026-09-08 19:25:40.077] [18790] [HailoRT] [info] [core_op.cpp:186] [deactivate] Deactivating took 0.539456 ms
[2026-09-08 19:25:40.077] [18790] [HailoRT] [info] [core_op.cpp:186] [deactivate] Deactivating took 0.558012 ms
[2026-09-08 19:25:40.077] [18850] [HailoRT] [info] [queue_elements.cpp:855] [run_in_thread] Shutdown event was signaled in dequeue of UserBuffQEl3yolo26n/conv61!
[2026-09-08 19:25:40.077] [18849] [HailoRT] [info] [queue_elements.cpp:734] [run_in_thread] Shutdown event was signaled in run_pull of queue element PullQEl_hw_read3yolo26n/conv61!
[2026-09-08 19:25:40.077] [18849] [HailoRT] [info] [queue_elements.cpp:68] [operator()] Thread in element PullQEl_hw_read3yolo26n/conv61 is not running anymore, exiting..
[2026-09-08 19:25:40.077] [18790] [HailoRT] [info] [queue_elements.cpp:46] [~BaseQueueElement] Queue element PullQEl_hw_read3yolo26n/conv61 has 0 frames in his Queue on destruction
[2026-09-08 19:25:40.077] [18850] [HailoRT] [info] [queue_elements.cpp:68] [operator()] Thread in element UserBuffQEl3yolo26n/conv61 is not running anymore, exiting..
[2026-09-08 19:25:40.077] [18790] [HailoRT] [info] [queue_elements.cpp:46] [~BaseQueueElement] Queue element UserBuffQEl3yolo26n/conv61 has 0 frames in his Queue on destruction
[2026-09-08 19:25:40.077] [18852] [HailoRT] [info] [queue_elements.cpp:855] [run_in_thread] Shutdown event was signaled in dequeue of UserBuffQEl2yolo26n/conv64!
[2026-09-08 19:25:40.077] [18851] [HailoRT] [info] [queue_elements.cpp:734] [run_in_thread] Shutdown event was signaled in run_pull of queue element PullQEl_hw_read2yolo26n/conv64!
[2026-09-08 19:25:40.077] [18851] [HailoRT] [info] [queue_elements.cpp:68] [operator()] Thread in element PullQEl_hw_read2yolo26n/conv64 is not running anymore, exiting..
[2026-09-08 19:25:40.077] [18790] [HailoRT] [info] [queue_elements.cpp:46] [~BaseQueueElement] Queue element PullQEl_hw_read2yolo26n/conv64 has 0 frames in his Queue on destruction
[2026-09-08 19:25:40.077] [18852] [HailoRT] [info] [queue_elements.cpp:68] [operator()] Thread in element UserBuffQEl2yolo26n/conv64 is not running anymore, exiting..
[2026-09-08 19:25:40.077] [18790] [HailoRT] [info] [queue_elements.cpp:46] [~BaseQueueElement] Queue element UserBuffQEl2yolo26n/conv64 has 0 frames in his Queue on destruction
[2026-09-08 19:25:40.077] [18854] [HailoRT] [info] [queue_elements.cpp:855] [run_in_thread] Shutdown event was signaled in dequeue of UserBuffQEl2yolo26n/conv77!
[2026-09-08 19:25:40.077] [18853] [HailoRT] [info] [queue_elements.cpp:734] [run_in_thread] Shutdown event was signaled in run_pull of queue element PullQEl_hw_read2yolo26n/conv77!
[2026-09-08 19:25:40.077] [18853] [HailoRT] [info] [queue_elements.cpp:68] [operator()] Thread in element PullQEl_hw_read2yolo26n/conv77 is not running anymore, exiting..
[2026-09-08 19:25:40.077] [18790] [HailoRT] [info] [queue_elements.cpp:46] [~BaseQueueElement] Queue element PullQEl_hw_read2yolo26n/conv77 has 0 frames in his Queue on destruction
[2026-09-08 19:25:40.077] [18854] [HailoRT] [info] [queue_elements.cpp:68] [operator()] Thread in element UserBuffQEl2yolo26n/conv77 is not running anymore, exiting..
[2026-09-08 19:25:40.078] [18790] [HailoRT] [info] [queue_elements.cpp:46] [~BaseQueueElement] Queue element UserBuffQEl2yolo26n/conv77 has 0 frames in his Queue on destruction
[2026-09-08 19:25:40.078] [18856] [HailoRT] [info] [queue_elements.cpp:734] [run_in_thread] Shutdown event was signaled in run_pull of queue element PullQEl_hw_read0yolo26n/conv80!
[2026-09-08 19:25:40.078] [18857] [HailoRT] [info] [queue_elements.cpp:855] [run_in_thread] Shutdown event was signaled in dequeue of UserBuffQEl0yolo26n/conv80!
[2026-09-08 19:25:40.078] [18856] [HailoRT] [info] [queue_elements.cpp:68] [operator()] Thread in element PullQEl_hw_read0yolo26n/conv80 is not running anymore, exiting..
[2026-09-08 19:25:40.078] [18790] [HailoRT] [info] [queue_elements.cpp:46] [~BaseQueueElement] Queue element PullQEl_hw_read0yolo26n/conv80 has 0 frames in his Queue on destruction
[2026-09-08 19:25:40.078] [18857] [HailoRT] [info] [queue_elements.cpp:68] [operator()] Thread in element UserBuffQEl0yolo26n/conv80 is not running anymore, exiting..
[2026-09-08 19:25:40.078] [18790] [HailoRT] [info] [queue_elements.cpp:46] [~BaseQueueElement] Queue element UserBuffQEl0yolo26n/conv80 has 0 frames in his Queue on destruction
[2026-09-08 19:25:40.078] [18860] [HailoRT] [info] [queue_elements.cpp:855] [run_in_thread] Shutdown event was signaled in dequeue of UserBuffQEl3yolo26n/conv91!
[2026-09-08 19:25:40.078] [18859] [HailoRT] [info] [queue_elements.cpp:734] [run_in_thread] Shutdown event was signaled in run_pull of queue element PullQEl_hw_read3yolo26n/conv91!
[2026-09-08 19:25:40.078] [18859] [HailoRT] [info] [queue_elements.cpp:68] [operator()] Thread in element PullQEl_hw_read3yolo26n/conv91 is not running anymore, exiting..
[2026-09-08 19:25:40.078] [18790] [HailoRT] [info] [queue_elements.cpp:46] [~BaseQueueElement] Queue element PullQEl_hw_read3yolo26n/conv91 has 0 frames in his Queue on destruction
[2026-09-08 19:25:40.078] [18860] [HailoRT] [info] [queue_elements.cpp:68] [operator()] Thread in element UserBuffQEl3yolo26n/conv91 is not running anymore, exiting..
[2026-09-08 19:25:40.078] [18790] [HailoRT] [info] [queue_elements.cpp:46] [~BaseQueueElement] Queue element UserBuffQEl3yolo26n/conv91 has 0 frames in his Queue on destruction
[2026-09-08 19:25:40.078] [18861] [HailoRT] [info] [queue_elements.cpp:734] [run_in_thread] Shutdown event was signaled in run_pull of queue element PullQEl_hw_read0yolo26n/conv94!
[2026-09-08 19:25:40.079] [18862] [HailoRT] [info] [queue_elements.cpp:855] [run_in_thread] Shutdown event was signaled in dequeue of UserBuffQEl0yolo26n/conv94!
[2026-09-08 19:25:40.079] [18861] [HailoRT] [info] [queue_elements.cpp:68] [operator()] Thread in element PullQEl_hw_read0yolo26n/conv94 is not running anymore, exiting..
[2026-09-08 19:25:40.079] [18790] [HailoRT] [info] [queue_elements.cpp:46] [~BaseQueueElement] Queue element PullQEl_hw_read0yolo26n/conv94 has 0 frames in his Queue on destruction
[2026-09-08 19:25:40.079] [18862] [HailoRT] [info] [queue_elements.cpp:68] [operator()] Thread in element UserBuffQEl0yolo26n/conv94 is not running anymore, exiting..
[2026-09-08 19:25:40.079] [18790] [HailoRT] [info] [queue_elements.cpp:46] [~BaseQueueElement] Queue element UserBuffQEl0yolo26n/conv94 has 0 frames in his Queue on destruction
[2026-09-08 19:26:12.570] [22769] [HailoRT] [info] [vdevice.cpp:535] [create] Creating vdevice with params: device_count: 1, scheduling_algorithm: NONE, multi_process_service: false
[2026-09-08 19:26:12.583] [22769] [HailoRT] [info] [device.cpp:51] [Device] OS Version: Linux 6.18.39+rpt-rpi-2712 #1 SMP PREEMPT Debian 1:6.18.39-1+rpt1 (2026-07-29) aarch64
[2026-09-08 19:26:12.583] [22769] [HailoRT] [info] [control.cpp:113] [control__parse_identify_results] firmware_version is: 4.23.0
[2026-09-08 19:26:12.583] [22769] [HailoRT] [info] [vdevice.cpp:682] [create] VDevice Infos: 0001:01:00.0
[2026-09-08 19:26:12.590] [22769] [HailoRT] [info] [internal_buffer_manager.cpp:77] [print_execution_results] Planned internal buffer memory: CMA=0 CMA-Desc=917504 Pinned=2956800. memory to edge layer usage factor is 0.9621793
[2026-09-08 19:26:12.590] [22769] [HailoRT] [info] [internal_buffer_manager.cpp:86] [print_execution_results] Default Internal buffer planner executed successfully
[2026-09-08 19:26:12.624] [22769] [HailoRT] [info] [device_internal.cpp:57] [configure] Configuring HEF took 40.394499 milliseconds
[2026-09-08 19:26:12.624] [22769] [HailoRT] [info] [vdevice.cpp:780] [configure] Configuring HEF on VDevice took 40.706976 milliseconds
[2026-09-08 19:26:12.624] [22769] [HailoRT] [info] [hef.cpp:1994] [get_network_group_and_network_name] No name was given. Addressing all networks of default network_group: yolo26n
[2026-09-08 19:26:12.624] [22769] [HailoRT] [info] [hef.cpp:1994] [get_network_group_and_network_name] No name was given. Addressing all networks of default network_group: yolo26n
[2026-09-08 19:26:12.624] [22769] [HailoRT] [info] [edge_elements.cpp:52] [create] Created (HwWriteEl2yolo26n/input_layer1 | hw_frame_size: 2211840)
[2026-09-08 19:26:12.624] [22769] [HailoRT] [info] [vstream.cpp:754] [InputVStreamImpl] Creating yolo26n/input_layer1...
[2026-09-08 19:26:12.624] [22769] [HailoRT] [info] [vstream_builder.cpp:102] [create_inputs] Input pipeline 'yolo26n/input_layer1': (HwWriteEl2yolo26n/input_layer1 | hw_frame_size: 2211840) >> HW
[2026-09-08 19:26:12.624] [22769] [HailoRT] [info] [edge_elements.cpp:287] [create] Created (HwReadEl3yolo26n/conv61 | hw_frame_size: 92160)
[2026-09-08 19:26:12.625] [22769] [HailoRT] [info] [queue_elements.cpp:657] [create] Created (PullQEl_hw_read3yolo26n/conv61)
[2026-09-08 19:26:12.625] [22769] [HailoRT] [info] [filter_elements.cpp:372] [create] Created (PostInferEl3yolo26n/conv61 | Quantization - src_type: UINT16, dst_type FLOAT32, limvals_min: -0.881752, limvals_max: 6.27869)
[2026-09-08 19:26:12.625] [22769] [HailoRT] [info] [queue_elements.cpp:800] [create] Created (UserBuffQEl3yolo26n/conv61 | timeout: 10s)
[2026-09-08 19:26:12.625] [22769] [HailoRT] [info] [vstream.cpp:1114] [OutputVStreamImpl] Creating yolo26n/conv61...
[2026-09-08 19:26:12.625] [22769] [HailoRT] [info] [vstream_builder.cpp:220] [create_outputs] Output pipeline 'yolo26n/conv61': HW >> (HwReadEl3yolo26n/conv61 | hw_frame_size: 92160) >> (PullQEl_hw_read3yolo26n/conv61) >> (PostInferEl3yolo26n/conv61 | Quantization - src_type: UINT16, dst_type FLOAT32, limvals_min: -0.881752, limvals_max: 6.27869) >> (UserBuffQEl3yolo26n/conv61 | timeout: 10s)
[2026-09-08 19:26:12.625] [22769] [HailoRT] [info] [edge_elements.cpp:287] [create] Created (HwReadEl2yolo26n/conv64 | hw_frame_size: 23040)
[2026-09-08 19:26:12.625] [22769] [HailoRT] [info] [queue_elements.cpp:657] [create] Created (PullQEl_hw_read2yolo26n/conv64)
[2026-09-08 19:26:12.625] [22769] [HailoRT] [info] [filter_elements.cpp:372] [create] Created (PostInferEl2yolo26n/conv64 | Quantization - src_type: UINT16, dst_type FLOAT32, limvals_min: -164.817, limvals_max: 3.19963)
[2026-09-08 19:26:12.625] [22769] [HailoRT] [info] [queue_elements.cpp:800] [create] Created (UserBuffQEl2yolo26n/conv64 | timeout: 10s)
[2026-09-08 19:26:12.625] [22769] [HailoRT] [info] [vstream.cpp:1114] [OutputVStreamImpl] Creating yolo26n/conv64...
[2026-09-08 19:26:12.625] [22769] [HailoRT] [info] [vstream_builder.cpp:220] [create_outputs] Output pipeline 'yolo26n/conv64': HW >> (HwReadEl2yolo26n/conv64 | hw_frame_size: 23040) >> (PullQEl_hw_read2yolo26n/conv64) >> (PostInferEl2yolo26n/conv64 | Quantization - src_type: UINT16, dst_type FLOAT32, limvals_min: -164.817, limvals_max: 3.19963) >> (UserBuffQEl2yolo26n/conv64 | timeout: 10s)
[2026-09-08 19:26:12.625] [22769] [HailoRT] [info] [edge_elements.cpp:287] [create] Created (HwReadEl2yolo26n/conv77 | hw_frame_size: 23040)
[2026-09-08 19:26:12.625] [22769] [HailoRT] [info] [queue_elements.cpp:657] [create] Created (PullQEl_hw_read2yolo26n/conv77)
[2026-09-08 19:26:12.625] [22769] [HailoRT] [info] [filter_elements.cpp:372] [create] Created (PostInferEl2yolo26n/conv77 | Quantization - src_type: UINT16, dst_type FLOAT32, limvals_min: -0.67052, limvals_max: 17.2357)
[2026-09-08 19:26:12.625] [22769] [HailoRT] [info] [queue_elements.cpp:800] [create] Created (UserBuffQEl2yolo26n/conv77 | timeout: 10s)
[2026-09-08 19:26:12.625] [22769] [HailoRT] [info] [vstream.cpp:1114] [OutputVStreamImpl] Creating yolo26n/conv77...
[2026-09-08 19:26:12.625] [22769] [HailoRT] [info] [vstream_builder.cpp:220] [create_outputs] Output pipeline 'yolo26n/conv77': HW >> (HwReadEl2yolo26n/conv77 | hw_frame_size: 23040) >> (PullQEl_hw_read2yolo26n/conv77) >> (PostInferEl2yolo26n/conv77 | Quantization - src_type: UINT16, dst_type FLOAT32, limvals_min: -0.67052, limvals_max: 17.2357) >> (UserBuffQEl2yolo26n/conv77 | timeout: 10s)
[2026-09-08 19:26:12.625] [22769] [HailoRT] [info] [edge_elements.cpp:287] [create] Created (HwReadEl0yolo26n/conv80 | hw_frame_size: 5760)
[2026-09-08 19:26:12.625] [22769] [HailoRT] [info] [queue_elements.cpp:657] [create] Created (PullQEl_hw_read0yolo26n/conv80)
[2026-09-08 19:26:12.625] [22769] [HailoRT] [info] [filter_elements.cpp:372] [create] Created (PostInferEl0yolo26n/conv80 | Quantization - src_type: UINT16, dst_type FLOAT32, limvals_min: -67.4827, limvals_max: 0)
[2026-09-08 19:26:12.625] [22769] [HailoRT] [info] [queue_elements.cpp:800] [create] Created (UserBuffQEl0yolo26n/conv80 | timeout: 10s)
[2026-09-08 19:26:12.625] [22769] [HailoRT] [info] [vstream.cpp:1114] [OutputVStreamImpl] Creating yolo26n/conv80...
[2026-09-08 19:26:12.625] [22769] [HailoRT] [info] [vstream_builder.cpp:220] [create_outputs] Output pipeline 'yolo26n/conv80': HW >> (HwReadEl0yolo26n/conv80 | hw_frame_size: 5760) >> (PullQEl_hw_read0yolo26n/conv80) >> (PostInferEl0yolo26n/conv80 | Quantization - src_type: UINT16, dst_type FLOAT32, limvals_min: -67.4827, limvals_max: 0) >> (UserBuffQEl0yolo26n/conv80 | timeout: 10s)
[2026-09-08 19:26:12.625] [22769] [HailoRT] [info] [edge_elements.cpp:287] [create] Created (HwReadEl3yolo26n/conv91 | hw_frame_size: 11520)
[2026-09-08 19:26:12.625] [22769] [HailoRT] [info] [queue_elements.cpp:657] [create] Created (PullQEl_hw_read3yolo26n/conv91)
[2026-09-08 19:26:12.625] [22769] [HailoRT] [info] [filter_elements.cpp:372] [create] Created (PostInferEl3yolo26n/conv91 | Quantization - src_type: UINT16, dst_type FLOAT32, limvals_min: 0, limvals_max: 8.46146 | Reorder - src_order: FCR, src_shape: (20, 36, 8), dst_order: FCR, dst_shape: (20, 36, 4))
[2026-09-08 19:26:12.625] [22769] [HailoRT] [info] [queue_elements.cpp:800] [create] Created (UserBuffQEl3yolo26n/conv91 | timeout: 10s)
[2026-09-08 19:26:12.625] [22769] [HailoRT] [info] [vstream.cpp:1114] [OutputVStreamImpl] Creating yolo26n/conv91...
[2026-09-08 19:26:12.625] [22769] [HailoRT] [info] [vstream_builder.cpp:220] [create_outputs] Output pipeline 'yolo26n/conv91': HW >> (HwReadEl3yolo26n/conv91 | hw_frame_size: 11520) >> (PullQEl_hw_read3yolo26n/conv91) >> (PostInferEl3yolo26n/conv91 | Quantization - src_type: UINT16, dst_type FLOAT32, limvals_min: 0, limvals_max: 8.46146 | Reorder - src_order: FCR, src_shape: (20, 36, 8), dst_order: FCR, dst_shape: (20, 36, 4)) >> (UserBuffQEl3yolo26n/conv91 | timeout: 10s)
[2026-09-08 19:26:12.625] [22769] [HailoRT] [info] [edge_elements.cpp:287] [create] Created (HwReadEl0yolo26n/conv94 | hw_frame_size: 11520)
[2026-09-08 19:26:12.625] [22769] [HailoRT] [info] [queue_elements.cpp:657] [create] Created (PullQEl_hw_read0yolo26n/conv94)
[2026-09-08 19:26:12.625] [22769] [HailoRT] [info] [filter_elements.cpp:372] [create] Created (PostInferEl0yolo26n/conv94 | Quantization - src_type: UINT16, dst_type FLOAT32, limvals_min: -64.0772, limvals_max: 0 | Reorder - src_order: FCR, src_shape: (20, 36, 8), dst_order: FCR, dst_shape: (20, 36, 1))
[2026-09-08 19:26:12.626] [22769] [HailoRT] [info] [queue_elements.cpp:800] [create] Created (UserBuffQEl0yolo26n/conv94 | timeout: 10s)
[2026-09-08 19:26:12.626] [22769] [HailoRT] [info] [vstream.cpp:1114] [OutputVStreamImpl] Creating yolo26n/conv94...
[2026-09-08 19:26:12.626] [22769] [HailoRT] [info] [vstream_builder.cpp:220] [create_outputs] Output pipeline 'yolo26n/conv94': HW >> (HwReadEl0yolo26n/conv94 | hw_frame_size: 11520) >> (PullQEl_hw_read0yolo26n/conv94) >> (PostInferEl0yolo26n/conv94 | Quantization - src_type: UINT16, dst_type FLOAT32, limvals_min: -64.0772, limvals_max: 0 | Reorder - src_order: FCR, src_shape: (20, 36, 8), dst_order: FCR, dst_shape: (20, 36, 1)) >> (UserBuffQEl0yolo26n/conv94 | timeout: 10s)
[2026-09-08 19:26:12.626] [22769] [HailoRT] [info] [core_op.cpp:156] [activate] Activating yolo26n took 0.50155 milliseconds. Note that the function is asynchronous and thus the network is not fully activated yet.
[2026-09-08 19:26:12.626] [22769] [HailoRT] [info] [core_op.cpp:156] [activate] Activating yolo26n took 0.515754 milliseconds. Note that the function is asynchronous and thus the network is not fully activated yet.
[2026-09-08 19:28:12.004] [22818] [HailoRT] [info] [vdevice_native_stream.cpp:331] [read_impl] Failed read from stream HAILO_STREAM_NOT_ACTIVATED(72) (device: 0001:01:00.0)
[2026-09-08 19:28:12.004] [22823] [HailoRT] [info] [vdevice_native_stream.cpp:331] [read_impl] Failed read from stream HAILO_STREAM_NOT_ACTIVATED(72) (device: 0001:01:00.0)
[2026-09-08 19:28:12.004] [22826] [HailoRT] [info] [vdevice_native_stream.cpp:331] [read_impl] Failed read from stream HAILO_STREAM_NOT_ACTIVATED(72) (device: 0001:01:00.0)
[2026-09-08 19:28:12.004] [22816] [HailoRT] [info] [vdevice_native_stream.cpp:331] [read_impl] Failed read from stream HAILO_STREAM_NOT_ACTIVATED(72) (device: 0001:01:00.0)
[2026-09-08 19:28:12.004] [22814] [HailoRT] [info] [vdevice_native_stream.cpp:331] [read_impl] Failed read from stream HAILO_STREAM_NOT_ACTIVATED(72) (device: 0001:01:00.0)
[2026-09-08 19:28:12.004] [22821] [HailoRT] [info] [vdevice_native_stream.cpp:331] [read_impl] Failed read from stream HAILO_STREAM_NOT_ACTIVATED(72) (device: 0001:01:00.0)
[2026-09-08 19:28:12.005] [22769] [HailoRT] [info] [core_op.cpp:186] [deactivate] Deactivating took 0.488496 ms
[2026-09-08 19:28:12.005] [22769] [HailoRT] [info] [core_op.cpp:186] [deactivate] Deactivating took 0.502347 ms
[2026-09-08 19:28:12.005] [22815] [HailoRT] [info] [queue_elements.cpp:855] [run_in_thread] Shutdown event was signaled in dequeue of UserBuffQEl3yolo26n/conv61!
[2026-09-08 19:28:12.005] [22814] [HailoRT] [info] [queue_elements.cpp:734] [run_in_thread] Shutdown event was signaled in run_pull of queue element PullQEl_hw_read3yolo26n/conv61!
[2026-09-08 19:28:12.005] [22814] [HailoRT] [info] [queue_elements.cpp:68] [operator()] Thread in element PullQEl_hw_read3yolo26n/conv61 is not running anymore, exiting..
[2026-09-08 19:28:12.005] [22769] [HailoRT] [info] [queue_elements.cpp:46] [~BaseQueueElement] Queue element PullQEl_hw_read3yolo26n/conv61 has 0 frames in his Queue on destruction
[2026-09-08 19:28:12.005] [22815] [HailoRT] [info] [queue_elements.cpp:68] [operator()] Thread in element UserBuffQEl3yolo26n/conv61 is not running anymore, exiting..
[2026-09-08 19:28:12.005] [22769] [HailoRT] [info] [queue_elements.cpp:46] [~BaseQueueElement] Queue element UserBuffQEl3yolo26n/conv61 has 0 frames in his Queue on destruction
[2026-09-08 19:28:12.005] [22817] [HailoRT] [info] [queue_elements.cpp:855] [run_in_thread] Shutdown event was signaled in dequeue of UserBuffQEl2yolo26n/conv64!
[2026-09-08 19:28:12.005] [22816] [HailoRT] [info] [queue_elements.cpp:734] [run_in_thread] Shutdown event was signaled in run_pull of queue element PullQEl_hw_read2yolo26n/conv64!
[2026-09-08 19:28:12.005] [22816] [HailoRT] [info] [queue_elements.cpp:68] [operator()] Thread in element PullQEl_hw_read2yolo26n/conv64 is not running anymore, exiting..
[2026-09-08 19:28:12.005] [22769] [HailoRT] [info] [queue_elements.cpp:46] [~BaseQueueElement] Queue element PullQEl_hw_read2yolo26n/conv64 has 0 frames in his Queue on destruction
[2026-09-08 19:28:12.005] [22817] [HailoRT] [info] [queue_elements.cpp:68] [operator()] Thread in element UserBuffQEl2yolo26n/conv64 is not running anymore, exiting..
[2026-09-08 19:28:12.005] [22769] [HailoRT] [info] [queue_elements.cpp:46] [~BaseQueueElement] Queue element UserBuffQEl2yolo26n/conv64 has 0 frames in his Queue on destruction
[2026-09-08 19:28:12.005] [22819] [HailoRT] [info] [queue_elements.cpp:855] [run_in_thread] Shutdown event was signaled in dequeue of UserBuffQEl2yolo26n/conv77!
[2026-09-08 19:28:12.005] [22818] [HailoRT] [info] [queue_elements.cpp:734] [run_in_thread] Shutdown event was signaled in run_pull of queue element PullQEl_hw_read2yolo26n/conv77!
[2026-09-08 19:28:12.005] [22818] [HailoRT] [info] [queue_elements.cpp:68] [operator()] Thread in element PullQEl_hw_read2yolo26n/conv77 is not running anymore, exiting..
[2026-09-08 19:28:12.005] [22769] [HailoRT] [info] [queue_elements.cpp:46] [~BaseQueueElement] Queue element PullQEl_hw_read2yolo26n/conv77 has 0 frames in his Queue on destruction
[2026-09-08 19:28:12.005] [22819] [HailoRT] [info] [queue_elements.cpp:68] [operator()] Thread in element UserBuffQEl2yolo26n/conv77 is not running anymore, exiting..
[2026-09-08 19:28:12.005] [22769] [HailoRT] [info] [queue_elements.cpp:46] [~BaseQueueElement] Queue element UserBuffQEl2yolo26n/conv77 has 0 frames in his Queue on destruction
[2026-09-08 19:28:12.005] [22821] [HailoRT] [info] [queue_elements.cpp:734] [run_in_thread] Shutdown event was signaled in run_pull of queue element PullQEl_hw_read0yolo26n/conv80!
[2026-09-08 19:28:12.005] [22822] [HailoRT] [info] [queue_elements.cpp:855] [run_in_thread] Shutdown event was signaled in dequeue of UserBuffQEl0yolo26n/conv80!
[2026-09-08 19:28:12.005] [22821] [HailoRT] [info] [queue_elements.cpp:68] [operator()] Thread in element PullQEl_hw_read0yolo26n/conv80 is not running anymore, exiting..
[2026-09-08 19:28:12.005] [22769] [HailoRT] [info] [queue_elements.cpp:46] [~BaseQueueElement] Queue element PullQEl_hw_read0yolo26n/conv80 has 0 frames in his Queue on destruction
[2026-09-08 19:28:12.005] [22822] [HailoRT] [info] [queue_elements.cpp:68] [operator()] Thread in element UserBuffQEl0yolo26n/conv80 is not running anymore, exiting..
[2026-09-08 19:28:12.005] [22769] [HailoRT] [info] [queue_elements.cpp:46] [~BaseQueueElement] Queue element UserBuffQEl0yolo26n/conv80 has 0 frames in his Queue on destruction
[2026-09-08 19:28:12.005] [22823] [HailoRT] [info] [queue_elements.cpp:734] [run_in_thread] Shutdown event was signaled in run_pull of queue element PullQEl_hw_read3yolo26n/conv91!
[2026-09-08 19:28:12.005] [22825] [HailoRT] [info] [queue_elements.cpp:855] [run_in_thread] Shutdown event was signaled in dequeue of UserBuffQEl3yolo26n/conv91!
[2026-09-08 19:28:12.005] [22823] [HailoRT] [info] [queue_elements.cpp:68] [operator()] Thread in element PullQEl_hw_read3yolo26n/conv91 is not running anymore, exiting..
[2026-09-08 19:28:12.005] [22769] [HailoRT] [info] [queue_elements.cpp:46] [~BaseQueueElement] Queue element PullQEl_hw_read3yolo26n/conv91 has 0 frames in his Queue on destruction
[2026-09-08 19:28:12.005] [22825] [HailoRT] [info] [queue_elements.cpp:68] [operator()] Thread in element UserBuffQEl3yolo26n/conv91 is not running anymore, exiting..
[2026-09-08 19:28:12.005] [22769] [HailoRT] [info] [queue_elements.cpp:46] [~BaseQueueElement] Queue element UserBuffQEl3yolo26n/conv91 has 0 frames in his Queue on destruction
[2026-09-08 19:28:12.005] [22826] [HailoRT] [info] [queue_elements.cpp:734] [run_in_thread] Shutdown event was signaled in run_pull of queue element PullQEl_hw_read0yolo26n/conv94!
[2026-09-08 19:28:12.005] [22827] [HailoRT] [info] [queue_elements.cpp:855] [run_in_thread] Shutdown event was signaled in dequeue of UserBuffQEl0yolo26n/conv94!
[2026-09-08 19:28:12.005] [22826] [HailoRT] [info] [queue_elements.cpp:68] [operator()] Thread in element PullQEl_hw_read0yolo26n/conv94 is not running anymore, exiting..
[2026-09-08 19:28:12.005] [22769] [HailoRT] [info] [queue_elements.cpp:46] [~BaseQueueElement] Queue element PullQEl_hw_read0yolo26n/conv94 has 0 frames in his Queue on destruction
[2026-09-08 19:28:12.005] [22827] [HailoRT] [info] [queue_elements.cpp:68] [operator()] Thread in element UserBuffQEl0yolo26n/conv94 is not running anymore, exiting..
[2026-09-08 19:28:12.005] [22769] [HailoRT] [info] [queue_elements.cpp:46] [~BaseQueueElement] Queue element UserBuffQEl0yolo26n/conv94 has 0 frames in his Queue on destruction
[2026-09-08 19:41:10.113] [54732] [HailoRT] [info] [vdevice.cpp:535] [create] Creating vdevice with params: device_count: 1, scheduling_algorithm: NONE, multi_process_service: false
[2026-09-08 19:41:10.125] [54732] [HailoRT] [info] [device.cpp:51] [Device] OS Version: Linux 6.18.39+rpt-rpi-2712 #1 SMP PREEMPT Debian 1:6.18.39-1+rpt1 (2026-07-29) aarch64
[2026-09-08 19:41:10.125] [54732] [HailoRT] [info] [control.cpp:113] [control__parse_identify_results] firmware_version is: 4.23.0
[2026-09-08 19:41:10.125] [54732] [HailoRT] [info] [vdevice.cpp:682] [create] VDevice Infos: 0001:01:00.0
[2026-09-08 19:41:10.131] [54732] [HailoRT] [info] [internal_buffer_manager.cpp:77] [print_execution_results] Planned internal buffer memory: CMA=0 CMA-Desc=917504 Pinned=2956800. memory to edge layer usage factor is 0.9621793
[2026-09-08 19:41:10.132] [54732] [HailoRT] [info] [internal_buffer_manager.cpp:86] [print_execution_results] Default Internal buffer planner executed successfully
[2026-09-08 19:41:10.159] [54732] [HailoRT] [info] [device_internal.cpp:57] [configure] Configuring HEF took 33.437026 milliseconds
[2026-09-08 19:41:10.159] [54732] [HailoRT] [info] [vdevice.cpp:780] [configure] Configuring HEF on VDevice took 33.736933 milliseconds
[2026-09-08 19:41:10.159] [54732] [HailoRT] [info] [hef.cpp:1994] [get_network_group_and_network_name] No name was given. Addressing all networks of default network_group: yolo26n
[2026-09-08 19:41:10.159] [54732] [HailoRT] [info] [hef.cpp:1994] [get_network_group_and_network_name] No name was given. Addressing all networks of default network_group: yolo26n
[2026-09-08 19:41:10.159] [54732] [HailoRT] [info] [edge_elements.cpp:52] [create] Created (HwWriteEl2yolo26n/input_layer1 | hw_frame_size: 2211840)
[2026-09-08 19:41:10.159] [54732] [HailoRT] [info] [vstream.cpp:754] [InputVStreamImpl] Creating yolo26n/input_layer1...
[2026-09-08 19:41:10.159] [54732] [HailoRT] [info] [vstream_builder.cpp:102] [create_inputs] Input pipeline 'yolo26n/input_layer1': (HwWriteEl2yolo26n/input_layer1 | hw_frame_size: 2211840) >> HW
[2026-09-08 19:41:10.159] [54732] [HailoRT] [info] [edge_elements.cpp:287] [create] Created (HwReadEl3yolo26n/conv61 | hw_frame_size: 92160)
[2026-09-08 19:41:10.160] [54732] [HailoRT] [info] [queue_elements.cpp:657] [create] Created (PullQEl_hw_read3yolo26n/conv61)
[2026-09-08 19:41:10.160] [54732] [HailoRT] [info] [filter_elements.cpp:372] [create] Created (PostInferEl3yolo26n/conv61 | Quantization - src_type: UINT16, dst_type FLOAT32, limvals_min: -0.881752, limvals_max: 6.27869)
[2026-09-08 19:41:10.160] [54732] [HailoRT] [info] [queue_elements.cpp:800] [create] Created (UserBuffQEl3yolo26n/conv61 | timeout: 10s)
[2026-09-08 19:41:10.160] [54732] [HailoRT] [info] [vstream.cpp:1114] [OutputVStreamImpl] Creating yolo26n/conv61...
[2026-09-08 19:41:10.160] [54732] [HailoRT] [info] [vstream_builder.cpp:220] [create_outputs] Output pipeline 'yolo26n/conv61': HW >> (HwReadEl3yolo26n/conv61 | hw_frame_size: 92160) >> (PullQEl_hw_read3yolo26n/conv61) >> (PostInferEl3yolo26n/conv61 | Quantization - src_type: UINT16, dst_type FLOAT32, limvals_min: -0.881752, limvals_max: 6.27869) >> (UserBuffQEl3yolo26n/conv61 | timeout: 10s)
[2026-09-08 19:41:10.160] [54732] [HailoRT] [info] [edge_elements.cpp:287] [create] Created (HwReadEl2yolo26n/conv64 | hw_frame_size: 23040)
[2026-09-08 19:41:10.160] [54732] [HailoRT] [info] [queue_elements.cpp:657] [create] Created (PullQEl_hw_read2yolo26n/conv64)
[2026-09-08 19:41:10.160] [54732] [HailoRT] [info] [filter_elements.cpp:372] [create] Created (PostInferEl2yolo26n/conv64 | Quantization - src_type: UINT16, dst_type FLOAT32, limvals_min: -164.817, limvals_max: 3.19963)
[2026-09-08 19:41:10.160] [54732] [HailoRT] [info] [queue_elements.cpp:800] [create] Created (UserBuffQEl2yolo26n/conv64 | timeout: 10s)
[2026-09-08 19:41:10.160] [54732] [HailoRT] [info] [vstream.cpp:1114] [OutputVStreamImpl] Creating yolo26n/conv64...
[2026-09-08 19:41:10.160] [54732] [HailoRT] [info] [vstream_builder.cpp:220] [create_outputs] Output pipeline 'yolo26n/conv64': HW >> (HwReadEl2yolo26n/conv64 | hw_frame_size: 23040) >> (PullQEl_hw_read2yolo26n/conv64) >> (PostInferEl2yolo26n/conv64 | Quantization - src_type: UINT16, dst_type FLOAT32, limvals_min: -164.817, limvals_max: 3.19963) >> (UserBuffQEl2yolo26n/conv64 | timeout: 10s)
[2026-09-08 19:41:10.160] [54732] [HailoRT] [info] [edge_elements.cpp:287] [create] Created (HwReadEl2yolo26n/conv77 | hw_frame_size: 23040)
[2026-09-08 19:41:10.160] [54732] [HailoRT] [info] [queue_elements.cpp:657] [create] Created (PullQEl_hw_read2yolo26n/conv77)
[2026-09-08 19:41:10.160] [54732] [HailoRT] [info] [filter_elements.cpp:372] [create] Created (PostInferEl2yolo26n/conv77 | Quantization - src_type: UINT16, dst_type FLOAT32, limvals_min: -0.67052, limvals_max: 17.2357)
[2026-09-08 19:41:10.160] [54732] [HailoRT] [info] [queue_elements.cpp:800] [create] Created (UserBuffQEl2yolo26n/conv77 | timeout: 10s)
[2026-09-08 19:41:10.160] [54732] [HailoRT] [info] [vstream.cpp:1114] [OutputVStreamImpl] Creating yolo26n/conv77...
[2026-09-08 19:41:10.160] [54732] [HailoRT] [info] [vstream_builder.cpp:220] [create_outputs] Output pipeline 'yolo26n/conv77': HW >> (HwReadEl2yolo26n/conv77 | hw_frame_size: 23040) >> (PullQEl_hw_read2yolo26n/conv77) >> (PostInferEl2yolo26n/conv77 | Quantization - src_type: UINT16, dst_type FLOAT32, limvals_min: -0.67052, limvals_max: 17.2357) >> (UserBuffQEl2yolo26n/conv77 | timeout: 10s)
[2026-09-08 19:41:10.160] [54732] [HailoRT] [info] [edge_elements.cpp:287] [create] Created (HwReadEl0yolo26n/conv80 | hw_frame_size: 5760)
[2026-09-08 19:41:10.160] [54732] [HailoRT] [info] [queue_elements.cpp:657] [create] Created (PullQEl_hw_read0yolo26n/conv80)
[2026-09-08 19:41:10.160] [54732] [HailoRT] [info] [filter_elements.cpp:372] [create] Created (PostInferEl0yolo26n/conv80 | Quantization - src_type: UINT16, dst_type FLOAT32, limvals_min: -67.4827, limvals_max: 0)
[2026-09-08 19:41:10.160] [54732] [HailoRT] [info] [queue_elements.cpp:800] [create] Created (UserBuffQEl0yolo26n/conv80 | timeout: 10s)
[2026-09-08 19:41:10.160] [54732] [HailoRT] [info] [vstream.cpp:1114] [OutputVStreamImpl] Creating yolo26n/conv80...
[2026-09-08 19:41:10.160] [54732] [HailoRT] [info] [vstream_builder.cpp:220] [create_outputs] Output pipeline 'yolo26n/conv80': HW >> (HwReadEl0yolo26n/conv80 | hw_frame_size: 5760) >> (PullQEl_hw_read0yolo26n/conv80) >> (PostInferEl0yolo26n/conv80 | Quantization - src_type: UINT16, dst_type FLOAT32, limvals_min: -67.4827, limvals_max: 0) >> (UserBuffQEl0yolo26n/conv80 | timeout: 10s)
[2026-09-08 19:41:10.160] [54732] [HailoRT] [info] [edge_elements.cpp:287] [create] Created (HwReadEl3yolo26n/conv91 | hw_frame_size: 11520)
[2026-09-08 19:41:10.160] [54732] [HailoRT] [info] [queue_elements.cpp:657] [create] Created (PullQEl_hw_read3yolo26n/conv91)
[2026-09-08 19:41:10.160] [54732] [HailoRT] [info] [filter_elements.cpp:372] [create] Created (PostInferEl3yolo26n/conv91 | Quantization - src_type: UINT16, dst_type FLOAT32, limvals_min: 0, limvals_max: 8.46146 | Reorder - src_order: FCR, src_shape: (20, 36, 8), dst_order: FCR, dst_shape: (20, 36, 4))
[2026-09-08 19:41:10.160] [54732] [HailoRT] [info] [queue_elements.cpp:800] [create] Created (UserBuffQEl3yolo26n/conv91 | timeout: 10s)
[2026-09-08 19:41:10.160] [54732] [HailoRT] [info] [vstream.cpp:1114] [OutputVStreamImpl] Creating yolo26n/conv91...
[2026-09-08 19:41:10.160] [54732] [HailoRT] [info] [vstream_builder.cpp:220] [create_outputs] Output pipeline 'yolo26n/conv91': HW >> (HwReadEl3yolo26n/conv91 | hw_frame_size: 11520) >> (PullQEl_hw_read3yolo26n/conv91) >> (PostInferEl3yolo26n/conv91 | Quantization - src_type: UINT16, dst_type FLOAT32, limvals_min: 0, limvals_max: 8.46146 | Reorder - src_order: FCR, src_shape: (20, 36, 8), dst_order: FCR, dst_shape: (20, 36, 4)) >> (UserBuffQEl3yolo26n/conv91 | timeout: 10s)
[2026-09-08 19:41:10.160] [54732] [HailoRT] [info] [edge_elements.cpp:287] [create] Created (HwReadEl0yolo26n/conv94 | hw_frame_size: 11520)
[2026-09-08 19:41:10.160] [54732] [HailoRT] [info] [queue_elements.cpp:657] [create] Created (PullQEl_hw_read0yolo26n/conv94)
[2026-09-08 19:41:10.161] [54732] [HailoRT] [info] [filter_elements.cpp:372] [create] Created (PostInferEl0yolo26n/conv94 | Quantization - src_type: UINT16, dst_type FLOAT32, limvals_min: -64.0772, limvals_max: 0 | Reorder - src_order: FCR, src_shape: (20, 36, 8), dst_order: FCR, dst_shape: (20, 36, 1))
[2026-09-08 19:41:10.161] [54732] [HailoRT] [info] [queue_elements.cpp:800] [create] Created (UserBuffQEl0yolo26n/conv94 | timeout: 10s)
[2026-09-08 19:41:10.161] [54732] [HailoRT] [info] [vstream.cpp:1114] [OutputVStreamImpl] Creating yolo26n/conv94...
[2026-09-08 19:41:10.161] [54732] [HailoRT] [info] [vstream_builder.cpp:220] [create_outputs] Output pipeline 'yolo26n/conv94': HW >> (HwReadEl0yolo26n/conv94 | hw_frame_size: 11520) >> (PullQEl_hw_read0yolo26n/conv94) >> (PostInferEl0yolo26n/conv94 | Quantization - src_type: UINT16, dst_type FLOAT32, limvals_min: -64.0772, limvals_max: 0 | Reorder - src_order: FCR, src_shape: (20, 36, 8), dst_order: FCR, dst_shape: (20, 36, 1)) >> (UserBuffQEl0yolo26n/conv94 | timeout: 10s)
[2026-09-08 19:41:10.161] [54732] [HailoRT] [info] [core_op.cpp:156] [activate] Activating yolo26n took 0.495851 milliseconds. Note that the function is asynchronous and thus the network is not fully activated yet.
[2026-09-08 19:41:10.161] [54732] [HailoRT] [info] [core_op.cpp:156] [activate] Activating yolo26n took 0.510128 milliseconds. Note that the function is asynchronous and thus the network is not fully activated yet.
[2026-09-08 19:43:50.573] [54768] [HailoRT] [info] [vdevice_native_stream.cpp:331] [read_impl] Failed read from stream HAILO_STREAM_NOT_ACTIVATED(72) (device: 0001:01:00.0)
[2026-09-08 19:43:50.573] [54772] [HailoRT] [info] [vdevice_native_stream.cpp:331] [read_impl] Failed read from stream HAILO_STREAM_NOT_ACTIVATED(72) (device: 0001:01:00.0)
[2026-09-08 19:43:50.573] [54770] [HailoRT] [info] [vdevice_native_stream.cpp:331] [read_impl] Failed read from stream HAILO_STREAM_NOT_ACTIVATED(72) (device: 0001:01:00.0)
[2026-09-08 19:43:50.573] [54775] [HailoRT] [info] [vdevice_native_stream.cpp:331] [read_impl] Failed read from stream HAILO_STREAM_NOT_ACTIVATED(72) (device: 0001:01:00.0)
[2026-09-08 19:43:50.573] [54778] [HailoRT] [info] [vdevice_native_stream.cpp:331] [read_impl] Failed read from stream HAILO_STREAM_NOT_ACTIVATED(72) (device: 0001:01:00.0)
[2026-09-08 19:43:50.573] [54780] [HailoRT] [info] [vdevice_native_stream.cpp:331] [read_impl] Failed read from stream HAILO_STREAM_NOT_ACTIVATED(72) (device: 0001:01:00.0)
[2026-09-08 19:43:50.573] [54732] [HailoRT] [info] [core_op.cpp:186] [deactivate] Deactivating took 0.522166 ms
[2026-09-08 19:43:50.573] [54732] [HailoRT] [info] [core_op.cpp:186] [deactivate] Deactivating took 0.54274 ms
[2026-09-08 19:43:50.573] [54769] [HailoRT] [info] [queue_elements.cpp:855] [run_in_thread] Shutdown event was signaled in dequeue of UserBuffQEl3yolo26n/conv61!
[2026-09-08 19:43:50.573] [54768] [HailoRT] [info] [queue_elements.cpp:734] [run_in_thread] Shutdown event was signaled in run_pull of queue element PullQEl_hw_read3yolo26n/conv61!
[2026-09-08 19:43:50.573] [54768] [HailoRT] [info] [queue_elements.cpp:68] [operator()] Thread in element PullQEl_hw_read3yolo26n/conv61 is not running anymore, exiting..
[2026-09-08 19:43:50.573] [54732] [HailoRT] [info] [queue_elements.cpp:46] [~BaseQueueElement] Queue element PullQEl_hw_read3yolo26n/conv61 has 0 frames in his Queue on destruction
[2026-09-08 19:43:50.573] [54769] [HailoRT] [info] [queue_elements.cpp:68] [operator()] Thread in element UserBuffQEl3yolo26n/conv61 is not running anymore, exiting..
[2026-09-08 19:43:50.573] [54732] [HailoRT] [info] [queue_elements.cpp:46] [~BaseQueueElement] Queue element UserBuffQEl3yolo26n/conv61 has 0 frames in his Queue on destruction
[2026-09-08 19:43:50.574] [54770] [HailoRT] [info] [queue_elements.cpp:734] [run_in_thread] Shutdown event was signaled in run_pull of queue element PullQEl_hw_read2yolo26n/conv64!
[2026-09-08 19:43:50.574] [54771] [HailoRT] [info] [queue_elements.cpp:855] [run_in_thread] Shutdown event was signaled in dequeue of UserBuffQEl2yolo26n/conv64!
[2026-09-08 19:43:50.574] [54770] [HailoRT] [info] [queue_elements.cpp:68] [operator()] Thread in element PullQEl_hw_read2yolo26n/conv64 is not running anymore, exiting..
[2026-09-08 19:43:50.574] [54732] [HailoRT] [info] [queue_elements.cpp:46] [~BaseQueueElement] Queue element PullQEl_hw_read2yolo26n/conv64 has 0 frames in his Queue on destruction
[2026-09-08 19:43:50.574] [54771] [HailoRT] [info] [queue_elements.cpp:68] [operator()] Thread in element UserBuffQEl2yolo26n/conv64 is not running anymore, exiting..
[2026-09-08 19:43:50.574] [54732] [HailoRT] [info] [queue_elements.cpp:46] [~BaseQueueElement] Queue element UserBuffQEl2yolo26n/conv64 has 0 frames in his Queue on destruction
[2026-09-08 19:43:50.574] [54773] [HailoRT] [info] [queue_elements.cpp:855] [run_in_thread] Shutdown event was signaled in dequeue of UserBuffQEl2yolo26n/conv77!
[2026-09-08 19:43:50.574] [54772] [HailoRT] [info] [queue_elements.cpp:734] [run_in_thread] Shutdown event was signaled in run_pull of queue element PullQEl_hw_read2yolo26n/conv77!
[2026-09-08 19:43:50.574] [54772] [HailoRT] [info] [queue_elements.cpp:68] [operator()] Thread in element PullQEl_hw_read2yolo26n/conv77 is not running anymore, exiting..
[2026-09-08 19:43:50.574] [54732] [HailoRT] [info] [queue_elements.cpp:46] [~BaseQueueElement] Queue element PullQEl_hw_read2yolo26n/conv77 has 0 frames in his Queue on destruction
[2026-09-08 19:43:50.574] [54773] [HailoRT] [info] [queue_elements.cpp:68] [operator()] Thread in element UserBuffQEl2yolo26n/conv77 is not running anymore, exiting..
[2026-09-08 19:43:50.574] [54732] [HailoRT] [info] [queue_elements.cpp:46] [~BaseQueueElement] Queue element UserBuffQEl2yolo26n/conv77 has 0 frames in his Queue on destruction
[2026-09-08 19:43:50.574] [54775] [HailoRT] [info] [queue_elements.cpp:734] [run_in_thread] Shutdown event was signaled in run_pull of queue element PullQEl_hw_read0yolo26n/conv80!
[2026-09-08 19:43:50.574] [54776] [HailoRT] [info] [queue_elements.cpp:855] [run_in_thread] Shutdown event was signaled in dequeue of UserBuffQEl0yolo26n/conv80!
[2026-09-08 19:43:50.574] [54775] [HailoRT] [info] [queue_elements.cpp:68] [operator()] Thread in element PullQEl_hw_read0yolo26n/conv80 is not running anymore, exiting..
[2026-09-08 19:43:50.574] [54732] [HailoRT] [info] [queue_elements.cpp:46] [~BaseQueueElement] Queue element PullQEl_hw_read0yolo26n/conv80 has 0 frames in his Queue on destruction
[2026-09-08 19:43:50.574] [54776] [HailoRT] [info] [queue_elements.cpp:68] [operator()] Thread in element UserBuffQEl0yolo26n/conv80 is not running anymore, exiting..
[2026-09-08 19:43:50.574] [54732] [HailoRT] [info] [queue_elements.cpp:46] [~BaseQueueElement] Queue element UserBuffQEl0yolo26n/conv80 has 0 frames in his Queue on destruction
[2026-09-08 19:43:50.574] [54778] [HailoRT] [info] [queue_elements.cpp:734] [run_in_thread] Shutdown event was signaled in run_pull of queue element PullQEl_hw_read3yolo26n/conv91!
[2026-09-08 19:43:50.574] [54779] [HailoRT] [info] [queue_elements.cpp:855] [run_in_thread] Shutdown event was signaled in dequeue of UserBuffQEl3yolo26n/conv91!
[2026-09-08 19:43:50.574] [54778] [HailoRT] [info] [queue_elements.cpp:68] [operator()] Thread in element PullQEl_hw_read3yolo26n/conv91 is not running anymore, exiting..
[2026-09-08 19:43:50.574] [54732] [HailoRT] [info] [queue_elements.cpp:46] [~BaseQueueElement] Queue element PullQEl_hw_read3yolo26n/conv91 has 0 frames in his Queue on destruction
[2026-09-08 19:43:50.574] [54779] [HailoRT] [info] [queue_elements.cpp:68] [operator()] Thread in element UserBuffQEl3yolo26n/conv91 is not running anymore, exiting..
[2026-09-08 19:43:50.574] [54732] [HailoRT] [info] [queue_elements.cpp:46] [~BaseQueueElement] Queue element UserBuffQEl3yolo26n/conv91 has 0 frames in his Queue on destruction
[2026-09-08 19:43:50.574] [54781] [HailoRT] [info] [queue_elements.cpp:855] [run_in_thread] Shutdown event was signaled in dequeue of UserBuffQEl0yolo26n/conv94!
[2026-09-08 19:43:50.574] [54780] [HailoRT] [info] [queue_elements.cpp:734] [run_in_thread] Shutdown event was signaled in run_pull of queue element PullQEl_hw_read0yolo26n/conv94!
[2026-09-08 19:43:50.574] [54780] [HailoRT] [info] [queue_elements.cpp:68] [operator()] Thread in element PullQEl_hw_read0yolo26n/conv94 is not running anymore, exiting..
[2026-09-08 19:43:50.574] [54732] [HailoRT] [info] [queue_elements.cpp:46] [~BaseQueueElement] Queue element PullQEl_hw_read0yolo26n/conv94 has 0 frames in his Queue on destruction
[2026-09-08 19:43:50.574] [54781] [HailoRT] [info] [queue_elements.cpp:68] [operator()] Thread in element UserBuffQEl0yolo26n/conv94 is not running anymore, exiting..
[2026-09-08 19:43:50.574] [54732] [HailoRT] [info] [queue_elements.cpp:46] [~BaseQueueElement] Queue element UserBuffQEl0yolo26n/conv94 has 0 frames in his Queue on destruction
[2026-09-08 19:49:00.575] [96555] [HailoRT] [info] [vdevice.cpp:535] [create] Creating vdevice with params: device_count: 1, scheduling_algorithm: NONE, multi_process_service: false
[2026-09-08 19:49:00.587] [96555] [HailoRT] [info] [device.cpp:51] [Device] OS Version: Linux 6.18.39+rpt-rpi-2712 #1 SMP PREEMPT Debian 1:6.18.39-1+rpt1 (2026-07-29) aarch64
[2026-09-08 19:49:00.587] [96555] [HailoRT] [info] [control.cpp:113] [control__parse_identify_results] firmware_version is: 4.23.0
[2026-09-08 19:49:00.587] [96555] [HailoRT] [info] [vdevice.cpp:682] [create] VDevice Infos: 0001:01:00.0
[2026-09-08 19:49:00.593] [96555] [HailoRT] [info] [internal_buffer_manager.cpp:77] [print_execution_results] Planned internal buffer memory: CMA=0 CMA-Desc=917504 Pinned=2956800. memory to edge layer usage factor is 0.9621793
[2026-09-08 19:49:00.593] [96555] [HailoRT] [info] [internal_buffer_manager.cpp:86] [print_execution_results] Default Internal buffer planner executed successfully
[2026-09-08 19:49:00.621] [96555] [HailoRT] [info] [device_internal.cpp:57] [configure] Configuring HEF took 33.25601 milliseconds
[2026-09-08 19:49:00.621] [96555] [HailoRT] [info] [vdevice.cpp:780] [configure] Configuring HEF on VDevice took 33.554233 milliseconds
[2026-09-08 19:49:00.621] [96555] [HailoRT] [info] [hef.cpp:1994] [get_network_group_and_network_name] No name was given. Addressing all networks of default network_group: yolo26n
[2026-09-08 19:49:00.621] [96555] [HailoRT] [info] [hef.cpp:1994] [get_network_group_and_network_name] No name was given. Addressing all networks of default network_group: yolo26n
[2026-09-08 19:49:00.621] [96555] [HailoRT] [info] [edge_elements.cpp:52] [create] Created (HwWriteEl2yolo26n/input_layer1 | hw_frame_size: 2211840)
[2026-09-08 19:49:00.621] [96555] [HailoRT] [info] [vstream.cpp:754] [InputVStreamImpl] Creating yolo26n/input_layer1...
[2026-09-08 19:49:00.621] [96555] [HailoRT] [info] [vstream_builder.cpp:102] [create_inputs] Input pipeline 'yolo26n/input_layer1': (HwWriteEl2yolo26n/input_layer1 | hw_frame_size: 2211840) >> HW
[2026-09-08 19:49:00.621] [96555] [HailoRT] [info] [edge_elements.cpp:287] [create] Created (HwReadEl3yolo26n/conv61 | hw_frame_size: 92160)
[2026-09-08 19:49:00.621] [96555] [HailoRT] [info] [queue_elements.cpp:657] [create] Created (PullQEl_hw_read3yolo26n/conv61)
[2026-09-08 19:49:00.621] [96555] [HailoRT] [info] [filter_elements.cpp:372] [create] Created (PostInferEl3yolo26n/conv61 | Quantization - src_type: UINT16, dst_type FLOAT32, limvals_min: -0.881752, limvals_max: 6.27869)
[2026-09-08 19:49:00.621] [96555] [HailoRT] [info] [queue_elements.cpp:800] [create] Created (UserBuffQEl3yolo26n/conv61 | timeout: 10s)
[2026-09-08 19:49:00.621] [96555] [HailoRT] [info] [vstream.cpp:1114] [OutputVStreamImpl] Creating yolo26n/conv61...
[2026-09-08 19:49:00.621] [96555] [HailoRT] [info] [vstream_builder.cpp:220] [create_outputs] Output pipeline 'yolo26n/conv61': HW >> (HwReadEl3yolo26n/conv61 | hw_frame_size: 92160) >> (PullQEl_hw_read3yolo26n/conv61) >> (PostInferEl3yolo26n/conv61 | Quantization - src_type: UINT16, dst_type FLOAT32, limvals_min: -0.881752, limvals_max: 6.27869) >> (UserBuffQEl3yolo26n/conv61 | timeout: 10s)
[2026-09-08 19:49:00.621] [96555] [HailoRT] [info] [edge_elements.cpp:287] [create] Created (HwReadEl2yolo26n/conv64 | hw_frame_size: 23040)
[2026-09-08 19:49:00.622] [96555] [HailoRT] [info] [queue_elements.cpp:657] [create] Created (PullQEl_hw_read2yolo26n/conv64)
[2026-09-08 19:49:00.622] [96555] [HailoRT] [info] [filter_elements.cpp:372] [create] Created (PostInferEl2yolo26n/conv64 | Quantization - src_type: UINT16, dst_type FLOAT32, limvals_min: -164.817, limvals_max: 3.19963)
[2026-09-08 19:49:00.622] [96555] [HailoRT] [info] [queue_elements.cpp:800] [create] Created (UserBuffQEl2yolo26n/conv64 | timeout: 10s)
[2026-09-08 19:49:00.622] [96555] [HailoRT] [info] [vstream.cpp:1114] [OutputVStreamImpl] Creating yolo26n/conv64...
[2026-09-08 19:49:00.622] [96555] [HailoRT] [info] [vstream_builder.cpp:220] [create_outputs] Output pipeline 'yolo26n/conv64': HW >> (HwReadEl2yolo26n/conv64 | hw_frame_size: 23040) >> (PullQEl_hw_read2yolo26n/conv64) >> (PostInferEl2yolo26n/conv64 | Quantization - src_type: UINT16, dst_type FLOAT32, limvals_min: -164.817, limvals_max: 3.19963) >> (UserBuffQEl2yolo26n/conv64 | timeout: 10s)
[2026-09-08 19:49:00.622] [96555] [HailoRT] [info] [edge_elements.cpp:287] [create] Created (HwReadEl2yolo26n/conv77 | hw_frame_size: 23040)
[2026-09-08 19:49:00.622] [96555] [HailoRT] [info] [queue_elements.cpp:657] [create] Created (PullQEl_hw_read2yolo26n/conv77)
[2026-09-08 19:49:00.622] [96555] [HailoRT] [info] [filter_elements.cpp:372] [create] Created (PostInferEl2yolo26n/conv77 | Quantization - src_type: UINT16, dst_type FLOAT32, limvals_min: -0.67052, limvals_max: 17.2357)
[2026-09-08 19:49:00.622] [96555] [HailoRT] [info] [queue_elements.cpp:800] [create] Created (UserBuffQEl2yolo26n/conv77 | timeout: 10s)
[2026-09-08 19:49:00.622] [96555] [HailoRT] [info] [vstream.cpp:1114] [OutputVStreamImpl] Creating yolo26n/conv77...
[2026-09-08 19:49:00.622] [96555] [HailoRT] [info] [vstream_builder.cpp:220] [create_outputs] Output pipeline 'yolo26n/conv77': HW >> (HwReadEl2yolo26n/conv77 | hw_frame_size: 23040) >> (PullQEl_hw_read2yolo26n/conv77) >> (PostInferEl2yolo26n/conv77 | Quantization - src_type: UINT16, dst_type FLOAT32, limvals_min: -0.67052, limvals_max: 17.2357) >> (UserBuffQEl2yolo26n/conv77 | timeout: 10s)
[2026-09-08 19:49:00.622] [96555] [HailoRT] [info] [edge_elements.cpp:287] [create] Created (HwReadEl0yolo26n/conv80 | hw_frame_size: 5760)
[2026-09-08 19:49:00.622] [96555] [HailoRT] [info] [queue_elements.cpp:657] [create] Created (PullQEl_hw_read0yolo26n/conv80)
[2026-09-08 19:49:00.622] [96555] [HailoRT] [info] [filter_elements.cpp:372] [create] Created (PostInferEl0yolo26n/conv80 | Quantization - src_type: UINT16, dst_type FLOAT32, limvals_min: -67.4827, limvals_max: 0)
[2026-09-08 19:49:00.622] [96555] [HailoRT] [info] [queue_elements.cpp:800] [create] Created (UserBuffQEl0yolo26n/conv80 | timeout: 10s)
[2026-09-08 19:49:00.622] [96555] [HailoRT] [info] [vstream.cpp:1114] [OutputVStreamImpl] Creating yolo26n/conv80...
[2026-09-08 19:49:00.622] [96555] [HailoRT] [info] [vstream_builder.cpp:220] [create_outputs] Output pipeline 'yolo26n/conv80': HW >> (HwReadEl0yolo26n/conv80 | hw_frame_size: 5760) >> (PullQEl_hw_read0yolo26n/conv80) >> (PostInferEl0yolo26n/conv80 | Quantization - src_type: UINT16, dst_type FLOAT32, limvals_min: -67.4827, limvals_max: 0) >> (UserBuffQEl0yolo26n/conv80 | timeout: 10s)
[2026-09-08 19:49:00.622] [96555] [HailoRT] [info] [edge_elements.cpp:287] [create] Created (HwReadEl3yolo26n/conv91 | hw_frame_size: 11520)
[2026-09-08 19:49:00.622] [96555] [HailoRT] [info] [queue_elements.cpp:657] [create] Created (PullQEl_hw_read3yolo26n/conv91)
[2026-09-08 19:49:00.622] [96555] [HailoRT] [info] [filter_elements.cpp:372] [create] Created (PostInferEl3yolo26n/conv91 | Quantization - src_type: UINT16, dst_type FLOAT32, limvals_min: 0, limvals_max: 8.46146 | Reorder - src_order: FCR, src_shape: (20, 36, 8), dst_order: FCR, dst_shape: (20, 36, 4))
[2026-09-08 19:49:00.622] [96555] [HailoRT] [info] [queue_elements.cpp:800] [create] Created (UserBuffQEl3yolo26n/conv91 | timeout: 10s)
[2026-09-08 19:49:00.622] [96555] [HailoRT] [info] [vstream.cpp:1114] [OutputVStreamImpl] Creating yolo26n/conv91...
[2026-09-08 19:49:00.622] [96555] [HailoRT] [info] [vstream_builder.cpp:220] [create_outputs] Output pipeline 'yolo26n/conv91': HW >> (HwReadEl3yolo26n/conv91 | hw_frame_size: 11520) >> (PullQEl_hw_read3yolo26n/conv91) >> (PostInferEl3yolo26n/conv91 | Quantization - src_type: UINT16, dst_type FLOAT32, limvals_min: 0, limvals_max: 8.46146 | Reorder - src_order: FCR, src_shape: (20, 36, 8), dst_order: FCR, dst_shape: (20, 36, 4)) >> (UserBuffQEl3yolo26n/conv91 | timeout: 10s)
[2026-09-08 19:49:00.622] [96555] [HailoRT] [info] [edge_elements.cpp:287] [create] Created (HwReadEl0yolo26n/conv94 | hw_frame_size: 11520)
[2026-09-08 19:49:00.622] [96555] [HailoRT] [info] [queue_elements.cpp:657] [create] Created (PullQEl_hw_read0yolo26n/conv94)
[2026-09-08 19:49:00.622] [96555] [HailoRT] [info] [filter_elements.cpp:372] [create] Created (PostInferEl0yolo26n/conv94 | Quantization - src_type: UINT16, dst_type FLOAT32, limvals_min: -64.0772, limvals_max: 0 | Reorder - src_order: FCR, src_shape: (20, 36, 8), dst_order: FCR, dst_shape: (20, 36, 1))
[2026-09-08 19:49:00.622] [96555] [HailoRT] [info] [queue_elements.cpp:800] [create] Created (UserBuffQEl0yolo26n/conv94 | timeout: 10s)
[2026-09-08 19:49:00.622] [96555] [HailoRT] [info] [vstream.cpp:1114] [OutputVStreamImpl] Creating yolo26n/conv94...
[2026-09-08 19:49:00.622] [96555] [HailoRT] [info] [vstream_builder.cpp:220] [create_outputs] Output pipeline 'yolo26n/conv94': HW >> (HwReadEl0yolo26n/conv94 | hw_frame_size: 11520) >> (PullQEl_hw_read0yolo26n/conv94) >> (PostInferEl0yolo26n/conv94 | Quantization - src_type: UINT16, dst_type FLOAT32, limvals_min: -64.0772, limvals_max: 0 | Reorder - src_order: FCR, src_shape: (20, 36, 8), dst_order: FCR, dst_shape: (20, 36, 1)) >> (UserBuffQEl0yolo26n/conv94 | timeout: 10s)
[2026-09-08 19:49:00.623] [96555] [HailoRT] [info] [core_op.cpp:156] [activate] Activating yolo26n took 0.498055 milliseconds. Note that the function is asynchronous and thus the network is not fully activated yet.
[2026-09-08 19:49:00.623] [96555] [HailoRT] [info] [core_op.cpp:156] [activate] Activating yolo26n took 0.512963 milliseconds. Note that the function is asynchronous and thus the network is not fully activated yet.
[2026-09-08 19:49:14.167] [96592] [HailoRT] [info] [vdevice_native_stream.cpp:331] [read_impl] Failed read from stream HAILO_STREAM_NOT_ACTIVATED(72) (device: 0001:01:00.0)
[2026-09-08 19:49:14.167] [96599] [HailoRT] [info] [vdevice_native_stream.cpp:331] [read_impl] Failed read from stream HAILO_STREAM_NOT_ACTIVATED(72) (device: 0001:01:00.0)
[2026-09-08 19:49:14.167] [96590] [HailoRT] [info] [vdevice_native_stream.cpp:331] [read_impl] Failed read from stream HAILO_STREAM_NOT_ACTIVATED(72) (device: 0001:01:00.0)
[2026-09-08 19:49:14.167] [96597] [HailoRT] [info] [vdevice_native_stream.cpp:331] [read_impl] Failed read from stream HAILO_STREAM_NOT_ACTIVATED(72) (device: 0001:01:00.0)
[2026-09-08 19:49:14.167] [96602] [HailoRT] [info] [vdevice_native_stream.cpp:331] [read_impl] Failed read from stream HAILO_STREAM_NOT_ACTIVATED(72) (device: 0001:01:00.0)
[2026-09-08 19:49:14.167] [96594] [HailoRT] [info] [vdevice_native_stream.cpp:331] [read_impl] Failed read from stream HAILO_STREAM_NOT_ACTIVATED(72) (device: 0001:01:00.0)
[2026-09-08 19:49:14.168] [96555] [HailoRT] [info] [core_op.cpp:186] [deactivate] Deactivating took 0.536036 ms
[2026-09-08 19:49:14.168] [96555] [HailoRT] [info] [core_op.cpp:186] [deactivate] Deactivating took 0.554407 ms
[2026-09-08 19:49:14.168] [96591] [HailoRT] [info] [queue_elements.cpp:855] [run_in_thread] Shutdown event was signaled in dequeue of UserBuffQEl3yolo26n/conv61!
[2026-09-08 19:49:14.168] [96590] [HailoRT] [info] [queue_elements.cpp:734] [run_in_thread] Shutdown event was signaled in run_pull of queue element PullQEl_hw_read3yolo26n/conv61!
[2026-09-08 19:49:14.168] [96590] [HailoRT] [info] [queue_elements.cpp:68] [operator()] Thread in element PullQEl_hw_read3yolo26n/conv61 is not running anymore, exiting..
[2026-09-08 19:49:14.168] [96555] [HailoRT] [info] [queue_elements.cpp:46] [~BaseQueueElement] Queue element PullQEl_hw_read3yolo26n/conv61 has 0 frames in his Queue on destruction
[2026-09-08 19:49:14.168] [96591] [HailoRT] [info] [queue_elements.cpp:68] [operator()] Thread in element UserBuffQEl3yolo26n/conv61 is not running anymore, exiting..
[2026-09-08 19:49:14.168] [96555] [HailoRT] [info] [queue_elements.cpp:46] [~BaseQueueElement] Queue element UserBuffQEl3yolo26n/conv61 has 0 frames in his Queue on destruction
[2026-09-08 19:49:14.168] [96592] [HailoRT] [info] [queue_elements.cpp:734] [run_in_thread] Shutdown event was signaled in run_pull of queue element PullQEl_hw_read2yolo26n/conv64!
[2026-09-08 19:49:14.168] [96593] [HailoRT] [info] [queue_elements.cpp:855] [run_in_thread] Shutdown event was signaled in dequeue of UserBuffQEl2yolo26n/conv64!
[2026-09-08 19:49:14.168] [96592] [HailoRT] [info] [queue_elements.cpp:68] [operator()] Thread in element PullQEl_hw_read2yolo26n/conv64 is not running anymore, exiting..
[2026-09-08 19:49:14.168] [96555] [HailoRT] [info] [queue_elements.cpp:46] [~BaseQueueElement] Queue element PullQEl_hw_read2yolo26n/conv64 has 0 frames in his Queue on destruction
[2026-09-08 19:49:14.168] [96593] [HailoRT] [info] [queue_elements.cpp:68] [operator()] Thread in element UserBuffQEl2yolo26n/conv64 is not running anymore, exiting..
[2026-09-08 19:49:14.168] [96555] [HailoRT] [info] [queue_elements.cpp:46] [~BaseQueueElement] Queue element UserBuffQEl2yolo26n/conv64 has 0 frames in his Queue on destruction
[2026-09-08 19:49:14.168] [96594] [HailoRT] [info] [queue_elements.cpp:734] [run_in_thread] Shutdown event was signaled in run_pull of queue element PullQEl_hw_read2yolo26n/conv77!
[2026-09-08 19:49:14.168] [96595] [HailoRT] [info] [queue_elements.cpp:855] [run_in_thread] Shutdown event was signaled in dequeue of UserBuffQEl2yolo26n/conv77!
[2026-09-08 19:49:14.168] [96594] [HailoRT] [info] [queue_elements.cpp:68] [operator()] Thread in element PullQEl_hw_read2yolo26n/conv77 is not running anymore, exiting..
[2026-09-08 19:49:14.168] [96555] [HailoRT] [info] [queue_elements.cpp:46] [~BaseQueueElement] Queue element PullQEl_hw_read2yolo26n/conv77 has 0 frames in his Queue on destruction
[2026-09-08 19:49:14.168] [96595] [HailoRT] [info] [queue_elements.cpp:68] [operator()] Thread in element UserBuffQEl2yolo26n/conv77 is not running anymore, exiting..
[2026-09-08 19:49:14.168] [96555] [HailoRT] [info] [queue_elements.cpp:46] [~BaseQueueElement] Queue element UserBuffQEl2yolo26n/conv77 has 0 frames in his Queue on destruction
[2026-09-08 19:49:14.168] [96597] [HailoRT] [info] [queue_elements.cpp:734] [run_in_thread] Shutdown event was signaled in run_pull of queue element PullQEl_hw_read0yolo26n/conv80!
[2026-09-08 19:49:14.168] [96598] [HailoRT] [info] [queue_elements.cpp:855] [run_in_thread] Shutdown event was signaled in dequeue of UserBuffQEl0yolo26n/conv80!
[2026-09-08 19:49:14.168] [96597] [HailoRT] [info] [queue_elements.cpp:68] [operator()] Thread in element PullQEl_hw_read0yolo26n/conv80 is not running anymore, exiting..
[2026-09-08 19:49:14.168] [96555] [HailoRT] [info] [queue_elements.cpp:46] [~BaseQueueElement] Queue element PullQEl_hw_read0yolo26n/conv80 has 0 frames in his Queue on destruction
[2026-09-08 19:49:14.168] [96598] [HailoRT] [info] [queue_elements.cpp:68] [operator()] Thread in element UserBuffQEl0yolo26n/conv80 is not running anymore, exiting..
[2026-09-08 19:49:14.168] [96555] [HailoRT] [info] [queue_elements.cpp:46] [~BaseQueueElement] Queue element UserBuffQEl0yolo26n/conv80 has 0 frames in his Queue on destruction
[2026-09-08 19:49:14.168] [96601] [HailoRT] [info] [queue_elements.cpp:855] [run_in_thread] Shutdown event was signaled in dequeue of UserBuffQEl3yolo26n/conv91!
[2026-09-08 19:49:14.168] [96599] [HailoRT] [info] [queue_elements.cpp:734] [run_in_thread] Shutdown event was signaled in run_pull of queue element PullQEl_hw_read3yolo26n/conv91!
[2026-09-08 19:49:14.168] [96599] [HailoRT] [info] [queue_elements.cpp:68] [operator()] Thread in element PullQEl_hw_read3yolo26n/conv91 is not running anymore, exiting..
[2026-09-08 19:49:14.168] [96555] [HailoRT] [info] [queue_elements.cpp:46] [~BaseQueueElement] Queue element PullQEl_hw_read3yolo26n/conv91 has 0 frames in his Queue on destruction
[2026-09-08 19:49:14.168] [96601] [HailoRT] [info] [queue_elements.cpp:68] [operator()] Thread in element UserBuffQEl3yolo26n/conv91 is not running anymore, exiting..
[2026-09-08 19:49:14.168] [96555] [HailoRT] [info] [queue_elements.cpp:46] [~BaseQueueElement] Queue element UserBuffQEl3yolo26n/conv91 has 0 frames in his Queue on destruction
[2026-09-08 19:49:14.168] [96603] [HailoRT] [info] [queue_elements.cpp:855] [run_in_thread] Shutdown event was signaled in dequeue of UserBuffQEl0yolo26n/conv94!
[2026-09-08 19:49:14.168] [96602] [HailoRT] [info] [queue_elements.cpp:734] [run_in_thread] Shutdown event was signaled in run_pull of queue element PullQEl_hw_read0yolo26n/conv94!
[2026-09-08 19:49:14.169] [96602] [HailoRT] [info] [queue_elements.cpp:68] [operator()] Thread in element PullQEl_hw_read0yolo26n/conv94 is not running anymore, exiting..
[2026-09-08 19:49:14.169] [96555] [HailoRT] [info] [queue_elements.cpp:46] [~BaseQueueElement] Queue element PullQEl_hw_read0yolo26n/conv94 has 0 frames in his Queue on destruction
[2026-09-08 19:49:14.169] [96603] [HailoRT] [info] [queue_elements.cpp:68] [operator()] Thread in element UserBuffQEl0yolo26n/conv94 is not running anymore, exiting..
[2026-09-08 19:49:14.169] [96555] [HailoRT] [info] [queue_elements.cpp:46] [~BaseQueueElement] Queue element UserBuffQEl0yolo26n/conv94 has 0 frames in his Queue on destruction
[2026-09-08 19:50:09.506] [98805] [HailoRT] [info] [vdevice.cpp:535] [create] Creating vdevice with params: device_count: 1, scheduling_algorithm: NONE, multi_process_service: false
[2026-09-08 19:50:09.518] [98805] [HailoRT] [info] [device.cpp:51] [Device] OS Version: Linux 6.18.39+rpt-rpi-2712 #1 SMP PREEMPT Debian 1:6.18.39-1+rpt1 (2026-07-29) aarch64
[2026-09-08 19:50:09.519] [98805] [HailoRT] [info] [control.cpp:113] [control__parse_identify_results] firmware_version is: 4.23.0
[2026-09-08 19:50:09.519] [98805] [HailoRT] [info] [vdevice.cpp:682] [create] VDevice Infos: 0001:01:00.0
[2026-09-08 19:50:09.525] [98805] [HailoRT] [info] [internal_buffer_manager.cpp:77] [print_execution_results] Planned internal buffer memory: CMA=0 CMA-Desc=917504 Pinned=2956800. memory to edge layer usage factor is 0.9621793
[2026-09-08 19:50:09.525] [98805] [HailoRT] [info] [internal_buffer_manager.cpp:86] [print_execution_results] Default Internal buffer planner executed successfully
[2026-09-08 19:50:09.557] [98805] [HailoRT] [info] [device_internal.cpp:57] [configure] Configuring HEF took 38.253649 milliseconds
[2026-09-08 19:50:09.557] [98805] [HailoRT] [info] [vdevice.cpp:780] [configure] Configuring HEF on VDevice took 38.59873 milliseconds
[2026-09-08 19:50:09.557] [98805] [HailoRT] [info] [hef.cpp:1994] [get_network_group_and_network_name] No name was given. Addressing all networks of default network_group: yolo26n
[2026-09-08 19:50:09.557] [98805] [HailoRT] [info] [hef.cpp:1994] [get_network_group_and_network_name] No name was given. Addressing all networks of default network_group: yolo26n
[2026-09-08 19:50:09.558] [98805] [HailoRT] [info] [edge_elements.cpp:52] [create] Created (HwWriteEl2yolo26n/input_layer1 | hw_frame_size: 2211840)
[2026-09-08 19:50:09.558] [98805] [HailoRT] [info] [vstream.cpp:754] [InputVStreamImpl] Creating yolo26n/input_layer1...
[2026-09-08 19:50:09.558] [98805] [HailoRT] [info] [vstream_builder.cpp:102] [create_inputs] Input pipeline 'yolo26n/input_layer1': (HwWriteEl2yolo26n/input_layer1 | hw_frame_size: 2211840) >> HW
[2026-09-08 19:50:09.558] [98805] [HailoRT] [info] [edge_elements.cpp:287] [create] Created (HwReadEl3yolo26n/conv61 | hw_frame_size: 92160)
[2026-09-08 19:50:09.558] [98805] [HailoRT] [info] [queue_elements.cpp:657] [create] Created (PullQEl_hw_read3yolo26n/conv61)
[2026-09-08 19:50:09.558] [98805] [HailoRT] [info] [filter_elements.cpp:372] [create] Created (PostInferEl3yolo26n/conv61 | Quantization - src_type: UINT16, dst_type FLOAT32, limvals_min: -0.881752, limvals_max: 6.27869)
[2026-09-08 19:50:09.558] [98805] [HailoRT] [info] [queue_elements.cpp:800] [create] Created (UserBuffQEl3yolo26n/conv61 | timeout: 10s)
[2026-09-08 19:50:09.558] [98805] [HailoRT] [info] [vstream.cpp:1114] [OutputVStreamImpl] Creating yolo26n/conv61...
[2026-09-08 19:50:09.558] [98805] [HailoRT] [info] [vstream_builder.cpp:220] [create_outputs] Output pipeline 'yolo26n/conv61': HW >> (HwReadEl3yolo26n/conv61 | hw_frame_size: 92160) >> (PullQEl_hw_read3yolo26n/conv61) >> (PostInferEl3yolo26n/conv61 | Quantization - src_type: UINT16, dst_type FLOAT32, limvals_min: -0.881752, limvals_max: 6.27869) >> (UserBuffQEl3yolo26n/conv61 | timeout: 10s)
[2026-09-08 19:50:09.558] [98805] [HailoRT] [info] [edge_elements.cpp:287] [create] Created (HwReadEl2yolo26n/conv64 | hw_frame_size: 23040)
[2026-09-08 19:50:09.558] [98805] [HailoRT] [info] [queue_elements.cpp:657] [create] Created (PullQEl_hw_read2yolo26n/conv64)
[2026-09-08 19:50:09.558] [98805] [HailoRT] [info] [filter_elements.cpp:372] [create] Created (PostInferEl2yolo26n/conv64 | Quantization - src_type: UINT16, dst_type FLOAT32, limvals_min: -164.817, limvals_max: 3.19963)
[2026-09-08 19:50:09.558] [98805] [HailoRT] [info] [queue_elements.cpp:800] [create] Created (UserBuffQEl2yolo26n/conv64 | timeout: 10s)
[2026-09-08 19:50:09.558] [98805] [HailoRT] [info] [vstream.cpp:1114] [OutputVStreamImpl] Creating yolo26n/conv64...
[2026-09-08 19:50:09.558] [98805] [HailoRT] [info] [vstream_builder.cpp:220] [create_outputs] Output pipeline 'yolo26n/conv64': HW >> (HwReadEl2yolo26n/conv64 | hw_frame_size: 23040) >> (PullQEl_hw_read2yolo26n/conv64) >> (PostInferEl2yolo26n/conv64 | Quantization - src_type: UINT16, dst_type FLOAT32, limvals_min: -164.817, limvals_max: 3.19963) >> (UserBuffQEl2yolo26n/conv64 | timeout: 10s)
[2026-09-08 19:50:09.558] [98805] [HailoRT] [info] [edge_elements.cpp:287] [create] Created (HwReadEl2yolo26n/conv77 | hw_frame_size: 23040)
[2026-09-08 19:50:09.558] [98805] [HailoRT] [info] [queue_elements.cpp:657] [create] Created (PullQEl_hw_read2yolo26n/conv77)
[2026-09-08 19:50:09.558] [98805] [HailoRT] [info] [filter_elements.cpp:372] [create] Created (PostInferEl2yolo26n/conv77 | Quantization - src_type: UINT16, dst_type FLOAT32, limvals_min: -0.67052, limvals_max: 17.2357)
[2026-09-08 19:50:09.558] [98805] [HailoRT] [info] [queue_elements.cpp:800] [create] Created (UserBuffQEl2yolo26n/conv77 | timeout: 10s)
[2026-09-08 19:50:09.558] [98805] [HailoRT] [info] [vstream.cpp:1114] [OutputVStreamImpl] Creating yolo26n/conv77...
[2026-09-08 19:50:09.558] [98805] [HailoRT] [info] [vstream_builder.cpp:220] [create_outputs] Output pipeline 'yolo26n/conv77': HW >> (HwReadEl2yolo26n/conv77 | hw_frame_size: 23040) >> (PullQEl_hw_read2yolo26n/conv77) >> (PostInferEl2yolo26n/conv77 | Quantization - src_type: UINT16, dst_type FLOAT32, limvals_min: -0.67052, limvals_max: 17.2357) >> (UserBuffQEl2yolo26n/conv77 | timeout: 10s)
[2026-09-08 19:50:09.558] [98805] [HailoRT] [info] [edge_elements.cpp:287] [create] Created (HwReadEl0yolo26n/conv80 | hw_frame_size: 5760)
[2026-09-08 19:50:09.559] [98805] [HailoRT] [info] [queue_elements.cpp:657] [create] Created (PullQEl_hw_read0yolo26n/conv80)
[2026-09-08 19:50:09.559] [98805] [HailoRT] [info] [filter_elements.cpp:372] [create] Created (PostInferEl0yolo26n/conv80 | Quantization - src_type: UINT16, dst_type FLOAT32, limvals_min: -67.4827, limvals_max: 0)
[2026-09-08 19:50:09.559] [98805] [HailoRT] [info] [queue_elements.cpp:800] [create] Created (UserBuffQEl0yolo26n/conv80 | timeout: 10s)
[2026-09-08 19:50:09.559] [98805] [HailoRT] [info] [vstream.cpp:1114] [OutputVStreamImpl] Creating yolo26n/conv80...
[2026-09-08 19:50:09.559] [98805] [HailoRT] [info] [vstream_builder.cpp:220] [create_outputs] Output pipeline 'yolo26n/conv80': HW >> (HwReadEl0yolo26n/conv80 | hw_frame_size: 5760) >> (PullQEl_hw_read0yolo26n/conv80) >> (PostInferEl0yolo26n/conv80 | Quantization - src_type: UINT16, dst_type FLOAT32, limvals_min: -67.4827, limvals_max: 0) >> (UserBuffQEl0yolo26n/conv80 | timeout: 10s)
[2026-09-08 19:50:09.559] [98805] [HailoRT] [info] [edge_elements.cpp:287] [create] Created (HwReadEl3yolo26n/conv91 | hw_frame_size: 11520)
[2026-09-08 19:50:09.559] [98805] [HailoRT] [info] [queue_elements.cpp:657] [create] Created (PullQEl_hw_read3yolo26n/conv91)
[2026-09-08 19:50:09.559] [98805] [HailoRT] [info] [filter_elements.cpp:372] [create] Created (PostInferEl3yolo26n/conv91 | Quantization - src_type: UINT16, dst_type FLOAT32, limvals_min: 0, limvals_max: 8.46146 | Reorder - src_order: FCR, src_shape: (20, 36, 8), dst_order: FCR, dst_shape: (20, 36, 4))
[2026-09-08 19:50:09.559] [98805] [HailoRT] [info] [queue_elements.cpp:800] [create] Created (UserBuffQEl3yolo26n/conv91 | timeout: 10s)
[2026-09-08 19:50:09.559] [98805] [HailoRT] [info] [vstream.cpp:1114] [OutputVStreamImpl] Creating yolo26n/conv91...
[2026-09-08 19:50:09.559] [98805] [HailoRT] [info] [vstream_builder.cpp:220] [create_outputs] Output pipeline 'yolo26n/conv91': HW >> (HwReadEl3yolo26n/conv91 | hw_frame_size: 11520) >> (PullQEl_hw_read3yolo26n/conv91) >> (PostInferEl3yolo26n/conv91 | Quantization - src_type: UINT16, dst_type FLOAT32, limvals_min: 0, limvals_max: 8.46146 | Reorder - src_order: FCR, src_shape: (20, 36, 8), dst_order: FCR, dst_shape: (20, 36, 4)) >> (UserBuffQEl3yolo26n/conv91 | timeout: 10s)
[2026-09-08 19:50:09.559] [98805] [HailoRT] [info] [edge_elements.cpp:287] [create] Created (HwReadEl0yolo26n/conv94 | hw_frame_size: 11520)
[2026-09-08 19:50:09.559] [98805] [HailoRT] [info] [queue_elements.cpp:657] [create] Created (PullQEl_hw_read0yolo26n/conv94)
[2026-09-08 19:50:09.559] [98805] [HailoRT] [info] [filter_elements.cpp:372] [create] Created (PostInferEl0yolo26n/conv94 | Quantization - src_type: UINT16, dst_type FLOAT32, limvals_min: -64.0772, limvals_max: 0 | Reorder - src_order: FCR, src_shape: (20, 36, 8), dst_order: FCR, dst_shape: (20, 36, 1))
[2026-09-08 19:50:09.559] [98805] [HailoRT] [info] [queue_elements.cpp:800] [create] Created (UserBuffQEl0yolo26n/conv94 | timeout: 10s)
[2026-09-08 19:50:09.559] [98805] [HailoRT] [info] [vstream.cpp:1114] [OutputVStreamImpl] Creating yolo26n/conv94...
[2026-09-08 19:50:09.559] [98805] [HailoRT] [info] [vstream_builder.cpp:220] [create_outputs] Output pipeline 'yolo26n/conv94': HW >> (HwReadEl0yolo26n/conv94 | hw_frame_size: 11520) >> (PullQEl_hw_read0yolo26n/conv94) >> (PostInferEl0yolo26n/conv94 | Quantization - src_type: UINT16, dst_type FLOAT32, limvals_min: -64.0772, limvals_max: 0 | Reorder - src_order: FCR, src_shape: (20, 36, 8), dst_order: FCR, dst_shape: (20, 36, 1)) >> (UserBuffQEl0yolo26n/conv94 | timeout: 10s)
[2026-09-08 19:50:09.560] [98805] [HailoRT] [info] [core_op.cpp:156] [activate] Activating yolo26n took 0.551776 milliseconds. Note that the function is asynchronous and thus the network is not fully activated yet.
[2026-09-08 19:50:09.560] [98805] [HailoRT] [info] [core_op.cpp:156] [activate] Activating yolo26n took 0.566628 milliseconds. Note that the function is asynchronous and thus the network is not fully activated yet.
[2026-09-08 19:50:19.476] [98840] [HailoRT] [info] [vdevice_native_stream.cpp:331] [read_impl] Failed read from stream HAILO_STREAM_NOT_ACTIVATED(72) (device: 0001:01:00.0)
[2026-09-08 19:50:19.476] [98842] [HailoRT] [info] [vdevice_native_stream.cpp:331] [read_impl] Failed read from stream HAILO_STREAM_NOT_ACTIVATED(72) (device: 0001:01:00.0)
[2026-09-08 19:50:19.476] [98852] [HailoRT] [info] [vdevice_native_stream.cpp:331] [read_impl] Failed read from stream HAILO_STREAM_NOT_ACTIVATED(72) (device: 0001:01:00.0)
[2026-09-08 19:50:19.476] [98847] [HailoRT] [info] [vdevice_native_stream.cpp:331] [read_impl] Failed read from stream HAILO_STREAM_NOT_ACTIVATED(72) (device: 0001:01:00.0)
[2026-09-08 19:50:19.476] [98850] [HailoRT] [info] [vdevice_native_stream.cpp:331] [read_impl] Failed read from stream HAILO_STREAM_NOT_ACTIVATED(72) (device: 0001:01:00.0)
[2026-09-08 19:50:19.476] [98844] [HailoRT] [info] [vdevice_native_stream.cpp:331] [read_impl] Failed read from stream HAILO_STREAM_NOT_ACTIVATED(72) (device: 0001:01:00.0)
[2026-09-08 19:50:19.477] [98805] [HailoRT] [info] [core_op.cpp:186] [deactivate] Deactivating took 0.505464 ms
[2026-09-08 19:50:19.477] [98805] [HailoRT] [info] [core_op.cpp:186] [deactivate] Deactivating took 0.521296 ms
[2026-09-08 19:50:19.477] [98840] [HailoRT] [info] [queue_elements.cpp:734] [run_in_thread] Shutdown event was signaled in run_pull of queue element PullQEl_hw_read3yolo26n/conv61!
[2026-09-08 19:50:19.477] [98841] [HailoRT] [info] [queue_elements.cpp:855] [run_in_thread] Shutdown event was signaled in dequeue of UserBuffQEl3yolo26n/conv61!
[2026-09-08 19:50:19.477] [98840] [HailoRT] [info] [queue_elements.cpp:68] [operator()] Thread in element PullQEl_hw_read3yolo26n/conv61 is not running anymore, exiting..
[2026-09-08 19:50:19.477] [98805] [HailoRT] [info] [queue_elements.cpp:46] [~BaseQueueElement] Queue element PullQEl_hw_read3yolo26n/conv61 has 0 frames in his Queue on destruction
[2026-09-08 19:50:19.477] [98841] [HailoRT] [info] [queue_elements.cpp:68] [operator()] Thread in element UserBuffQEl3yolo26n/conv61 is not running anymore, exiting..
[2026-09-08 19:50:19.477] [98805] [HailoRT] [info] [queue_elements.cpp:46] [~BaseQueueElement] Queue element UserBuffQEl3yolo26n/conv61 has 0 frames in his Queue on destruction
[2026-09-08 19:50:19.477] [98842] [HailoRT] [info] [queue_elements.cpp:734] [run_in_thread] Shutdown event was signaled in run_pull of queue element PullQEl_hw_read2yolo26n/conv64!
[2026-09-08 19:50:19.477] [98843] [HailoRT] [info] [queue_elements.cpp:855] [run_in_thread] Shutdown event was signaled in dequeue of UserBuffQEl2yolo26n/conv64!
[2026-09-08 19:50:19.477] [98842] [HailoRT] [info] [queue_elements.cpp:68] [operator()] Thread in element PullQEl_hw_read2yolo26n/conv64 is not running anymore, exiting..
[2026-09-08 19:50:19.477] [98805] [HailoRT] [info] [queue_elements.cpp:46] [~BaseQueueElement] Queue element PullQEl_hw_read2yolo26n/conv64 has 0 frames in his Queue on destruction
[2026-09-08 19:50:19.477] [98843] [HailoRT] [info] [queue_elements.cpp:68] [operator()] Thread in element UserBuffQEl2yolo26n/conv64 is not running anymore, exiting..
[2026-09-08 19:50:19.477] [98805] [HailoRT] [info] [queue_elements.cpp:46] [~BaseQueueElement] Queue element UserBuffQEl2yolo26n/conv64 has 0 frames in his Queue on destruction
[2026-09-08 19:50:19.477] [98845] [HailoRT] [info] [queue_elements.cpp:855] [run_in_thread] Shutdown event was signaled in dequeue of UserBuffQEl2yolo26n/conv77!
[2026-09-08 19:50:19.477] [98844] [HailoRT] [info] [queue_elements.cpp:734] [run_in_thread] Shutdown event was signaled in run_pull of queue element PullQEl_hw_read2yolo26n/conv77!
[2026-09-08 19:50:19.477] [98844] [HailoRT] [info] [queue_elements.cpp:68] [operator()] Thread in element PullQEl_hw_read2yolo26n/conv77 is not running anymore, exiting..
[2026-09-08 19:50:19.477] [98805] [HailoRT] [info] [queue_elements.cpp:46] [~BaseQueueElement] Queue element PullQEl_hw_read2yolo26n/conv77 has 0 frames in his Queue on destruction
[2026-09-08 19:50:19.480] [98845] [HailoRT] [info] [queue_elements.cpp:68] [operator()] Thread in element UserBuffQEl2yolo26n/conv77 is not running anymore, exiting..
[2026-09-08 19:50:19.480] [98805] [HailoRT] [info] [queue_elements.cpp:46] [~BaseQueueElement] Queue element UserBuffQEl2yolo26n/conv77 has 0 frames in his Queue on destruction
[2026-09-08 19:50:19.480] [98847] [HailoRT] [info] [queue_elements.cpp:734] [run_in_thread] Shutdown event was signaled in run_pull of queue element PullQEl_hw_read0yolo26n/conv80!
[2026-09-08 19:50:19.480] [98848] [HailoRT] [info] [queue_elements.cpp:855] [run_in_thread] Shutdown event was signaled in dequeue of UserBuffQEl0yolo26n/conv80!
[2026-09-08 19:50:19.480] [98847] [HailoRT] [info] [queue_elements.cpp:68] [operator()] Thread in element PullQEl_hw_read0yolo26n/conv80 is not running anymore, exiting..
[2026-09-08 19:50:19.480] [98805] [HailoRT] [info] [queue_elements.cpp:46] [~BaseQueueElement] Queue element PullQEl_hw_read0yolo26n/conv80 has 0 frames in his Queue on destruction
[2026-09-08 19:50:19.480] [98848] [HailoRT] [info] [queue_elements.cpp:68] [operator()] Thread in element UserBuffQEl0yolo26n/conv80 is not running anymore, exiting..
[2026-09-08 19:50:19.480] [98805] [HailoRT] [info] [queue_elements.cpp:46] [~BaseQueueElement] Queue element UserBuffQEl0yolo26n/conv80 has 0 frames in his Queue on destruction
[2026-09-08 19:50:19.480] [98851] [HailoRT] [info] [queue_elements.cpp:855] [run_in_thread] Shutdown event was signaled in dequeue of UserBuffQEl3yolo26n/conv91!
[2026-09-08 19:50:19.480] [98850] [HailoRT] [info] [queue_elements.cpp:734] [run_in_thread] Shutdown event was signaled in run_pull of queue element PullQEl_hw_read3yolo26n/conv91!
[2026-09-08 19:50:19.480] [98850] [HailoRT] [info] [queue_elements.cpp:68] [operator()] Thread in element PullQEl_hw_read3yolo26n/conv91 is not running anymore, exiting..
[2026-09-08 19:50:19.480] [98805] [HailoRT] [info] [queue_elements.cpp:46] [~BaseQueueElement] Queue element PullQEl_hw_read3yolo26n/conv91 has 0 frames in his Queue on destruction
[2026-09-08 19:50:19.480] [98851] [HailoRT] [info] [queue_elements.cpp:68] [operator()] Thread in element UserBuffQEl3yolo26n/conv91 is not running anymore, exiting..
[2026-09-08 19:50:19.480] [98805] [HailoRT] [info] [queue_elements.cpp:46] [~BaseQueueElement] Queue element UserBuffQEl3yolo26n/conv91 has 0 frames in his Queue on destruction
[2026-09-08 19:50:19.480] [98852] [HailoRT] [info] [queue_elements.cpp:734] [run_in_thread] Shutdown event was signaled in run_pull of queue element PullQEl_hw_read0yolo26n/conv94!
[2026-09-08 19:50:19.480] [98853] [HailoRT] [info] [queue_elements.cpp:855] [run_in_thread] Shutdown event was signaled in dequeue of UserBuffQEl0yolo26n/conv94!
[2026-09-08 19:50:19.481] [98852] [HailoRT] [info] [queue_elements.cpp:68] [operator()] Thread in element PullQEl_hw_read0yolo26n/conv94 is not running anymore, exiting..
[2026-09-08 19:50:19.481] [98805] [HailoRT] [info] [queue_elements.cpp:46] [~BaseQueueElement] Queue element PullQEl_hw_read0yolo26n/conv94 has 0 frames in his Queue on destruction
[2026-09-08 19:50:19.481] [98853] [HailoRT] [info] [queue_elements.cpp:68] [operator()] Thread in element UserBuffQEl0yolo26n/conv94 is not running anymore, exiting..
[2026-09-08 19:50:19.481] [98805] [HailoRT] [info] [queue_elements.cpp:46] [~BaseQueueElement] Queue element UserBuffQEl0yolo26n/conv94 has 0 frames in his Queue on destruction
[2026-09-08 19:52:41.079] [100146] [HailoRT] [error] [file_utils.cpp:124] [open] CHECK failed - Failed opening file, path: modelo.hef
[2026-09-08 19:52:41.079] [100146] [HailoRT] [error] [hef.cpp:560] [parse_hef_file] CHECK_SUCCESS failed with status=HAILO_OPEN_FILE_FAILURE(13)
[2026-09-08 19:52:41.079] [100146] [HailoRT] [error] [hef.cpp:1060] [Impl] Failed parsing HEF file
[2026-09-08 19:52:41.079] [100146] [HailoRT] [error] [hef.cpp:333] [create] Failed creating HEF
[2026-09-08 19:52:41.079] [100146] [HailoRT] [error] [hef.cpp:168] [create] CHECK_SUCCESS failed with status=HAILO_OPEN_FILE_FAILURE(13)
[2026-09-08 19:53:17.478] [100235] [HailoRT] [info] [vdevice.cpp:535] [create] Creating vdevice with params: device_count: 1, scheduling_algorithm: NONE, multi_process_service: false
[2026-09-08 19:53:17.490] [100235] [HailoRT] [info] [device.cpp:51] [Device] OS Version: Linux 6.18.39+rpt-rpi-2712 #1 SMP PREEMPT Debian 1:6.18.39-1+rpt1 (2026-07-29) aarch64
[2026-09-08 19:53:17.490] [100235] [HailoRT] [info] [control.cpp:113] [control__parse_identify_results] firmware_version is: 4.23.0
[2026-09-08 19:53:17.490] [100235] [HailoRT] [info] [vdevice.cpp:682] [create] VDevice Infos: 0001:01:00.0
[2026-09-08 19:53:17.497] [100235] [HailoRT] [info] [internal_buffer_manager.cpp:77] [print_execution_results] Planned internal buffer memory: CMA=0 CMA-Desc=917504 Pinned=2956800. memory to edge layer usage factor is 0.9621793
[2026-09-08 19:53:17.497] [100235] [HailoRT] [info] [internal_buffer_manager.cpp:86] [print_execution_results] Default Internal buffer planner executed successfully
[2026-09-08 19:53:17.531] [100235] [HailoRT] [info] [device_internal.cpp:57] [configure] Configuring HEF took 40.714925 milliseconds
[2026-09-08 19:53:17.532] [100235] [HailoRT] [info] [vdevice.cpp:780] [configure] Configuring HEF on VDevice took 41.024085 milliseconds
[2026-09-08 19:53:17.532] [100235] [HailoRT] [info] [hef.cpp:1994] [get_network_group_and_network_name] No name was given. Addressing all networks of default network_group: yolo26n
[2026-09-08 19:53:17.532] [100235] [HailoRT] [info] [hef.cpp:1994] [get_network_group_and_network_name] No name was given. Addressing all networks of default network_group: yolo26n
[2026-09-08 19:53:17.532] [100235] [HailoRT] [info] [edge_elements.cpp:52] [create] Created (HwWriteEl2yolo26n/input_layer1 | hw_frame_size: 2211840)
[2026-09-08 19:53:17.532] [100235] [HailoRT] [info] [vstream.cpp:754] [InputVStreamImpl] Creating yolo26n/input_layer1...
[2026-09-08 19:53:17.532] [100235] [HailoRT] [info] [vstream_builder.cpp:102] [create_inputs] Input pipeline 'yolo26n/input_layer1': (HwWriteEl2yolo26n/input_layer1 | hw_frame_size: 2211840) >> HW
[2026-09-08 19:53:17.532] [100235] [HailoRT] [info] [edge_elements.cpp:287] [create] Created (HwReadEl3yolo26n/conv61 | hw_frame_size: 92160)
[2026-09-08 19:53:17.532] [100235] [HailoRT] [info] [queue_elements.cpp:657] [create] Created (PullQEl_hw_read3yolo26n/conv61)
[2026-09-08 19:53:17.532] [100235] [HailoRT] [info] [filter_elements.cpp:372] [create] Created (PostInferEl3yolo26n/conv61 | Quantization - src_type: UINT16, dst_type FLOAT32, limvals_min: -0.881752, limvals_max: 6.27869)
[2026-09-08 19:53:17.532] [100235] [HailoRT] [info] [queue_elements.cpp:800] [create] Created (UserBuffQEl3yolo26n/conv61 | timeout: 10s)
[2026-09-08 19:53:17.532] [100235] [HailoRT] [info] [vstream.cpp:1114] [OutputVStreamImpl] Creating yolo26n/conv61...
[2026-09-08 19:53:17.532] [100235] [HailoRT] [info] [vstream_builder.cpp:220] [create_outputs] Output pipeline 'yolo26n/conv61': HW >> (HwReadEl3yolo26n/conv61 | hw_frame_size: 92160) >> (PullQEl_hw_read3yolo26n/conv61) >> (PostInferEl3yolo26n/conv61 | Quantization - src_type: UINT16, dst_type FLOAT32, limvals_min: -0.881752, limvals_max: 6.27869) >> (UserBuffQEl3yolo26n/conv61 | timeout: 10s)
[2026-09-08 19:53:17.532] [100235] [HailoRT] [info] [edge_elements.cpp:287] [create] Created (HwReadEl2yolo26n/conv64 | hw_frame_size: 23040)
[2026-09-08 19:53:17.532] [100235] [HailoRT] [info] [queue_elements.cpp:657] [create] Created (PullQEl_hw_read2yolo26n/conv64)
[2026-09-08 19:53:17.532] [100235] [HailoRT] [info] [filter_elements.cpp:372] [create] Created (PostInferEl2yolo26n/conv64 | Quantization - src_type: UINT16, dst_type FLOAT32, limvals_min: -164.817, limvals_max: 3.19963)
[2026-09-08 19:53:17.532] [100235] [HailoRT] [info] [queue_elements.cpp:800] [create] Created (UserBuffQEl2yolo26n/conv64 | timeout: 10s)
[2026-09-08 19:53:17.532] [100235] [HailoRT] [info] [vstream.cpp:1114] [OutputVStreamImpl] Creating yolo26n/conv64...
[2026-09-08 19:53:17.532] [100235] [HailoRT] [info] [vstream_builder.cpp:220] [create_outputs] Output pipeline 'yolo26n/conv64': HW >> (HwReadEl2yolo26n/conv64 | hw_frame_size: 23040) >> (PullQEl_hw_read2yolo26n/conv64) >> (PostInferEl2yolo26n/conv64 | Quantization - src_type: UINT16, dst_type FLOAT32, limvals_min: -164.817, limvals_max: 3.19963) >> (UserBuffQEl2yolo26n/conv64 | timeout: 10s)
[2026-09-08 19:53:17.532] [100235] [HailoRT] [info] [edge_elements.cpp:287] [create] Created (HwReadEl2yolo26n/conv77 | hw_frame_size: 23040)
[2026-09-08 19:53:17.532] [100235] [HailoRT] [info] [queue_elements.cpp:657] [create] Created (PullQEl_hw_read2yolo26n/conv77)
[2026-09-08 19:53:17.532] [100235] [HailoRT] [info] [filter_elements.cpp:372] [create] Created (PostInferEl2yolo26n/conv77 | Quantization - src_type: UINT16, dst_type FLOAT32, limvals_min: -0.67052, limvals_max: 17.2357)
[2026-09-08 19:53:17.532] [100235] [HailoRT] [info] [queue_elements.cpp:800] [create] Created (UserBuffQEl2yolo26n/conv77 | timeout: 10s)
[2026-09-08 19:53:17.532] [100235] [HailoRT] [info] [vstream.cpp:1114] [OutputVStreamImpl] Creating yolo26n/conv77...
[2026-09-08 19:53:17.532] [100235] [HailoRT] [info] [vstream_builder.cpp:220] [create_outputs] Output pipeline 'yolo26n/conv77': HW >> (HwReadEl2yolo26n/conv77 | hw_frame_size: 23040) >> (PullQEl_hw_read2yolo26n/conv77) >> (PostInferEl2yolo26n/conv77 | Quantization - src_type: UINT16, dst_type FLOAT32, limvals_min: -0.67052, limvals_max: 17.2357) >> (UserBuffQEl2yolo26n/conv77 | timeout: 10s)
[2026-09-08 19:53:17.533] [100235] [HailoRT] [info] [edge_elements.cpp:287] [create] Created (HwReadEl0yolo26n/conv80 | hw_frame_size: 5760)
[2026-09-08 19:53:17.533] [100235] [HailoRT] [info] [queue_elements.cpp:657] [create] Created (PullQEl_hw_read0yolo26n/conv80)
[2026-09-08 19:53:17.533] [100235] [HailoRT] [info] [filter_elements.cpp:372] [create] Created (PostInferEl0yolo26n/conv80 | Quantization - src_type: UINT16, dst_type FLOAT32, limvals_min: -67.4827, limvals_max: 0)
[2026-09-08 19:53:17.533] [100235] [HailoRT] [info] [queue_elements.cpp:800] [create] Created (UserBuffQEl0yolo26n/conv80 | timeout: 10s)
[2026-09-08 19:53:17.533] [100235] [HailoRT] [info] [vstream.cpp:1114] [OutputVStreamImpl] Creating yolo26n/conv80...
[2026-09-08 19:53:17.533] [100235] [HailoRT] [info] [vstream_builder.cpp:220] [create_outputs] Output pipeline 'yolo26n/conv80': HW >> (HwReadEl0yolo26n/conv80 | hw_frame_size: 5760) >> (PullQEl_hw_read0yolo26n/conv80) >> (PostInferEl0yolo26n/conv80 | Quantization - src_type: UINT16, dst_type FLOAT32, limvals_min: -67.4827, limvals_max: 0) >> (UserBuffQEl0yolo26n/conv80 | timeout: 10s)
[2026-09-08 19:53:17.533] [100235] [HailoRT] [info] [edge_elements.cpp:287] [create] Created (HwReadEl3yolo26n/conv91 | hw_frame_size: 11520)
[2026-09-08 19:53:17.533] [100235] [HailoRT] [info] [queue_elements.cpp:657] [create] Created (PullQEl_hw_read3yolo26n/conv91)
[2026-09-08 19:53:17.533] [100235] [HailoRT] [info] [filter_elements.cpp:372] [create] Created (PostInferEl3yolo26n/conv91 | Quantization - src_type: UINT16, dst_type FLOAT32, limvals_min: 0, limvals_max: 8.46146 | Reorder - src_order: FCR, src_shape: (20, 36, 8), dst_order: FCR, dst_shape: (20, 36, 4))
[2026-09-08 19:53:17.533] [100235] [HailoRT] [info] [queue_elements.cpp:800] [create] Created (UserBuffQEl3yolo26n/conv91 | timeout: 10s)
[2026-09-08 19:53:17.533] [100235] [HailoRT] [info] [vstream.cpp:1114] [OutputVStreamImpl] Creating yolo26n/conv91...
[2026-09-08 19:53:17.533] [100235] [HailoRT] [info] [vstream_builder.cpp:220] [create_outputs] Output pipeline 'yolo26n/conv91': HW >> (HwReadEl3yolo26n/conv91 | hw_frame_size: 11520) >> (PullQEl_hw_read3yolo26n/conv91) >> (PostInferEl3yolo26n/conv91 | Quantization - src_type: UINT16, dst_type FLOAT32, limvals_min: 0, limvals_max: 8.46146 | Reorder - src_order: FCR, src_shape: (20, 36, 8), dst_order: FCR, dst_shape: (20, 36, 4)) >> (UserBuffQEl3yolo26n/conv91 | timeout: 10s)
[2026-09-08 19:53:17.533] [100235] [HailoRT] [info] [edge_elements.cpp:287] [create] Created (HwReadEl0yolo26n/conv94 | hw_frame_size: 11520)
[2026-09-08 19:53:17.533] [100235] [HailoRT] [info] [queue_elements.cpp:657] [create] Created (PullQEl_hw_read0yolo26n/conv94)
[2026-09-08 19:53:17.533] [100235] [HailoRT] [info] [filter_elements.cpp:372] [create] Created (PostInferEl0yolo26n/conv94 | Quantization - src_type: UINT16, dst_type FLOAT32, limvals_min: -64.0772, limvals_max: 0 | Reorder - src_order: FCR, src_shape: (20, 36, 8), dst_order: FCR, dst_shape: (20, 36, 1))
[2026-09-08 19:53:17.533] [100235] [HailoRT] [info] [queue_elements.cpp:800] [create] Created (UserBuffQEl0yolo26n/conv94 | timeout: 10s)
[2026-09-08 19:53:17.533] [100235] [HailoRT] [info] [vstream.cpp:1114] [OutputVStreamImpl] Creating yolo26n/conv94...
[2026-09-08 19:53:17.533] [100235] [HailoRT] [info] [vstream_builder.cpp:220] [create_outputs] Output pipeline 'yolo26n/conv94': HW >> (HwReadEl0yolo26n/conv94 | hw_frame_size: 11520) >> (PullQEl_hw_read0yolo26n/conv94) >> (PostInferEl0yolo26n/conv94 | Quantization - src_type: UINT16, dst_type FLOAT32, limvals_min: -64.0772, limvals_max: 0 | Reorder - src_order: FCR, src_shape: (20, 36, 8), dst_order: FCR, dst_shape: (20, 36, 1)) >> (UserBuffQEl0yolo26n/conv94 | timeout: 10s)
[2026-09-08 19:53:17.534] [100235] [HailoRT] [info] [core_op.cpp:156] [activate] Activating yolo26n took 0.511931 milliseconds. Note that the function is asynchronous and thus the network is not fully activated yet.
[2026-09-08 19:53:17.534] [100235] [HailoRT] [info] [core_op.cpp:156] [activate] Activating yolo26n took 0.52569 milliseconds. Note that the function is asynchronous and thus the network is not fully activated yet.
[2026-09-08 20:03:06.269] [106727] [HailoRT] [error] [file_utils.cpp:124] [open] CHECK failed - Failed opening file, path: yolov26n_coco.hef
[2026-09-08 20:03:06.269] [106727] [HailoRT] [error] [hef.cpp:560] [parse_hef_file] CHECK_SUCCESS failed with status=HAILO_OPEN_FILE_FAILURE(13)
[2026-09-08 20:03:06.269] [106727] [HailoRT] [error] [hef.cpp:1060] [Impl] Failed parsing HEF file
[2026-09-08 20:03:06.269] [106727] [HailoRT] [error] [hef.cpp:333] [create] Failed creating HEF
[2026-09-08 20:03:06.269] [106727] [HailoRT] [error] [hef.cpp:168] [create] CHECK_SUCCESS failed with status=HAILO_OPEN_FILE_FAILURE(13)
[2026-09-08 20:06:20.513] [106997] [HailoRT] [info] [vdevice.cpp:535] [create] Creating vdevice with params: device_count: 1, scheduling_algorithm: NONE, multi_process_service: false
[2026-09-08 20:06:20.526] [106997] [HailoRT] [info] [device.cpp:51] [Device] OS Version: Linux 6.18.39+rpt-rpi-2712 #1 SMP PREEMPT Debian 1:6.18.39-1+rpt1 (2026-07-29) aarch64
[2026-09-08 20:06:20.526] [106997] [HailoRT] [info] [control.cpp:113] [control__parse_identify_results] firmware_version is: 4.23.0
[2026-09-08 20:06:20.526] [106997] [HailoRT] [info] [vdevice.cpp:682] [create] VDevice Infos: 0001:01:00.0
[2026-09-08 20:06:20.533] [106997] [HailoRT] [info] [internal_buffer_manager.cpp:77] [print_execution_results] Planned internal buffer memory: CMA=0 CMA-Desc=917504 Pinned=2956800. memory to edge layer usage factor is 0.9621793
[2026-09-08 20:06:20.533] [106997] [HailoRT] [info] [internal_buffer_manager.cpp:86] [print_execution_results] Default Internal buffer planner executed successfully
[2026-09-08 20:06:20.570] [106997] [HailoRT] [info] [device_internal.cpp:57] [configure] Configuring HEF took 43.584111 milliseconds
[2026-09-08 20:06:20.570] [106997] [HailoRT] [info] [vdevice.cpp:780] [configure] Configuring HEF on VDevice took 43.946812 milliseconds
[2026-09-08 20:06:20.570] [106997] [HailoRT] [info] [hef.cpp:1994] [get_network_group_and_network_name] No name was given. Addressing all networks of default network_group: yolo26n
[2026-09-08 20:06:20.570] [106997] [HailoRT] [info] [hef.cpp:1994] [get_network_group_and_network_name] No name was given. Addressing all networks of default network_group: yolo26n
[2026-09-08 20:06:20.570] [106997] [HailoRT] [info] [edge_elements.cpp:52] [create] Created (HwWriteEl2yolo26n/input_layer1 | hw_frame_size: 2211840)
[2026-09-08 20:06:20.570] [106997] [HailoRT] [info] [vstream.cpp:754] [InputVStreamImpl] Creating yolo26n/input_layer1...
[2026-09-08 20:06:20.570] [106997] [HailoRT] [info] [vstream_builder.cpp:102] [create_inputs] Input pipeline 'yolo26n/input_layer1': (HwWriteEl2yolo26n/input_layer1 | hw_frame_size: 2211840) >> HW
[2026-09-08 20:06:20.570] [106997] [HailoRT] [info] [edge_elements.cpp:287] [create] Created (HwReadEl3yolo26n/conv61 | hw_frame_size: 92160)
[2026-09-08 20:06:20.571] [106997] [HailoRT] [info] [queue_elements.cpp:657] [create] Created (PullQEl_hw_read3yolo26n/conv61)
[2026-09-08 20:06:20.571] [106997] [HailoRT] [info] [filter_elements.cpp:372] [create] Created (PostInferEl3yolo26n/conv61 | Quantization - src_type: UINT16, dst_type FLOAT32, limvals_min: -0.881752, limvals_max: 6.27869)
[2026-09-08 20:06:20.571] [106997] [HailoRT] [info] [queue_elements.cpp:800] [create] Created (UserBuffQEl3yolo26n/conv61 | timeout: 10s)
[2026-09-08 20:06:20.571] [106997] [HailoRT] [info] [vstream.cpp:1114] [OutputVStreamImpl] Creating yolo26n/conv61...
[2026-09-08 20:06:20.571] [106997] [HailoRT] [info] [vstream_builder.cpp:220] [create_outputs] Output pipeline 'yolo26n/conv61': HW >> (HwReadEl3yolo26n/conv61 | hw_frame_size: 92160) >> (PullQEl_hw_read3yolo26n/conv61) >> (PostInferEl3yolo26n/conv61 | Quantization - src_type: UINT16, dst_type FLOAT32, limvals_min: -0.881752, limvals_max: 6.27869) >> (UserBuffQEl3yolo26n/conv61 | timeout: 10s)
[2026-09-08 20:06:20.571] [106997] [HailoRT] [info] [edge_elements.cpp:287] [create] Created (HwReadEl2yolo26n/conv64 | hw_frame_size: 23040)
[2026-09-08 20:06:20.571] [106997] [HailoRT] [info] [queue_elements.cpp:657] [create] Created (PullQEl_hw_read2yolo26n/conv64)
[2026-09-08 20:06:20.571] [106997] [HailoRT] [info] [filter_elements.cpp:372] [create] Created (PostInferEl2yolo26n/conv64 | Quantization - src_type: UINT16, dst_type FLOAT32, limvals_min: -164.817, limvals_max: 3.19963)
[2026-09-08 20:06:20.571] [106997] [HailoRT] [info] [queue_elements.cpp:800] [create] Created (UserBuffQEl2yolo26n/conv64 | timeout: 10s)
[2026-09-08 20:06:20.571] [106997] [HailoRT] [info] [vstream.cpp:1114] [OutputVStreamImpl] Creating yolo26n/conv64...
[2026-09-08 20:06:20.571] [106997] [HailoRT] [info] [vstream_builder.cpp:220] [create_outputs] Output pipeline 'yolo26n/conv64': HW >> (HwReadEl2yolo26n/conv64 | hw_frame_size: 23040) >> (PullQEl_hw_read2yolo26n/conv64) >> (PostInferEl2yolo26n/conv64 | Quantization - src_type: UINT16, dst_type FLOAT32, limvals_min: -164.817, limvals_max: 3.19963) >> (UserBuffQEl2yolo26n/conv64 | timeout: 10s)
[2026-09-08 20:06:20.571] [106997] [HailoRT] [info] [edge_elements.cpp:287] [create] Created (HwReadEl2yolo26n/conv77 | hw_frame_size: 23040)
[2026-09-08 20:06:20.571] [106997] [HailoRT] [info] [queue_elements.cpp:657] [create] Created (PullQEl_hw_read2yolo26n/conv77)
[2026-09-08 20:06:20.571] [106997] [HailoRT] [info] [filter_elements.cpp:372] [create] Created (PostInferEl2yolo26n/conv77 | Quantization - src_type: UINT16, dst_type FLOAT32, limvals_min: -0.67052, limvals_max: 17.2357)
[2026-09-08 20:06:20.571] [106997] [HailoRT] [info] [queue_elements.cpp:800] [create] Created (UserBuffQEl2yolo26n/conv77 | timeout: 10s)
[2026-09-08 20:06:20.571] [106997] [HailoRT] [info] [vstream.cpp:1114] [OutputVStreamImpl] Creating yolo26n/conv77...
[2026-09-08 20:06:20.571] [106997] [HailoRT] [info] [vstream_builder.cpp:220] [create_outputs] Output pipeline 'yolo26n/conv77': HW >> (HwReadEl2yolo26n/conv77 | hw_frame_size: 23040) >> (PullQEl_hw_read2yolo26n/conv77) >> (PostInferEl2yolo26n/conv77 | Quantization - src_type: UINT16, dst_type FLOAT32, limvals_min: -0.67052, limvals_max: 17.2357) >> (UserBuffQEl2yolo26n/conv77 | timeout: 10s)
[2026-09-08 20:06:20.571] [106997] [HailoRT] [info] [edge_elements.cpp:287] [create] Created (HwReadEl0yolo26n/conv80 | hw_frame_size: 5760)
[2026-09-08 20:06:20.571] [106997] [HailoRT] [info] [queue_elements.cpp:657] [create] Created (PullQEl_hw_read0yolo26n/conv80)
[2026-09-08 20:06:20.571] [106997] [HailoRT] [info] [filter_elements.cpp:372] [create] Created (PostInferEl0yolo26n/conv80 | Quantization - src_type: UINT16, dst_type FLOAT32, limvals_min: -67.4827, limvals_max: 0)
[2026-09-08 20:06:20.571] [106997] [HailoRT] [info] [queue_elements.cpp:800] [create] Created (UserBuffQEl0yolo26n/conv80 | timeout: 10s)
[2026-09-08 20:06:20.571] [106997] [HailoRT] [info] [vstream.cpp:1114] [OutputVStreamImpl] Creating yolo26n/conv80...
[2026-09-08 20:06:20.571] [106997] [HailoRT] [info] [vstream_builder.cpp:220] [create_outputs] Output pipeline 'yolo26n/conv80': HW >> (HwReadEl0yolo26n/conv80 | hw_frame_size: 5760) >> (PullQEl_hw_read0yolo26n/conv80) >> (PostInferEl0yolo26n/conv80 | Quantization - src_type: UINT16, dst_type FLOAT32, limvals_min: -67.4827, limvals_max: 0) >> (UserBuffQEl0yolo26n/conv80 | timeout: 10s)
[2026-09-08 20:06:20.571] [106997] [HailoRT] [info] [edge_elements.cpp:287] [create] Created (HwReadEl3yolo26n/conv91 | hw_frame_size: 11520)
[2026-09-08 20:06:20.571] [106997] [HailoRT] [info] [queue_elements.cpp:657] [create] Created (PullQEl_hw_read3yolo26n/conv91)
[2026-09-08 20:06:20.572] [106997] [HailoRT] [info] [filter_elements.cpp:372] [create] Created (PostInferEl3yolo26n/conv91 | Quantization - src_type: UINT16, dst_type FLOAT32, limvals_min: 0, limvals_max: 8.46146 | Reorder - src_order: FCR, src_shape: (20, 36, 8), dst_order: FCR, dst_shape: (20, 36, 4))
[2026-09-08 20:06:20.572] [106997] [HailoRT] [info] [queue_elements.cpp:800] [create] Created (UserBuffQEl3yolo26n/conv91 | timeout: 10s)
[2026-09-08 20:06:20.572] [106997] [HailoRT] [info] [vstream.cpp:1114] [OutputVStreamImpl] Creating yolo26n/conv91...
[2026-09-08 20:06:20.572] [106997] [HailoRT] [info] [vstream_builder.cpp:220] [create_outputs] Output pipeline 'yolo26n/conv91': HW >> (HwReadEl3yolo26n/conv91 | hw_frame_size: 11520) >> (PullQEl_hw_read3yolo26n/conv91) >> (PostInferEl3yolo26n/conv91 | Quantization - src_type: UINT16, dst_type FLOAT32, limvals_min: 0, limvals_max: 8.46146 | Reorder - src_order: FCR, src_shape: (20, 36, 8), dst_order: FCR, dst_shape: (20, 36, 4)) >> (UserBuffQEl3yolo26n/conv91 | timeout: 10s)
[2026-09-08 20:06:20.572] [106997] [HailoRT] [info] [edge_elements.cpp:287] [create] Created (HwReadEl0yolo26n/conv94 | hw_frame_size: 11520)
[2026-09-08 20:06:20.572] [106997] [HailoRT] [info] [queue_elements.cpp:657] [create] Created (PullQEl_hw_read0yolo26n/conv94)
[2026-09-08 20:06:20.572] [106997] [HailoRT] [info] [filter_elements.cpp:372] [create] Created (PostInferEl0yolo26n/conv94 | Quantization - src_type: UINT16, dst_type FLOAT32, limvals_min: -64.0772, limvals_max: 0 | Reorder - src_order: FCR, src_shape: (20, 36, 8), dst_order: FCR, dst_shape: (20, 36, 1))
[2026-09-08 20:06:20.572] [106997] [HailoRT] [info] [queue_elements.cpp:800] [create] Created (UserBuffQEl0yolo26n/conv94 | timeout: 10s)
[2026-09-08 20:06:20.572] [106997] [HailoRT] [info] [vstream.cpp:1114] [OutputVStreamImpl] Creating yolo26n/conv94...
[2026-09-08 20:06:20.572] [106997] [HailoRT] [info] [vstream_builder.cpp:220] [create_outputs] Output pipeline 'yolo26n/conv94': HW >> (HwReadEl0yolo26n/conv94 | hw_frame_size: 11520) >> (PullQEl_hw_read0yolo26n/conv94) >> (PostInferEl0yolo26n/conv94 | Quantization - src_type: UINT16, dst_type FLOAT32, limvals_min: -64.0772, limvals_max: 0 | Reorder - src_order: FCR, src_shape: (20, 36, 8), dst_order: FCR, dst_shape: (20, 36, 1)) >> (UserBuffQEl0yolo26n/conv94 | timeout: 10s)
[2026-09-08 20:06:20.572] [106997] [HailoRT] [info] [core_op.cpp:156] [activate] Activating yolo26n took 0.496996 milliseconds. Note that the function is asynchronous and thus the network is not fully activated yet.
[2026-09-08 20:06:20.572] [106997] [HailoRT] [info] [core_op.cpp:156] [activate] Activating yolo26n took 0.50957 milliseconds. Note that the function is asynchronous and thus the network is not fully activated yet.
[2026-09-08 20:06:32.473] [107020] [HailoRT] [info] [vdevice_native_stream.cpp:331] [read_impl] Failed read from stream HAILO_STREAM_NOT_ACTIVATED(72) (device: 0001:01:00.0)
[2026-09-08 20:06:32.473] [107022] [HailoRT] [info] [vdevice_native_stream.cpp:331] [read_impl] Failed read from stream HAILO_STREAM_NOT_ACTIVATED(72) (device: 0001:01:00.0)
[2026-09-08 20:06:32.473] [107018] [HailoRT] [info] [vdevice_native_stream.cpp:331] [read_impl] Failed read from stream HAILO_STREAM_NOT_ACTIVATED(72) (device: 0001:01:00.0)
[2026-09-08 20:06:32.473] [107025] [HailoRT] [info] [vdevice_native_stream.cpp:331] [read_impl] Failed read from stream HAILO_STREAM_NOT_ACTIVATED(72) (device: 0001:01:00.0)
[2026-09-08 20:06:32.473] [107027] [HailoRT] [info] [vdevice_native_stream.cpp:331] [read_impl] Failed read from stream HAILO_STREAM_NOT_ACTIVATED(72) (device: 0001:01:00.0)
[2026-09-08 20:06:32.473] [107030] [HailoRT] [info] [vdevice_native_stream.cpp:331] [read_impl] Failed read from stream HAILO_STREAM_NOT_ACTIVATED(72) (device: 0001:01:00.0)
[2026-09-08 20:06:32.473] [106997] [HailoRT] [info] [core_op.cpp:186] [deactivate] Deactivating took 0.512792 ms
[2026-09-08 20:06:32.473] [106997] [HailoRT] [info] [core_op.cpp:186] [deactivate] Deactivating took 0.53381 ms
[2026-09-08 20:06:32.473] [107019] [HailoRT] [info] [queue_elements.cpp:855] [run_in_thread] Shutdown event was signaled in dequeue of UserBuffQEl3yolo26n/conv61!
[2026-09-08 20:06:32.473] [107018] [HailoRT] [info] [queue_elements.cpp:734] [run_in_thread] Shutdown event was signaled in run_pull of queue element PullQEl_hw_read3yolo26n/conv61!
[2026-09-08 20:06:32.473] [107018] [HailoRT] [info] [queue_elements.cpp:68] [operator()] Thread in element PullQEl_hw_read3yolo26n/conv61 is not running anymore, exiting..
[2026-09-08 20:06:32.473] [106997] [HailoRT] [info] [queue_elements.cpp:46] [~BaseQueueElement] Queue element PullQEl_hw_read3yolo26n/conv61 has 0 frames in his Queue on destruction
[2026-09-08 20:06:32.473] [107019] [HailoRT] [info] [queue_elements.cpp:68] [operator()] Thread in element UserBuffQEl3yolo26n/conv61 is not running anymore, exiting..
[2026-09-08 20:06:32.473] [106997] [HailoRT] [info] [queue_elements.cpp:46] [~BaseQueueElement] Queue element UserBuffQEl3yolo26n/conv61 has 0 frames in his Queue on destruction
[2026-09-08 20:06:32.473] [107021] [HailoRT] [info] [queue_elements.cpp:855] [run_in_thread] Shutdown event was signaled in dequeue of UserBuffQEl2yolo26n/conv64!
[2026-09-08 20:06:32.473] [107020] [HailoRT] [info] [queue_elements.cpp:734] [run_in_thread] Shutdown event was signaled in run_pull of queue element PullQEl_hw_read2yolo26n/conv64!
[2026-09-08 20:06:32.473] [107020] [HailoRT] [info] [queue_elements.cpp:68] [operator()] Thread in element PullQEl_hw_read2yolo26n/conv64 is not running anymore, exiting..
[2026-09-08 20:06:32.473] [106997] [HailoRT] [info] [queue_elements.cpp:46] [~BaseQueueElement] Queue element PullQEl_hw_read2yolo26n/conv64 has 0 frames in his Queue on destruction
[2026-09-08 20:06:32.473] [107021] [HailoRT] [info] [queue_elements.cpp:68] [operator()] Thread in element UserBuffQEl2yolo26n/conv64 is not running anymore, exiting..
[2026-09-08 20:06:32.473] [106997] [HailoRT] [info] [queue_elements.cpp:46] [~BaseQueueElement] Queue element UserBuffQEl2yolo26n/conv64 has 0 frames in his Queue on destruction
[2026-09-08 20:06:32.473] [107022] [HailoRT] [info] [queue_elements.cpp:734] [run_in_thread] Shutdown event was signaled in run_pull of queue element PullQEl_hw_read2yolo26n/conv77!
[2026-09-08 20:06:32.473] [107023] [HailoRT] [info] [queue_elements.cpp:855] [run_in_thread] Shutdown event was signaled in dequeue of UserBuffQEl2yolo26n/conv77!
[2026-09-08 20:06:32.473] [107022] [HailoRT] [info] [queue_elements.cpp:68] [operator()] Thread in element PullQEl_hw_read2yolo26n/conv77 is not running anymore, exiting..
[2026-09-08 20:06:32.473] [106997] [HailoRT] [info] [queue_elements.cpp:46] [~BaseQueueElement] Queue element PullQEl_hw_read2yolo26n/conv77 has 0 frames in his Queue on destruction
[2026-09-08 20:06:32.474] [107023] [HailoRT] [info] [queue_elements.cpp:68] [operator()] Thread in element UserBuffQEl2yolo26n/conv77 is not running anymore, exiting..
[2026-09-08 20:06:32.474] [106997] [HailoRT] [info] [queue_elements.cpp:46] [~BaseQueueElement] Queue element UserBuffQEl2yolo26n/conv77 has 0 frames in his Queue on destruction
[2026-09-08 20:06:32.474] [107025] [HailoRT] [info] [queue_elements.cpp:734] [run_in_thread] Shutdown event was signaled in run_pull of queue element PullQEl_hw_read0yolo26n/conv80!
[2026-09-08 20:06:32.474] [107026] [HailoRT] [info] [queue_elements.cpp:855] [run_in_thread] Shutdown event was signaled in dequeue of UserBuffQEl0yolo26n/conv80!
[2026-09-08 20:06:32.474] [107025] [HailoRT] [info] [queue_elements.cpp:68] [operator()] Thread in element PullQEl_hw_read0yolo26n/conv80 is not running anymore, exiting..
[2026-09-08 20:06:32.474] [106997] [HailoRT] [info] [queue_elements.cpp:46] [~BaseQueueElement] Queue element PullQEl_hw_read0yolo26n/conv80 has 0 frames in his Queue on destruction
[2026-09-08 20:06:32.474] [107026] [HailoRT] [info] [queue_elements.cpp:68] [operator()] Thread in element UserBuffQEl0yolo26n/conv80 is not running anymore, exiting..
[2026-09-08 20:06:32.474] [106997] [HailoRT] [info] [queue_elements.cpp:46] [~BaseQueueElement] Queue element UserBuffQEl0yolo26n/conv80 has 0 frames in his Queue on destruction
[2026-09-08 20:06:32.474] [107029] [HailoRT] [info] [queue_elements.cpp:855] [run_in_thread] Shutdown event was signaled in dequeue of UserBuffQEl3yolo26n/conv91!
[2026-09-08 20:06:32.474] [107027] [HailoRT] [info] [queue_elements.cpp:734] [run_in_thread] Shutdown event was signaled in run_pull of queue element PullQEl_hw_read3yolo26n/conv91!
[2026-09-08 20:06:32.474] [107027] [HailoRT] [info] [queue_elements.cpp:68] [operator()] Thread in element PullQEl_hw_read3yolo26n/conv91 is not running anymore, exiting..
[2026-09-08 20:06:32.474] [106997] [HailoRT] [info] [queue_elements.cpp:46] [~BaseQueueElement] Queue element PullQEl_hw_read3yolo26n/conv91 has 0 frames in his Queue on destruction
[2026-09-08 20:06:32.474] [107029] [HailoRT] [info] [queue_elements.cpp:68] [operator()] Thread in element UserBuffQEl3yolo26n/conv91 is not running anymore, exiting..
[2026-09-08 20:06:32.474] [106997] [HailoRT] [info] [queue_elements.cpp:46] [~BaseQueueElement] Queue element UserBuffQEl3yolo26n/conv91 has 0 frames in his Queue on destruction
[2026-09-08 20:06:32.474] [107031] [HailoRT] [info] [queue_elements.cpp:855] [run_in_thread] Shutdown event was signaled in dequeue of UserBuffQEl0yolo26n/conv94!
[2026-09-08 20:06:32.474] [107030] [HailoRT] [info] [queue_elements.cpp:734] [run_in_thread] Shutdown event was signaled in run_pull of queue element PullQEl_hw_read0yolo26n/conv94!
[2026-09-08 20:06:32.474] [107030] [HailoRT] [info] [queue_elements.cpp:68] [operator()] Thread in element PullQEl_hw_read0yolo26n/conv94 is not running anymore, exiting..
[2026-09-08 20:06:32.474] [106997] [HailoRT] [info] [queue_elements.cpp:46] [~BaseQueueElement] Queue element PullQEl_hw_read0yolo26n/conv94 has 0 frames in his Queue on destruction
[2026-09-08 20:06:32.474] [107031] [HailoRT] [info] [queue_elements.cpp:68] [operator()] Thread in element UserBuffQEl0yolo26n/conv94 is not running anymore, exiting..
[2026-09-08 20:06:32.474] [106997] [HailoRT] [info] [queue_elements.cpp:46] [~BaseQueueElement] Queue element UserBuffQEl0yolo26n/conv94 has 0 frames in his Queue on destruction
[2026-09-08 20:07:22.310] [108722] [HailoRT] [info] [vdevice.cpp:535] [create] Creating vdevice with params: device_count: 1, scheduling_algorithm: NONE, multi_process_service: false
[2026-09-08 20:07:22.322] [108722] [HailoRT] [info] [device.cpp:51] [Device] OS Version: Linux 6.18.39+rpt-rpi-2712 #1 SMP PREEMPT Debian 1:6.18.39-1+rpt1 (2026-07-29) aarch64
[2026-09-08 20:07:22.322] [108722] [HailoRT] [info] [control.cpp:113] [control__parse_identify_results] firmware_version is: 4.23.0
[2026-09-08 20:07:22.322] [108722] [HailoRT] [info] [vdevice.cpp:682] [create] VDevice Infos: 0001:01:00.0
[2026-09-08 20:07:22.329] [108722] [HailoRT] [info] [internal_buffer_manager.cpp:77] [print_execution_results] Planned internal buffer memory: CMA=0 CMA-Desc=917504 Pinned=2956800. memory to edge layer usage factor is 0.9621793
[2026-09-08 20:07:22.329] [108722] [HailoRT] [info] [internal_buffer_manager.cpp:86] [print_execution_results] Default Internal buffer planner executed successfully
[2026-09-08 20:07:22.366] [108722] [HailoRT] [info] [device_internal.cpp:57] [configure] Configuring HEF took 43.319638 milliseconds
[2026-09-08 20:07:22.366] [108722] [HailoRT] [info] [vdevice.cpp:780] [configure] Configuring HEF on VDevice took 43.679412 milliseconds
[2026-09-08 20:07:22.366] [108722] [HailoRT] [info] [hef.cpp:1994] [get_network_group_and_network_name] No name was given. Addressing all networks of default network_group: yolo26n
[2026-09-08 20:07:22.366] [108722] [HailoRT] [info] [hef.cpp:1994] [get_network_group_and_network_name] No name was given. Addressing all networks of default network_group: yolo26n
[2026-09-08 20:07:22.366] [108722] [HailoRT] [info] [edge_elements.cpp:52] [create] Created (HwWriteEl2yolo26n/input_layer1 | hw_frame_size: 2211840)
[2026-09-08 20:07:22.367] [108722] [HailoRT] [info] [vstream.cpp:754] [InputVStreamImpl] Creating yolo26n/input_layer1...
[2026-09-08 20:07:22.367] [108722] [HailoRT] [info] [vstream_builder.cpp:102] [create_inputs] Input pipeline 'yolo26n/input_layer1': (HwWriteEl2yolo26n/input_layer1 | hw_frame_size: 2211840) >> HW
[2026-09-08 20:07:22.367] [108722] [HailoRT] [info] [edge_elements.cpp:287] [create] Created (HwReadEl3yolo26n/conv61 | hw_frame_size: 92160)
[2026-09-08 20:07:22.367] [108722] [HailoRT] [info] [queue_elements.cpp:657] [create] Created (PullQEl_hw_read3yolo26n/conv61)
[2026-09-08 20:07:22.367] [108722] [HailoRT] [info] [filter_elements.cpp:372] [create] Created (PostInferEl3yolo26n/conv61 | Quantization - src_type: UINT16, dst_type FLOAT32, limvals_min: -0.881752, limvals_max: 6.27869)
[2026-09-08 20:07:22.367] [108722] [HailoRT] [info] [queue_elements.cpp:800] [create] Created (UserBuffQEl3yolo26n/conv61 | timeout: 10s)
[2026-09-08 20:07:22.367] [108722] [HailoRT] [info] [vstream.cpp:1114] [OutputVStreamImpl] Creating yolo26n/conv61...
[2026-09-08 20:07:22.367] [108722] [HailoRT] [info] [vstream_builder.cpp:220] [create_outputs] Output pipeline 'yolo26n/conv61': HW >> (HwReadEl3yolo26n/conv61 | hw_frame_size: 92160) >> (PullQEl_hw_read3yolo26n/conv61) >> (PostInferEl3yolo26n/conv61 | Quantization - src_type: UINT16, dst_type FLOAT32, limvals_min: -0.881752, limvals_max: 6.27869) >> (UserBuffQEl3yolo26n/conv61 | timeout: 10s)
[2026-09-08 20:07:22.367] [108722] [HailoRT] [info] [edge_elements.cpp:287] [create] Created (HwReadEl2yolo26n/conv64 | hw_frame_size: 23040)
[2026-09-08 20:07:22.367] [108722] [HailoRT] [info] [queue_elements.cpp:657] [create] Created (PullQEl_hw_read2yolo26n/conv64)
[2026-09-08 20:07:22.367] [108722] [HailoRT] [info] [filter_elements.cpp:372] [create] Created (PostInferEl2yolo26n/conv64 | Quantization - src_type: UINT16, dst_type FLOAT32, limvals_min: -164.817, limvals_max: 3.19963)
[2026-09-08 20:07:22.367] [108722] [HailoRT] [info] [queue_elements.cpp:800] [create] Created (UserBuffQEl2yolo26n/conv64 | timeout: 10s)
[2026-09-08 20:07:22.367] [108722] [HailoRT] [info] [vstream.cpp:1114] [OutputVStreamImpl] Creating yolo26n/conv64...
[2026-09-08 20:07:22.367] [108722] [HailoRT] [info] [vstream_builder.cpp:220] [create_outputs] Output pipeline 'yolo26n/conv64': HW >> (HwReadEl2yolo26n/conv64 | hw_frame_size: 23040) >> (PullQEl_hw_read2yolo26n/conv64) >> (PostInferEl2yolo26n/conv64 | Quantization - src_type: UINT16, dst_type FLOAT32, limvals_min: -164.817, limvals_max: 3.19963) >> (UserBuffQEl2yolo26n/conv64 | timeout: 10s)
[2026-09-08 20:07:22.367] [108722] [HailoRT] [info] [edge_elements.cpp:287] [create] Created (HwReadEl2yolo26n/conv77 | hw_frame_size: 23040)
[2026-09-08 20:07:22.367] [108722] [HailoRT] [info] [queue_elements.cpp:657] [create] Created (PullQEl_hw_read2yolo26n/conv77)
[2026-09-08 20:07:22.367] [108722] [HailoRT] [info] [filter_elements.cpp:372] [create] Created (PostInferEl2yolo26n/conv77 | Quantization - src_type: UINT16, dst_type FLOAT32, limvals_min: -0.67052, limvals_max: 17.2357)
[2026-09-08 20:07:22.367] [108722] [HailoRT] [info] [queue_elements.cpp:800] [create] Created (UserBuffQEl2yolo26n/conv77 | timeout: 10s)
[2026-09-08 20:07:22.367] [108722] [HailoRT] [info] [vstream.cpp:1114] [OutputVStreamImpl] Creating yolo26n/conv77...
[2026-09-08 20:07:22.367] [108722] [HailoRT] [info] [vstream_builder.cpp:220] [create_outputs] Output pipeline 'yolo26n/conv77': HW >> (HwReadEl2yolo26n/conv77 | hw_frame_size: 23040) >> (PullQEl_hw_read2yolo26n/conv77) >> (PostInferEl2yolo26n/conv77 | Quantization - src_type: UINT16, dst_type FLOAT32, limvals_min: -0.67052, limvals_max: 17.2357) >> (UserBuffQEl2yolo26n/conv77 | timeout: 10s)
[2026-09-08 20:07:22.367] [108722] [HailoRT] [info] [edge_elements.cpp:287] [create] Created (HwReadEl0yolo26n/conv80 | hw_frame_size: 5760)
[2026-09-08 20:07:22.367] [108722] [HailoRT] [info] [queue_elements.cpp:657] [create] Created (PullQEl_hw_read0yolo26n/conv80)
[2026-09-08 20:07:22.368] [108722] [HailoRT] [info] [filter_elements.cpp:372] [create] Created (PostInferEl0yolo26n/conv80 | Quantization - src_type: UINT16, dst_type FLOAT32, limvals_min: -67.4827, limvals_max: 0)
[2026-09-08 20:07:22.368] [108722] [HailoRT] [info] [queue_elements.cpp:800] [create] Created (UserBuffQEl0yolo26n/conv80 | timeout: 10s)
[2026-09-08 20:07:22.368] [108722] [HailoRT] [info] [vstream.cpp:1114] [OutputVStreamImpl] Creating yolo26n/conv80...
[2026-09-08 20:07:22.368] [108722] [HailoRT] [info] [vstream_builder.cpp:220] [create_outputs] Output pipeline 'yolo26n/conv80': HW >> (HwReadEl0yolo26n/conv80 | hw_frame_size: 5760) >> (PullQEl_hw_read0yolo26n/conv80) >> (PostInferEl0yolo26n/conv80 | Quantization - src_type: UINT16, dst_type FLOAT32, limvals_min: -67.4827, limvals_max: 0) >> (UserBuffQEl0yolo26n/conv80 | timeout: 10s)
[2026-09-08 20:07:22.368] [108722] [HailoRT] [info] [edge_elements.cpp:287] [create] Created (HwReadEl3yolo26n/conv91 | hw_frame_size: 11520)
[2026-09-08 20:07:22.368] [108722] [HailoRT] [info] [queue_elements.cpp:657] [create] Created (PullQEl_hw_read3yolo26n/conv91)
[2026-09-08 20:07:22.368] [108722] [HailoRT] [info] [filter_elements.cpp:372] [create] Created (PostInferEl3yolo26n/conv91 | Quantization - src_type: UINT16, dst_type FLOAT32, limvals_min: 0, limvals_max: 8.46146 | Reorder - src_order: FCR, src_shape: (20, 36, 8), dst_order: FCR, dst_shape: (20, 36, 4))
[2026-09-08 20:07:22.368] [108722] [HailoRT] [info] [queue_elements.cpp:800] [create] Created (UserBuffQEl3yolo26n/conv91 | timeout: 10s)
[2026-09-08 20:07:22.368] [108722] [HailoRT] [info] [vstream.cpp:1114] [OutputVStreamImpl] Creating yolo26n/conv91...
[2026-09-08 20:07:22.368] [108722] [HailoRT] [info] [vstream_builder.cpp:220] [create_outputs] Output pipeline 'yolo26n/conv91': HW >> (HwReadEl3yolo26n/conv91 | hw_frame_size: 11520) >> (PullQEl_hw_read3yolo26n/conv91) >> (PostInferEl3yolo26n/conv91 | Quantization - src_type: UINT16, dst_type FLOAT32, limvals_min: 0, limvals_max: 8.46146 | Reorder - src_order: FCR, src_shape: (20, 36, 8), dst_order: FCR, dst_shape: (20, 36, 4)) >> (UserBuffQEl3yolo26n/conv91 | timeout: 10s)
[2026-09-08 20:07:22.368] [108722] [HailoRT] [info] [edge_elements.cpp:287] [create] Created (HwReadEl0yolo26n/conv94 | hw_frame_size: 11520)
[2026-09-08 20:07:22.368] [108722] [HailoRT] [info] [queue_elements.cpp:657] [create] Created (PullQEl_hw_read0yolo26n/conv94)
[2026-09-08 20:07:22.368] [108722] [HailoRT] [info] [filter_elements.cpp:372] [create] Created (PostInferEl0yolo26n/conv94 | Quantization - src_type: UINT16, dst_type FLOAT32, limvals_min: -64.0772, limvals_max: 0 | Reorder - src_order: FCR, src_shape: (20, 36, 8), dst_order: FCR, dst_shape: (20, 36, 1))
[2026-09-08 20:07:22.368] [108722] [HailoRT] [info] [queue_elements.cpp:800] [create] Created (UserBuffQEl0yolo26n/conv94 | timeout: 10s)
[2026-09-08 20:07:22.368] [108722] [HailoRT] [info] [vstream.cpp:1114] [OutputVStreamImpl] Creating yolo26n/conv94...
[2026-09-08 20:07:22.368] [108722] [HailoRT] [info] [vstream_builder.cpp:220] [create_outputs] Output pipeline 'yolo26n/conv94': HW >> (HwReadEl0yolo26n/conv94 | hw_frame_size: 11520) >> (PullQEl_hw_read0yolo26n/conv94) >> (PostInferEl0yolo26n/conv94 | Quantization - src_type: UINT16, dst_type FLOAT32, limvals_min: -64.0772, limvals_max: 0 | Reorder - src_order: FCR, src_shape: (20, 36, 8), dst_order: FCR, dst_shape: (20, 36, 1)) >> (UserBuffQEl0yolo26n/conv94 | timeout: 10s)
[2026-09-08 20:07:22.369] [108722] [HailoRT] [info] [core_op.cpp:156] [activate] Activating yolo26n took 0.496347 milliseconds. Note that the function is asynchronous and thus the network is not fully activated yet.
[2026-09-08 20:07:22.369] [108722] [HailoRT] [info] [core_op.cpp:156] [activate] Activating yolo26n took 0.512885 milliseconds. Note that the function is asynchronous and thus the network is not fully activated yet.
[2026-09-08 20:07:56.674] [108743] [HailoRT] [info] [vdevice_native_stream.cpp:331] [read_impl] Failed read from stream HAILO_STREAM_NOT_ACTIVATED(72) (device: 0001:01:00.0)
[2026-09-08 20:07:56.674] [108747] [HailoRT] [info] [vdevice_native_stream.cpp:331] [read_impl] Failed read from stream HAILO_STREAM_NOT_ACTIVATED(72) (device: 0001:01:00.0)
[2026-09-08 20:07:56.674] [108750] [HailoRT] [info] [vdevice_native_stream.cpp:331] [read_impl] Failed read from stream HAILO_STREAM_NOT_ACTIVATED(72) (device: 0001:01:00.0)
[2026-09-08 20:07:56.674] [108755] [HailoRT] [info] [vdevice_native_stream.cpp:331] [read_impl] Failed read from stream HAILO_STREAM_NOT_ACTIVATED(72) (device: 0001:01:00.0)
[2026-09-08 20:07:56.674] [108745] [HailoRT] [info] [vdevice_native_stream.cpp:331] [read_impl] Failed read from stream HAILO_STREAM_NOT_ACTIVATED(72) (device: 0001:01:00.0)
[2026-09-08 20:07:56.674] [108753] [HailoRT] [info] [vdevice_native_stream.cpp:331] [read_impl] Failed read from stream HAILO_STREAM_NOT_ACTIVATED(72) (device: 0001:01:00.0)
[2026-09-08 20:07:56.675] [108722] [HailoRT] [info] [core_op.cpp:186] [deactivate] Deactivating took 0.502422 ms
[2026-09-08 20:07:56.675] [108722] [HailoRT] [info] [core_op.cpp:186] [deactivate] Deactivating took 0.516829 ms
[2026-09-08 20:07:56.675] [108743] [HailoRT] [info] [queue_elements.cpp:734] [run_in_thread] Shutdown event was signaled in run_pull of queue element PullQEl_hw_read3yolo26n/conv61!
[2026-09-08 20:07:56.675] [108744] [HailoRT] [info] [queue_elements.cpp:855] [run_in_thread] Shutdown event was signaled in dequeue of UserBuffQEl3yolo26n/conv61!
[2026-09-08 20:07:56.675] [108743] [HailoRT] [info] [queue_elements.cpp:68] [operator()] Thread in element PullQEl_hw_read3yolo26n/conv61 is not running anymore, exiting..
[2026-09-08 20:07:56.675] [108722] [HailoRT] [info] [queue_elements.cpp:46] [~BaseQueueElement] Queue element PullQEl_hw_read3yolo26n/conv61 has 0 frames in his Queue on destruction
[2026-09-08 20:07:56.675] [108744] [HailoRT] [info] [queue_elements.cpp:68] [operator()] Thread in element UserBuffQEl3yolo26n/conv61 is not running anymore, exiting..
[2026-09-08 20:07:56.675] [108722] [HailoRT] [info] [queue_elements.cpp:46] [~BaseQueueElement] Queue element UserBuffQEl3yolo26n/conv61 has 0 frames in his Queue on destruction
[2026-09-08 20:07:56.675] [108745] [HailoRT] [info] [queue_elements.cpp:734] [run_in_thread] Shutdown event was signaled in run_pull of queue element PullQEl_hw_read2yolo26n/conv64!
[2026-09-08 20:07:56.675] [108746] [HailoRT] [info] [queue_elements.cpp:855] [run_in_thread] Shutdown event was signaled in dequeue of UserBuffQEl2yolo26n/conv64!
[2026-09-08 20:07:56.675] [108745] [HailoRT] [info] [queue_elements.cpp:68] [operator()] Thread in element PullQEl_hw_read2yolo26n/conv64 is not running anymore, exiting..
[2026-09-08 20:07:56.675] [108722] [HailoRT] [info] [queue_elements.cpp:46] [~BaseQueueElement] Queue element PullQEl_hw_read2yolo26n/conv64 has 0 frames in his Queue on destruction
[2026-09-08 20:07:56.675] [108746] [HailoRT] [info] [queue_elements.cpp:68] [operator()] Thread in element UserBuffQEl2yolo26n/conv64 is not running anymore, exiting..
[2026-09-08 20:07:56.675] [108722] [HailoRT] [info] [queue_elements.cpp:46] [~BaseQueueElement] Queue element UserBuffQEl2yolo26n/conv64 has 0 frames in his Queue on destruction
[2026-09-08 20:07:56.675] [108748] [HailoRT] [info] [queue_elements.cpp:855] [run_in_thread] Shutdown event was signaled in dequeue of UserBuffQEl2yolo26n/conv77!
[2026-09-08 20:07:56.675] [108747] [HailoRT] [info] [queue_elements.cpp:734] [run_in_thread] Shutdown event was signaled in run_pull of queue element PullQEl_hw_read2yolo26n/conv77!
[2026-09-08 20:07:56.675] [108747] [HailoRT] [info] [queue_elements.cpp:68] [operator()] Thread in element PullQEl_hw_read2yolo26n/conv77 is not running anymore, exiting..
[2026-09-08 20:07:56.675] [108722] [HailoRT] [info] [queue_elements.cpp:46] [~BaseQueueElement] Queue element PullQEl_hw_read2yolo26n/conv77 has 0 frames in his Queue on destruction
[2026-09-08 20:07:56.675] [108748] [HailoRT] [info] [queue_elements.cpp:68] [operator()] Thread in element UserBuffQEl2yolo26n/conv77 is not running anymore, exiting..
[2026-09-08 20:07:56.675] [108722] [HailoRT] [info] [queue_elements.cpp:46] [~BaseQueueElement] Queue element UserBuffQEl2yolo26n/conv77 has 0 frames in his Queue on destruction
[2026-09-08 20:07:56.675] [108750] [HailoRT] [info] [queue_elements.cpp:734] [run_in_thread] Shutdown event was signaled in run_pull of queue element PullQEl_hw_read0yolo26n/conv80!
[2026-09-08 20:07:56.675] [108751] [HailoRT] [info] [queue_elements.cpp:855] [run_in_thread] Shutdown event was signaled in dequeue of UserBuffQEl0yolo26n/conv80!
[2026-09-08 20:07:56.675] [108750] [HailoRT] [info] [queue_elements.cpp:68] [operator()] Thread in element PullQEl_hw_read0yolo26n/conv80 is not running anymore, exiting..
[2026-09-08 20:07:56.675] [108722] [HailoRT] [info] [queue_elements.cpp:46] [~BaseQueueElement] Queue element PullQEl_hw_read0yolo26n/conv80 has 0 frames in his Queue on destruction
[2026-09-08 20:07:56.675] [108751] [HailoRT] [info] [queue_elements.cpp:68] [operator()] Thread in element UserBuffQEl0yolo26n/conv80 is not running anymore, exiting..
[2026-09-08 20:07:56.675] [108722] [HailoRT] [info] [queue_elements.cpp:46] [~BaseQueueElement] Queue element UserBuffQEl0yolo26n/conv80 has 0 frames in his Queue on destruction
[2026-09-08 20:07:56.675] [108754] [HailoRT] [info] [queue_elements.cpp:855] [run_in_thread] Shutdown event was signaled in dequeue of UserBuffQEl3yolo26n/conv91!
[2026-09-08 20:07:56.675] [108753] [HailoRT] [info] [queue_elements.cpp:734] [run_in_thread] Shutdown event was signaled in run_pull of queue element PullQEl_hw_read3yolo26n/conv91!
[2026-09-08 20:07:56.675] [108753] [HailoRT] [info] [queue_elements.cpp:68] [operator()] Thread in element PullQEl_hw_read3yolo26n/conv91 is not running anymore, exiting..
[2026-09-08 20:07:56.675] [108722] [HailoRT] [info] [queue_elements.cpp:46] [~BaseQueueElement] Queue element PullQEl_hw_read3yolo26n/conv91 has 0 frames in his Queue on destruction
[2026-09-08 20:07:56.675] [108754] [HailoRT] [info] [queue_elements.cpp:68] [operator()] Thread in element UserBuffQEl3yolo26n/conv91 is not running anymore, exiting..
[2026-09-08 20:07:56.675] [108722] [HailoRT] [info] [queue_elements.cpp:46] [~BaseQueueElement] Queue element UserBuffQEl3yolo26n/conv91 has 0 frames in his Queue on destruction
[2026-09-08 20:07:56.675] [108756] [HailoRT] [info] [queue_elements.cpp:855] [run_in_thread] Shutdown event was signaled in dequeue of UserBuffQEl0yolo26n/conv94!
[2026-09-08 20:07:56.676] [108755] [HailoRT] [info] [queue_elements.cpp:734] [run_in_thread] Shutdown event was signaled in run_pull of queue element PullQEl_hw_read0yolo26n/conv94!
[2026-09-08 20:07:56.676] [108755] [HailoRT] [info] [queue_elements.cpp:68] [operator()] Thread in element PullQEl_hw_read0yolo26n/conv94 is not running anymore, exiting..
[2026-09-08 20:07:56.676] [108722] [HailoRT] [info] [queue_elements.cpp:46] [~BaseQueueElement] Queue element PullQEl_hw_read0yolo26n/conv94 has 0 frames in his Queue on destruction
[2026-09-08 20:07:56.676] [108756] [HailoRT] [info] [queue_elements.cpp:68] [operator()] Thread in element UserBuffQEl0yolo26n/conv94 is not running anymore, exiting..
[2026-09-08 20:07:56.676] [108722] [HailoRT] [info] [queue_elements.cpp:46] [~BaseQueueElement] Queue element UserBuffQEl0yolo26n/conv94 has 0 frames in his Queue on destruction
[2026-09-08 20:09:15.113] [116464] [HailoRT] [info] [vdevice.cpp:535] [create] Creating vdevice with params: device_count: 1, scheduling_algorithm: NONE, multi_process_service: false
[2026-09-08 20:09:15.126] [116464] [HailoRT] [info] [device.cpp:51] [Device] OS Version: Linux 6.18.39+rpt-rpi-2712 #1 SMP PREEMPT Debian 1:6.18.39-1+rpt1 (2026-07-29) aarch64
[2026-09-08 20:09:15.126] [116464] [HailoRT] [info] [control.cpp:113] [control__parse_identify_results] firmware_version is: 4.23.0
[2026-09-08 20:09:15.126] [116464] [HailoRT] [info] [vdevice.cpp:682] [create] VDevice Infos: 0001:01:00.0
[2026-09-08 20:09:15.133] [116464] [HailoRT] [info] [internal_buffer_manager.cpp:77] [print_execution_results] Planned internal buffer memory: CMA=0 CMA-Desc=917504 Pinned=2956800. memory to edge layer usage factor is 0.9621793
[2026-09-08 20:09:15.133] [116464] [HailoRT] [info] [internal_buffer_manager.cpp:86] [print_execution_results] Default Internal buffer planner executed successfully
[2026-09-08 20:09:15.161] [116464] [HailoRT] [info] [device_internal.cpp:57] [configure] Configuring HEF took 34.765942 milliseconds
[2026-09-08 20:09:15.161] [116464] [HailoRT] [info] [vdevice.cpp:780] [configure] Configuring HEF on VDevice took 35.078236 milliseconds
[2026-09-08 20:09:15.161] [116464] [HailoRT] [info] [hef.cpp:1994] [get_network_group_and_network_name] No name was given. Addressing all networks of default network_group: yolo26n
[2026-09-08 20:09:15.161] [116464] [HailoRT] [info] [hef.cpp:1994] [get_network_group_and_network_name] No name was given. Addressing all networks of default network_group: yolo26n
[2026-09-08 20:09:15.162] [116464] [HailoRT] [info] [edge_elements.cpp:52] [create] Created (HwWriteEl2yolo26n/input_layer1 | hw_frame_size: 2211840)
[2026-09-08 20:09:15.162] [116464] [HailoRT] [info] [vstream.cpp:754] [InputVStreamImpl] Creating yolo26n/input_layer1...
[2026-09-08 20:09:15.162] [116464] [HailoRT] [info] [vstream_builder.cpp:102] [create_inputs] Input pipeline 'yolo26n/input_layer1': (HwWriteEl2yolo26n/input_layer1 | hw_frame_size: 2211840) >> HW
[2026-09-08 20:09:15.162] [116464] [HailoRT] [info] [edge_elements.cpp:287] [create] Created (HwReadEl3yolo26n/conv61 | hw_frame_size: 92160)
[2026-09-08 20:09:15.162] [116464] [HailoRT] [info] [queue_elements.cpp:657] [create] Created (PullQEl_hw_read3yolo26n/conv61)
[2026-09-08 20:09:15.162] [116464] [HailoRT] [info] [filter_elements.cpp:372] [create] Created (PostInferEl3yolo26n/conv61 | Quantization - src_type: UINT16, dst_type FLOAT32, limvals_min: -0.881752, limvals_max: 6.27869)
[2026-09-08 20:09:15.162] [116464] [HailoRT] [info] [queue_elements.cpp:800] [create] Created (UserBuffQEl3yolo26n/conv61 | timeout: 10s)
[2026-09-08 20:09:15.162] [116464] [HailoRT] [info] [vstream.cpp:1114] [OutputVStreamImpl] Creating yolo26n/conv61...
[2026-09-08 20:09:15.162] [116464] [HailoRT] [info] [vstream_builder.cpp:220] [create_outputs] Output pipeline 'yolo26n/conv61': HW >> (HwReadEl3yolo26n/conv61 | hw_frame_size: 92160) >> (PullQEl_hw_read3yolo26n/conv61) >> (PostInferEl3yolo26n/conv61 | Quantization - src_type: UINT16, dst_type FLOAT32, limvals_min: -0.881752, limvals_max: 6.27869) >> (UserBuffQEl3yolo26n/conv61 | timeout: 10s)
[2026-09-08 20:09:15.162] [116464] [HailoRT] [info] [edge_elements.cpp:287] [create] Created (HwReadEl2yolo26n/conv64 | hw_frame_size: 23040)
[2026-09-08 20:09:15.162] [116464] [HailoRT] [info] [queue_elements.cpp:657] [create] Created (PullQEl_hw_read2yolo26n/conv64)
[2026-09-08 20:09:15.162] [116464] [HailoRT] [info] [filter_elements.cpp:372] [create] Created (PostInferEl2yolo26n/conv64 | Quantization - src_type: UINT16, dst_type FLOAT32, limvals_min: -164.817, limvals_max: 3.19963)
[2026-09-08 20:09:15.162] [116464] [HailoRT] [info] [queue_elements.cpp:800] [create] Created (UserBuffQEl2yolo26n/conv64 | timeout: 10s)
[2026-09-08 20:09:15.162] [116464] [HailoRT] [info] [vstream.cpp:1114] [OutputVStreamImpl] Creating yolo26n/conv64...
[2026-09-08 20:09:15.162] [116464] [HailoRT] [info] [vstream_builder.cpp:220] [create_outputs] Output pipeline 'yolo26n/conv64': HW >> (HwReadEl2yolo26n/conv64 | hw_frame_size: 23040) >> (PullQEl_hw_read2yolo26n/conv64) >> (PostInferEl2yolo26n/conv64 | Quantization - src_type: UINT16, dst_type FLOAT32, limvals_min: -164.817, limvals_max: 3.19963) >> (UserBuffQEl2yolo26n/conv64 | timeout: 10s)
[2026-09-08 20:09:15.162] [116464] [HailoRT] [info] [edge_elements.cpp:287] [create] Created (HwReadEl2yolo26n/conv77 | hw_frame_size: 23040)
[2026-09-08 20:09:15.162] [116464] [HailoRT] [info] [queue_elements.cpp:657] [create] Created (PullQEl_hw_read2yolo26n/conv77)
[2026-09-08 20:09:15.162] [116464] [HailoRT] [info] [filter_elements.cpp:372] [create] Created (PostInferEl2yolo26n/conv77 | Quantization - src_type: UINT16, dst_type FLOAT32, limvals_min: -0.67052, limvals_max: 17.2357)
[2026-09-08 20:09:15.162] [116464] [HailoRT] [info] [queue_elements.cpp:800] [create] Created (UserBuffQEl2yolo26n/conv77 | timeout: 10s)
[2026-09-08 20:09:15.162] [116464] [HailoRT] [info] [vstream.cpp:1114] [OutputVStreamImpl] Creating yolo26n/conv77...
[2026-09-08 20:09:15.162] [116464] [HailoRT] [info] [vstream_builder.cpp:220] [create_outputs] Output pipeline 'yolo26n/conv77': HW >> (HwReadEl2yolo26n/conv77 | hw_frame_size: 23040) >> (PullQEl_hw_read2yolo26n/conv77) >> (PostInferEl2yolo26n/conv77 | Quantization - src_type: UINT16, dst_type FLOAT32, limvals_min: -0.67052, limvals_max: 17.2357) >> (UserBuffQEl2yolo26n/conv77 | timeout: 10s)
[2026-09-08 20:09:15.162] [116464] [HailoRT] [info] [edge_elements.cpp:287] [create] Created (HwReadEl0yolo26n/conv80 | hw_frame_size: 5760)
[2026-09-08 20:09:15.162] [116464] [HailoRT] [info] [queue_elements.cpp:657] [create] Created (PullQEl_hw_read0yolo26n/conv80)
[2026-09-08 20:09:15.162] [116464] [HailoRT] [info] [filter_elements.cpp:372] [create] Created (PostInferEl0yolo26n/conv80 | Quantization - src_type: UINT16, dst_type FLOAT32, limvals_min: -67.4827, limvals_max: 0)
[2026-09-08 20:09:15.162] [116464] [HailoRT] [info] [queue_elements.cpp:800] [create] Created (UserBuffQEl0yolo26n/conv80 | timeout: 10s)
[2026-09-08 20:09:15.162] [116464] [HailoRT] [info] [vstream.cpp:1114] [OutputVStreamImpl] Creating yolo26n/conv80...
[2026-09-08 20:09:15.163] [116464] [HailoRT] [info] [vstream_builder.cpp:220] [create_outputs] Output pipeline 'yolo26n/conv80': HW >> (HwReadEl0yolo26n/conv80 | hw_frame_size: 5760) >> (PullQEl_hw_read0yolo26n/conv80) >> (PostInferEl0yolo26n/conv80 | Quantization - src_type: UINT16, dst_type FLOAT32, limvals_min: -67.4827, limvals_max: 0) >> (UserBuffQEl0yolo26n/conv80 | timeout: 10s)
[2026-09-08 20:09:15.163] [116464] [HailoRT] [info] [edge_elements.cpp:287] [create] Created (HwReadEl3yolo26n/conv91 | hw_frame_size: 11520)
[2026-09-08 20:09:15.163] [116464] [HailoRT] [info] [queue_elements.cpp:657] [create] Created (PullQEl_hw_read3yolo26n/conv91)
[2026-09-08 20:09:15.163] [116464] [HailoRT] [info] [filter_elements.cpp:372] [create] Created (PostInferEl3yolo26n/conv91 | Quantization - src_type: UINT16, dst_type FLOAT32, limvals_min: 0, limvals_max: 8.46146 | Reorder - src_order: FCR, src_shape: (20, 36, 8), dst_order: FCR, dst_shape: (20, 36, 4))
[2026-09-08 20:09:15.163] [116464] [HailoRT] [info] [queue_elements.cpp:800] [create] Created (UserBuffQEl3yolo26n/conv91 | timeout: 10s)
[2026-09-08 20:09:15.163] [116464] [HailoRT] [info] [vstream.cpp:1114] [OutputVStreamImpl] Creating yolo26n/conv91...
[2026-09-08 20:09:15.163] [116464] [HailoRT] [info] [vstream_builder.cpp:220] [create_outputs] Output pipeline 'yolo26n/conv91': HW >> (HwReadEl3yolo26n/conv91 | hw_frame_size: 11520) >> (PullQEl_hw_read3yolo26n/conv91) >> (PostInferEl3yolo26n/conv91 | Quantization - src_type: UINT16, dst_type FLOAT32, limvals_min: 0, limvals_max: 8.46146 | Reorder - src_order: FCR, src_shape: (20, 36, 8), dst_order: FCR, dst_shape: (20, 36, 4)) >> (UserBuffQEl3yolo26n/conv91 | timeout: 10s)
[2026-09-08 20:09:15.163] [116464] [HailoRT] [info] [edge_elements.cpp:287] [create] Created (HwReadEl0yolo26n/conv94 | hw_frame_size: 11520)
[2026-09-08 20:09:15.163] [116464] [HailoRT] [info] [queue_elements.cpp:657] [create] Created (PullQEl_hw_read0yolo26n/conv94)
[2026-09-08 20:09:15.163] [116464] [HailoRT] [info] [filter_elements.cpp:372] [create] Created (PostInferEl0yolo26n/conv94 | Quantization - src_type: UINT16, dst_type FLOAT32, limvals_min: -64.0772, limvals_max: 0 | Reorder - src_order: FCR, src_shape: (20, 36, 8), dst_order: FCR, dst_shape: (20, 36, 1))
[2026-09-08 20:09:15.163] [116464] [HailoRT] [info] [queue_elements.cpp:800] [create] Created (UserBuffQEl0yolo26n/conv94 | timeout: 10s)
[2026-09-08 20:09:15.163] [116464] [HailoRT] [info] [vstream.cpp:1114] [OutputVStreamImpl] Creating yolo26n/conv94...
[2026-09-08 20:09:15.163] [116464] [HailoRT] [info] [vstream_builder.cpp:220] [create_outputs] Output pipeline 'yolo26n/conv94': HW >> (HwReadEl0yolo26n/conv94 | hw_frame_size: 11520) >> (PullQEl_hw_read0yolo26n/conv94) >> (PostInferEl0yolo26n/conv94 | Quantization - src_type: UINT16, dst_type FLOAT32, limvals_min: -64.0772, limvals_max: 0 | Reorder - src_order: FCR, src_shape: (20, 36, 8), dst_order: FCR, dst_shape: (20, 36, 1)) >> (UserBuffQEl0yolo26n/conv94 | timeout: 10s)
[2026-09-08 20:09:15.164] [116464] [HailoRT] [info] [core_op.cpp:156] [activate] Activating yolo26n took 0.479552 milliseconds. Note that the function is asynchronous and thus the network is not fully activated yet.
[2026-09-08 20:09:15.164] [116464] [HailoRT] [info] [core_op.cpp:156] [activate] Activating yolo26n took 0.494422 milliseconds. Note that the function is asynchronous and thus the network is not fully activated yet.
[2026-09-08 20:09:31.136] [116490] [HailoRT] [info] [vdevice_native_stream.cpp:331] [read_impl] Failed read from stream HAILO_STREAM_NOT_ACTIVATED(72) (device: 0001:01:00.0)
[2026-09-08 20:09:31.136] [116486] [HailoRT] [info] [vdevice_native_stream.cpp:331] [read_impl] Failed read from stream HAILO_STREAM_NOT_ACTIVATED(72) (device: 0001:01:00.0)
[2026-09-08 20:09:31.136] [116498] [HailoRT] [info] [vdevice_native_stream.cpp:331] [read_impl] Failed read from stream HAILO_STREAM_NOT_ACTIVATED(72) (device: 0001:01:00.0)
[2026-09-08 20:09:31.136] [116495] [HailoRT] [info] [vdevice_native_stream.cpp:331] [read_impl] Failed read from stream HAILO_STREAM_NOT_ACTIVATED(72) (device: 0001:01:00.0)
[2026-09-08 20:09:31.136] [116488] [HailoRT] [info] [vdevice_native_stream.cpp:331] [read_impl] Failed read from stream HAILO_STREAM_NOT_ACTIVATED(72) (device: 0001:01:00.0)
[2026-09-08 20:09:31.136] [116492] [HailoRT] [info] [vdevice_native_stream.cpp:331] [read_impl] Failed read from stream HAILO_STREAM_NOT_ACTIVATED(72) (device: 0001:01:00.0)
[2026-09-08 20:09:31.136] [116464] [HailoRT] [info] [core_op.cpp:186] [deactivate] Deactivating took 0.515866 ms
[2026-09-08 20:09:31.136] [116464] [HailoRT] [info] [core_op.cpp:186] [deactivate] Deactivating took 0.536255 ms
[2026-09-08 20:09:31.136] [116486] [HailoRT] [info] [queue_elements.cpp:734] [run_in_thread] Shutdown event was signaled in run_pull of queue element PullQEl_hw_read3yolo26n/conv61!
[2026-09-08 20:09:31.136] [116487] [HailoRT] [info] [queue_elements.cpp:855] [run_in_thread] Shutdown event was signaled in dequeue of UserBuffQEl3yolo26n/conv61!
[2026-09-08 20:09:31.136] [116486] [HailoRT] [info] [queue_elements.cpp:68] [operator()] Thread in element PullQEl_hw_read3yolo26n/conv61 is not running anymore, exiting..
[2026-09-08 20:09:31.136] [116464] [HailoRT] [info] [queue_elements.cpp:46] [~BaseQueueElement] Queue element PullQEl_hw_read3yolo26n/conv61 has 0 frames in his Queue on destruction
[2026-09-08 20:09:31.136] [116487] [HailoRT] [info] [queue_elements.cpp:68] [operator()] Thread in element UserBuffQEl3yolo26n/conv61 is not running anymore, exiting..
[2026-09-08 20:09:31.136] [116464] [HailoRT] [info] [queue_elements.cpp:46] [~BaseQueueElement] Queue element UserBuffQEl3yolo26n/conv61 has 0 frames in his Queue on destruction
[2026-09-08 20:09:31.136] [116489] [HailoRT] [info] [queue_elements.cpp:855] [run_in_thread] Shutdown event was signaled in dequeue of UserBuffQEl2yolo26n/conv64!
[2026-09-08 20:09:31.136] [116488] [HailoRT] [info] [queue_elements.cpp:734] [run_in_thread] Shutdown event was signaled in run_pull of queue element PullQEl_hw_read2yolo26n/conv64!
[2026-09-08 20:09:31.136] [116488] [HailoRT] [info] [queue_elements.cpp:68] [operator()] Thread in element PullQEl_hw_read2yolo26n/conv64 is not running anymore, exiting..
[2026-09-08 20:09:31.136] [116464] [HailoRT] [info] [queue_elements.cpp:46] [~BaseQueueElement] Queue element PullQEl_hw_read2yolo26n/conv64 has 0 frames in his Queue on destruction
[2026-09-08 20:09:31.136] [116489] [HailoRT] [info] [queue_elements.cpp:68] [operator()] Thread in element UserBuffQEl2yolo26n/conv64 is not running anymore, exiting..
[2026-09-08 20:09:31.136] [116464] [HailoRT] [info] [queue_elements.cpp:46] [~BaseQueueElement] Queue element UserBuffQEl2yolo26n/conv64 has 0 frames in his Queue on destruction
[2026-09-08 20:09:31.137] [116490] [HailoRT] [info] [queue_elements.cpp:734] [run_in_thread] Shutdown event was signaled in run_pull of queue element PullQEl_hw_read2yolo26n/conv77!
[2026-09-08 20:09:31.137] [116491] [HailoRT] [info] [queue_elements.cpp:855] [run_in_thread] Shutdown event was signaled in dequeue of UserBuffQEl2yolo26n/conv77!
[2026-09-08 20:09:31.137] [116490] [HailoRT] [info] [queue_elements.cpp:68] [operator()] Thread in element PullQEl_hw_read2yolo26n/conv77 is not running anymore, exiting..
[2026-09-08 20:09:31.137] [116464] [HailoRT] [info] [queue_elements.cpp:46] [~BaseQueueElement] Queue element PullQEl_hw_read2yolo26n/conv77 has 0 frames in his Queue on destruction
[2026-09-08 20:09:31.137] [116491] [HailoRT] [info] [queue_elements.cpp:68] [operator()] Thread in element UserBuffQEl2yolo26n/conv77 is not running anymore, exiting..
[2026-09-08 20:09:31.137] [116464] [HailoRT] [info] [queue_elements.cpp:46] [~BaseQueueElement] Queue element UserBuffQEl2yolo26n/conv77 has 0 frames in his Queue on destruction
[2026-09-08 20:09:31.137] [116492] [HailoRT] [info] [queue_elements.cpp:734] [run_in_thread] Shutdown event was signaled in run_pull of queue element PullQEl_hw_read0yolo26n/conv80!
[2026-09-08 20:09:31.137] [116494] [HailoRT] [info] [queue_elements.cpp:855] [run_in_thread] Shutdown event was signaled in dequeue of UserBuffQEl0yolo26n/conv80!
[2026-09-08 20:09:31.137] [116492] [HailoRT] [info] [queue_elements.cpp:68] [operator()] Thread in element PullQEl_hw_read0yolo26n/conv80 is not running anymore, exiting..
[2026-09-08 20:09:31.137] [116464] [HailoRT] [info] [queue_elements.cpp:46] [~BaseQueueElement] Queue element PullQEl_hw_read0yolo26n/conv80 has 0 frames in his Queue on destruction
[2026-09-08 20:09:31.137] [116494] [HailoRT] [info] [queue_elements.cpp:68] [operator()] Thread in element UserBuffQEl0yolo26n/conv80 is not running anymore, exiting..
[2026-09-08 20:09:31.137] [116464] [HailoRT] [info] [queue_elements.cpp:46] [~BaseQueueElement] Queue element UserBuffQEl0yolo26n/conv80 has 0 frames in his Queue on destruction
[2026-09-08 20:09:31.137] [116495] [HailoRT] [info] [queue_elements.cpp:734] [run_in_thread] Shutdown event was signaled in run_pull of queue element PullQEl_hw_read3yolo26n/conv91!
[2026-09-08 20:09:31.137] [116497] [HailoRT] [info] [queue_elements.cpp:855] [run_in_thread] Shutdown event was signaled in dequeue of UserBuffQEl3yolo26n/conv91!
[2026-09-08 20:09:31.137] [116495] [HailoRT] [info] [queue_elements.cpp:68] [operator()] Thread in element PullQEl_hw_read3yolo26n/conv91 is not running anymore, exiting..
[2026-09-08 20:09:31.137] [116464] [HailoRT] [info] [queue_elements.cpp:46] [~BaseQueueElement] Queue element PullQEl_hw_read3yolo26n/conv91 has 0 frames in his Queue on destruction
[2026-09-08 20:09:31.137] [116497] [HailoRT] [info] [queue_elements.cpp:68] [operator()] Thread in element UserBuffQEl3yolo26n/conv91 is not running anymore, exiting..
[2026-09-08 20:09:31.137] [116464] [HailoRT] [info] [queue_elements.cpp:46] [~BaseQueueElement] Queue element UserBuffQEl3yolo26n/conv91 has 0 frames in his Queue on destruction
[2026-09-08 20:09:31.137] [116499] [HailoRT] [info] [queue_elements.cpp:855] [run_in_thread] Shutdown event was signaled in dequeue of UserBuffQEl0yolo26n/conv94!
[2026-09-08 20:09:31.137] [116498] [HailoRT] [info] [queue_elements.cpp:734] [run_in_thread] Shutdown event was signaled in run_pull of queue element PullQEl_hw_read0yolo26n/conv94!
[2026-09-08 20:09:31.137] [116498] [HailoRT] [info] [queue_elements.cpp:68] [operator()] Thread in element PullQEl_hw_read0yolo26n/conv94 is not running anymore, exiting..
[2026-09-08 20:09:31.137] [116464] [HailoRT] [info] [queue_elements.cpp:46] [~BaseQueueElement] Queue element PullQEl_hw_read0yolo26n/conv94 has 0 frames in his Queue on destruction
[2026-09-08 20:09:31.137] [116499] [HailoRT] [info] [queue_elements.cpp:68] [operator()] Thread in element UserBuffQEl0yolo26n/conv94 is not running anymore, exiting..
[2026-09-08 20:09:31.137] [116464] [HailoRT] [info] [queue_elements.cpp:46] [~BaseQueueElement] Queue element UserBuffQEl0yolo26n/conv94 has 0 frames in his Queue on destruction
[2026-09-08 20:10:07.104] [119020] [HailoRT] [info] [vdevice.cpp:535] [create] Creating vdevice with params: device_count: 1, scheduling_algorithm: NONE, multi_process_service: false
[2026-09-08 20:10:07.115] [119020] [HailoRT] [info] [device.cpp:51] [Device] OS Version: Linux 6.18.39+rpt-rpi-2712 #1 SMP PREEMPT Debian 1:6.18.39-1+rpt1 (2026-07-29) aarch64
[2026-09-08 20:10:07.115] [119020] [HailoRT] [info] [control.cpp:113] [control__parse_identify_results] firmware_version is: 4.23.0
[2026-09-08 20:10:07.115] [119020] [HailoRT] [info] [vdevice.cpp:682] [create] VDevice Infos: 0001:01:00.0
[2026-09-08 20:10:07.122] [119020] [HailoRT] [info] [internal_buffer_manager.cpp:77] [print_execution_results] Planned internal buffer memory: CMA=0 CMA-Desc=917504 Pinned=2956800. memory to edge layer usage factor is 0.9621793
[2026-09-08 20:10:07.122] [119020] [HailoRT] [info] [internal_buffer_manager.cpp:86] [print_execution_results] Default Internal buffer planner executed successfully
[2026-09-08 20:10:07.149] [119020] [HailoRT] [info] [device_internal.cpp:57] [configure] Configuring HEF took 33.610518 milliseconds
[2026-09-08 20:10:07.149] [119020] [HailoRT] [info] [vdevice.cpp:780] [configure] Configuring HEF on VDevice took 33.912682 milliseconds
[2026-09-08 20:10:07.149] [119020] [HailoRT] [info] [hef.cpp:1994] [get_network_group_and_network_name] No name was given. Addressing all networks of default network_group: yolo26n
[2026-09-08 20:10:07.149] [119020] [HailoRT] [info] [hef.cpp:1994] [get_network_group_and_network_name] No name was given. Addressing all networks of default network_group: yolo26n
[2026-09-08 20:10:07.150] [119020] [HailoRT] [info] [edge_elements.cpp:52] [create] Created (HwWriteEl2yolo26n/input_layer1 | hw_frame_size: 2211840)
[2026-09-08 20:10:07.150] [119020] [HailoRT] [info] [vstream.cpp:754] [InputVStreamImpl] Creating yolo26n/input_layer1...
[2026-09-08 20:10:07.150] [119020] [HailoRT] [info] [vstream_builder.cpp:102] [create_inputs] Input pipeline 'yolo26n/input_layer1': (HwWriteEl2yolo26n/input_layer1 | hw_frame_size: 2211840) >> HW
[2026-09-08 20:10:07.150] [119020] [HailoRT] [info] [edge_elements.cpp:287] [create] Created (HwReadEl3yolo26n/conv61 | hw_frame_size: 92160)
[2026-09-08 20:10:07.150] [119020] [HailoRT] [info] [queue_elements.cpp:657] [create] Created (PullQEl_hw_read3yolo26n/conv61)
[2026-09-08 20:10:07.150] [119020] [HailoRT] [info] [filter_elements.cpp:372] [create] Created (PostInferEl3yolo26n/conv61 | Quantization - src_type: UINT16, dst_type FLOAT32, limvals_min: -0.881752, limvals_max: 6.27869)
[2026-09-08 20:10:07.150] [119020] [HailoRT] [info] [queue_elements.cpp:800] [create] Created (UserBuffQEl3yolo26n/conv61 | timeout: 10s)
[2026-09-08 20:10:07.150] [119020] [HailoRT] [info] [vstream.cpp:1114] [OutputVStreamImpl] Creating yolo26n/conv61...
[2026-09-08 20:10:07.150] [119020] [HailoRT] [info] [vstream_builder.cpp:220] [create_outputs] Output pipeline 'yolo26n/conv61': HW >> (HwReadEl3yolo26n/conv61 | hw_frame_size: 92160) >> (PullQEl_hw_read3yolo26n/conv61) >> (PostInferEl3yolo26n/conv61 | Quantization - src_type: UINT16, dst_type FLOAT32, limvals_min: -0.881752, limvals_max: 6.27869) >> (UserBuffQEl3yolo26n/conv61 | timeout: 10s)
[2026-09-08 20:10:07.150] [119020] [HailoRT] [info] [edge_elements.cpp:287] [create] Created (HwReadEl2yolo26n/conv64 | hw_frame_size: 23040)
[2026-09-08 20:10:07.150] [119020] [HailoRT] [info] [queue_elements.cpp:657] [create] Created (PullQEl_hw_read2yolo26n/conv64)
[2026-09-08 20:10:07.150] [119020] [HailoRT] [info] [filter_elements.cpp:372] [create] Created (PostInferEl2yolo26n/conv64 | Quantization - src_type: UINT16, dst_type FLOAT32, limvals_min: -164.817, limvals_max: 3.19963)
[2026-09-08 20:10:07.150] [119020] [HailoRT] [info] [queue_elements.cpp:800] [create] Created (UserBuffQEl2yolo26n/conv64 | timeout: 10s)
[2026-09-08 20:10:07.150] [119020] [HailoRT] [info] [vstream.cpp:1114] [OutputVStreamImpl] Creating yolo26n/conv64...
[2026-09-08 20:10:07.150] [119020] [HailoRT] [info] [vstream_builder.cpp:220] [create_outputs] Output pipeline 'yolo26n/conv64': HW >> (HwReadEl2yolo26n/conv64 | hw_frame_size: 23040) >> (PullQEl_hw_read2yolo26n/conv64) >> (PostInferEl2yolo26n/conv64 | Quantization - src_type: UINT16, dst_type FLOAT32, limvals_min: -164.817, limvals_max: 3.19963) >> (UserBuffQEl2yolo26n/conv64 | timeout: 10s)
[2026-09-08 20:10:07.150] [119020] [HailoRT] [info] [edge_elements.cpp:287] [create] Created (HwReadEl2yolo26n/conv77 | hw_frame_size: 23040)
[2026-09-08 20:10:07.150] [119020] [HailoRT] [info] [queue_elements.cpp:657] [create] Created (PullQEl_hw_read2yolo26n/conv77)
[2026-09-08 20:10:07.150] [119020] [HailoRT] [info] [filter_elements.cpp:372] [create] Created (PostInferEl2yolo26n/conv77 | Quantization - src_type: UINT16, dst_type FLOAT32, limvals_min: -0.67052, limvals_max: 17.2357)
[2026-09-08 20:10:07.150] [119020] [HailoRT] [info] [queue_elements.cpp:800] [create] Created (UserBuffQEl2yolo26n/conv77 | timeout: 10s)
[2026-09-08 20:10:07.150] [119020] [HailoRT] [info] [vstream.cpp:1114] [OutputVStreamImpl] Creating yolo26n/conv77...
[2026-09-08 20:10:07.150] [119020] [HailoRT] [info] [vstream_builder.cpp:220] [create_outputs] Output pipeline 'yolo26n/conv77': HW >> (HwReadEl2yolo26n/conv77 | hw_frame_size: 23040) >> (PullQEl_hw_read2yolo26n/conv77) >> (PostInferEl2yolo26n/conv77 | Quantization - src_type: UINT16, dst_type FLOAT32, limvals_min: -0.67052, limvals_max: 17.2357) >> (UserBuffQEl2yolo26n/conv77 | timeout: 10s)
[2026-09-08 20:10:07.150] [119020] [HailoRT] [info] [edge_elements.cpp:287] [create] Created (HwReadEl0yolo26n/conv80 | hw_frame_size: 5760)
[2026-09-08 20:10:07.150] [119020] [HailoRT] [info] [queue_elements.cpp:657] [create] Created (PullQEl_hw_read0yolo26n/conv80)
[2026-09-08 20:10:07.150] [119020] [HailoRT] [info] [filter_elements.cpp:372] [create] Created (PostInferEl0yolo26n/conv80 | Quantization - src_type: UINT16, dst_type FLOAT32, limvals_min: -67.4827, limvals_max: 0)
[2026-09-08 20:10:07.150] [119020] [HailoRT] [info] [queue_elements.cpp:800] [create] Created (UserBuffQEl0yolo26n/conv80 | timeout: 10s)
[2026-09-08 20:10:07.150] [119020] [HailoRT] [info] [vstream.cpp:1114] [OutputVStreamImpl] Creating yolo26n/conv80...
[2026-09-08 20:10:07.150] [119020] [HailoRT] [info] [vstream_builder.cpp:220] [create_outputs] Output pipeline 'yolo26n/conv80': HW >> (HwReadEl0yolo26n/conv80 | hw_frame_size: 5760) >> (PullQEl_hw_read0yolo26n/conv80) >> (PostInferEl0yolo26n/conv80 | Quantization - src_type: UINT16, dst_type FLOAT32, limvals_min: -67.4827, limvals_max: 0) >> (UserBuffQEl0yolo26n/conv80 | timeout: 10s)
[2026-09-08 20:10:07.150] [119020] [HailoRT] [info] [edge_elements.cpp:287] [create] Created (HwReadEl3yolo26n/conv91 | hw_frame_size: 11520)
[2026-09-08 20:10:07.150] [119020] [HailoRT] [info] [queue_elements.cpp:657] [create] Created (PullQEl_hw_read3yolo26n/conv91)
[2026-09-08 20:10:07.150] [119020] [HailoRT] [info] [filter_elements.cpp:372] [create] Created (PostInferEl3yolo26n/conv91 | Quantization - src_type: UINT16, dst_type FLOAT32, limvals_min: 0, limvals_max: 8.46146 | Reorder - src_order: FCR, src_shape: (20, 36, 8), dst_order: FCR, dst_shape: (20, 36, 4))
[2026-09-08 20:10:07.151] [119020] [HailoRT] [info] [queue_elements.cpp:800] [create] Created (UserBuffQEl3yolo26n/conv91 | timeout: 10s)
[2026-09-08 20:10:07.151] [119020] [HailoRT] [info] [vstream.cpp:1114] [OutputVStreamImpl] Creating yolo26n/conv91...
[2026-09-08 20:10:07.151] [119020] [HailoRT] [info] [vstream_builder.cpp:220] [create_outputs] Output pipeline 'yolo26n/conv91': HW >> (HwReadEl3yolo26n/conv91 | hw_frame_size: 11520) >> (PullQEl_hw_read3yolo26n/conv91) >> (PostInferEl3yolo26n/conv91 | Quantization - src_type: UINT16, dst_type FLOAT32, limvals_min: 0, limvals_max: 8.46146 | Reorder - src_order: FCR, src_shape: (20, 36, 8), dst_order: FCR, dst_shape: (20, 36, 4)) >> (UserBuffQEl3yolo26n/conv91 | timeout: 10s)
[2026-09-08 20:10:07.151] [119020] [HailoRT] [info] [edge_elements.cpp:287] [create] Created (HwReadEl0yolo26n/conv94 | hw_frame_size: 11520)
[2026-09-08 20:10:07.151] [119020] [HailoRT] [info] [queue_elements.cpp:657] [create] Created (PullQEl_hw_read0yolo26n/conv94)
[2026-09-08 20:10:07.151] [119020] [HailoRT] [info] [filter_elements.cpp:372] [create] Created (PostInferEl0yolo26n/conv94 | Quantization - src_type: UINT16, dst_type FLOAT32, limvals_min: -64.0772, limvals_max: 0 | Reorder - src_order: FCR, src_shape: (20, 36, 8), dst_order: FCR, dst_shape: (20, 36, 1))
[2026-09-08 20:10:07.151] [119020] [HailoRT] [info] [queue_elements.cpp:800] [create] Created (UserBuffQEl0yolo26n/conv94 | timeout: 10s)
[2026-09-08 20:10:07.151] [119020] [HailoRT] [info] [vstream.cpp:1114] [OutputVStreamImpl] Creating yolo26n/conv94...
[2026-09-08 20:10:07.151] [119020] [HailoRT] [info] [vstream_builder.cpp:220] [create_outputs] Output pipeline 'yolo26n/conv94': HW >> (HwReadEl0yolo26n/conv94 | hw_frame_size: 11520) >> (PullQEl_hw_read0yolo26n/conv94) >> (PostInferEl0yolo26n/conv94 | Quantization - src_type: UINT16, dst_type FLOAT32, limvals_min: -64.0772, limvals_max: 0 | Reorder - src_order: FCR, src_shape: (20, 36, 8), dst_order: FCR, dst_shape: (20, 36, 1)) >> (UserBuffQEl0yolo26n/conv94 | timeout: 10s)
[2026-09-08 20:10:07.151] [119020] [HailoRT] [info] [core_op.cpp:156] [activate] Activating yolo26n took 0.461108 milliseconds. Note that the function is asynchronous and thus the network is not fully activated yet.
[2026-09-08 20:10:07.151] [119020] [HailoRT] [info] [core_op.cpp:156] [activate] Activating yolo26n took 0.472922 milliseconds. Note that the function is asynchronous and thus the network is not fully activated yet.
[2026-09-08 20:10:29.614] [119045] [HailoRT] [info] [vdevice_native_stream.cpp:331] [read_impl] Failed read from stream HAILO_STREAM_NOT_ACTIVATED(72) (device: 0001:01:00.0)
[2026-09-08 20:10:29.614] [119041] [HailoRT] [info] [vdevice_native_stream.cpp:331] [read_impl] Failed read from stream HAILO_STREAM_NOT_ACTIVATED(72) (device: 0001:01:00.0)
[2026-09-08 20:10:29.614] [119043] [HailoRT] [info] [vdevice_native_stream.cpp:331] [read_impl] Failed read from stream HAILO_STREAM_NOT_ACTIVATED(72) (device: 0001:01:00.0)
[2026-09-08 20:10:29.614] [119048] [HailoRT] [info] [vdevice_native_stream.cpp:331] [read_impl] Failed read from stream HAILO_STREAM_NOT_ACTIVATED(72) (device: 0001:01:00.0)
[2026-09-08 20:10:29.614] [119050] [HailoRT] [info] [vdevice_native_stream.cpp:331] [read_impl] Failed read from stream HAILO_STREAM_NOT_ACTIVATED(72) (device: 0001:01:00.0)
[2026-09-08 20:10:29.614] [119053] [HailoRT] [info] [vdevice_native_stream.cpp:331] [read_impl] Failed read from stream HAILO_STREAM_NOT_ACTIVATED(72) (device: 0001:01:00.0)
[2026-09-08 20:10:29.614] [119020] [HailoRT] [info] [core_op.cpp:186] [deactivate] Deactivating took 0.536589 ms
[2026-09-08 20:10:29.614] [119020] [HailoRT] [info] [core_op.cpp:186] [deactivate] Deactivating took 0.557941 ms
[2026-09-08 20:10:29.614] [119042] [HailoRT] [info] [queue_elements.cpp:855] [run_in_thread] Shutdown event was signaled in dequeue of UserBuffQEl3yolo26n/conv61!
[2026-09-08 20:10:29.614] [119041] [HailoRT] [info] [queue_elements.cpp:734] [run_in_thread] Shutdown event was signaled in run_pull of queue element PullQEl_hw_read3yolo26n/conv61!
[2026-09-08 20:10:29.614] [119041] [HailoRT] [info] [queue_elements.cpp:68] [operator()] Thread in element PullQEl_hw_read3yolo26n/conv61 is not running anymore, exiting..
[2026-09-08 20:10:29.614] [119020] [HailoRT] [info] [queue_elements.cpp:46] [~BaseQueueElement] Queue element PullQEl_hw_read3yolo26n/conv61 has 0 frames in his Queue on destruction
[2026-09-08 20:10:29.614] [119042] [HailoRT] [info] [queue_elements.cpp:68] [operator()] Thread in element UserBuffQEl3yolo26n/conv61 is not running anymore, exiting..
[2026-09-08 20:10:29.614] [119020] [HailoRT] [info] [queue_elements.cpp:46] [~BaseQueueElement] Queue element UserBuffQEl3yolo26n/conv61 has 0 frames in his Queue on destruction
[2026-09-08 20:10:29.614] [119043] [HailoRT] [info] [queue_elements.cpp:734] [run_in_thread] Shutdown event was signaled in run_pull of queue element PullQEl_hw_read2yolo26n/conv64!
[2026-09-08 20:10:29.614] [119044] [HailoRT] [info] [queue_elements.cpp:855] [run_in_thread] Shutdown event was signaled in dequeue of UserBuffQEl2yolo26n/conv64!
[2026-09-08 20:10:29.614] [119043] [HailoRT] [info] [queue_elements.cpp:68] [operator()] Thread in element PullQEl_hw_read2yolo26n/conv64 is not running anymore, exiting..
[2026-09-08 20:10:29.615] [119020] [HailoRT] [info] [queue_elements.cpp:46] [~BaseQueueElement] Queue element PullQEl_hw_read2yolo26n/conv64 has 0 frames in his Queue on destruction
[2026-09-08 20:10:29.615] [119044] [HailoRT] [info] [queue_elements.cpp:68] [operator()] Thread in element UserBuffQEl2yolo26n/conv64 is not running anymore, exiting..
[2026-09-08 20:10:29.615] [119020] [HailoRT] [info] [queue_elements.cpp:46] [~BaseQueueElement] Queue element UserBuffQEl2yolo26n/conv64 has 0 frames in his Queue on destruction
[2026-09-08 20:10:29.615] [119046] [HailoRT] [info] [queue_elements.cpp:855] [run_in_thread] Shutdown event was signaled in dequeue of UserBuffQEl2yolo26n/conv77!
[2026-09-08 20:10:29.615] [119045] [HailoRT] [info] [queue_elements.cpp:734] [run_in_thread] Shutdown event was signaled in run_pull of queue element PullQEl_hw_read2yolo26n/conv77!
[2026-09-08 20:10:29.615] [119045] [HailoRT] [info] [queue_elements.cpp:68] [operator()] Thread in element PullQEl_hw_read2yolo26n/conv77 is not running anymore, exiting..
[2026-09-08 20:10:29.615] [119020] [HailoRT] [info] [queue_elements.cpp:46] [~BaseQueueElement] Queue element PullQEl_hw_read2yolo26n/conv77 has 0 frames in his Queue on destruction
[2026-09-08 20:10:29.615] [119046] [HailoRT] [info] [queue_elements.cpp:68] [operator()] Thread in element UserBuffQEl2yolo26n/conv77 is not running anymore, exiting..
[2026-09-08 20:10:29.615] [119020] [HailoRT] [info] [queue_elements.cpp:46] [~BaseQueueElement] Queue element UserBuffQEl2yolo26n/conv77 has 0 frames in his Queue on destruction
[2026-09-08 20:10:29.615] [119048] [HailoRT] [info] [queue_elements.cpp:734] [run_in_thread] Shutdown event was signaled in run_pull of queue element PullQEl_hw_read0yolo26n/conv80!
[2026-09-08 20:10:29.615] [119049] [HailoRT] [info] [queue_elements.cpp:855] [run_in_thread] Shutdown event was signaled in dequeue of UserBuffQEl0yolo26n/conv80!
[2026-09-08 20:10:29.615] [119048] [HailoRT] [info] [queue_elements.cpp:68] [operator()] Thread in element PullQEl_hw_read0yolo26n/conv80 is not running anymore, exiting..
[2026-09-08 20:10:29.615] [119020] [HailoRT] [info] [queue_elements.cpp:46] [~BaseQueueElement] Queue element PullQEl_hw_read0yolo26n/conv80 has 0 frames in his Queue on destruction
[2026-09-08 20:10:29.615] [119049] [HailoRT] [info] [queue_elements.cpp:68] [operator()] Thread in element UserBuffQEl0yolo26n/conv80 is not running anymore, exiting..
[2026-09-08 20:10:29.615] [119020] [HailoRT] [info] [queue_elements.cpp:46] [~BaseQueueElement] Queue element UserBuffQEl0yolo26n/conv80 has 0 frames in his Queue on destruction
[2026-09-08 20:10:29.615] [119050] [HailoRT] [info] [queue_elements.cpp:734] [run_in_thread] Shutdown event was signaled in run_pull of queue element PullQEl_hw_read3yolo26n/conv91!
[2026-09-08 20:10:29.615] [119052] [HailoRT] [info] [queue_elements.cpp:855] [run_in_thread] Shutdown event was signaled in dequeue of UserBuffQEl3yolo26n/conv91!
[2026-09-08 20:10:29.615] [119050] [HailoRT] [info] [queue_elements.cpp:68] [operator()] Thread in element PullQEl_hw_read3yolo26n/conv91 is not running anymore, exiting..
[2026-09-08 20:10:29.615] [119020] [HailoRT] [info] [queue_elements.cpp:46] [~BaseQueueElement] Queue element PullQEl_hw_read3yolo26n/conv91 has 0 frames in his Queue on destruction
[2026-09-08 20:10:29.615] [119052] [HailoRT] [info] [queue_elements.cpp:68] [operator()] Thread in element UserBuffQEl3yolo26n/conv91 is not running anymore, exiting..
[2026-09-08 20:10:29.615] [119020] [HailoRT] [info] [queue_elements.cpp:46] [~BaseQueueElement] Queue element UserBuffQEl3yolo26n/conv91 has 0 frames in his Queue on destruction
[2026-09-08 20:10:29.615] [119053] [HailoRT] [info] [queue_elements.cpp:734] [run_in_thread] Shutdown event was signaled in run_pull of queue element PullQEl_hw_read0yolo26n/conv94!
[2026-09-08 20:10:29.615] [119054] [HailoRT] [info] [queue_elements.cpp:855] [run_in_thread] Shutdown event was signaled in dequeue of UserBuffQEl0yolo26n/conv94!
[2026-09-08 20:10:29.615] [119053] [HailoRT] [info] [queue_elements.cpp:68] [operator()] Thread in element PullQEl_hw_read0yolo26n/conv94 is not running anymore, exiting..
[2026-09-08 20:10:29.615] [119020] [HailoRT] [info] [queue_elements.cpp:46] [~BaseQueueElement] Queue element PullQEl_hw_read0yolo26n/conv94 has 0 frames in his Queue on destruction
[2026-09-08 20:10:29.615] [119054] [HailoRT] [info] [queue_elements.cpp:68] [operator()] Thread in element UserBuffQEl0yolo26n/conv94 is not running anymore, exiting..
[2026-09-08 20:10:29.615] [119020] [HailoRT] [info] [queue_elements.cpp:46] [~BaseQueueElement] Queue element UserBuffQEl0yolo26n/conv94 has 0 frames in his Queue on destruction
[2026-09-09 16:29:03.885] [2517] [HailoRT] [info] [vdevice.cpp:535] [create] Creating vdevice with params: device_count: 1, scheduling_algorithm: NONE, multi_process_service: false
[2026-09-09 16:29:03.904] [2517] [HailoRT] [info] [device.cpp:51] [Device] OS Version: Linux 6.18.39+rpt-rpi-2712 #1 SMP PREEMPT Debian 1:6.18.39-1+rpt1 (2026-07-29) aarch64
[2026-09-09 16:29:03.907] [2517] [HailoRT] [info] [control.cpp:113] [control__parse_identify_results] firmware_version is: 4.23.0
[2026-09-09 16:29:03.907] [2517] [HailoRT] [info] [vdevice.cpp:682] [create] VDevice Infos: 0001:01:00.0
[2026-09-09 16:29:03.917] [2517] [HailoRT] [info] [internal_buffer_manager.cpp:77] [print_execution_results] Planned internal buffer memory: CMA=0 CMA-Desc=917504 Pinned=2956800. memory to edge layer usage factor is 0.9621793
[2026-09-09 16:29:03.917] [2517] [HailoRT] [info] [internal_buffer_manager.cpp:86] [print_execution_results] Default Internal buffer planner executed successfully
[2026-09-09 16:29:03.955] [2517] [HailoRT] [info] [device_internal.cpp:57] [configure] Configuring HEF took 47.267798 milliseconds
[2026-09-09 16:29:03.955] [2517] [HailoRT] [info] [vdevice.cpp:780] [configure] Configuring HEF on VDevice took 47.987443 milliseconds
[2026-09-09 16:29:03.956] [2517] [HailoRT] [info] [hef.cpp:1994] [get_network_group_and_network_name] No name was given. Addressing all networks of default network_group: yolo26n
[2026-09-09 16:29:03.956] [2517] [HailoRT] [info] [hef.cpp:1994] [get_network_group_and_network_name] No name was given. Addressing all networks of default network_group: yolo26n
[2026-09-09 16:29:03.959] [2517] [HailoRT] [info] [edge_elements.cpp:52] [create] Created (HwWriteEl2yolo26n/input_layer1 | hw_frame_size: 2211840)
[2026-09-09 16:29:03.961] [2517] [HailoRT] [info] [vstream.cpp:754] [InputVStreamImpl] Creating yolo26n/input_layer1...
[2026-09-09 16:29:03.961] [2517] [HailoRT] [info] [vstream_builder.cpp:102] [create_inputs] Input pipeline 'yolo26n/input_layer1': (HwWriteEl2yolo26n/input_layer1 | hw_frame_size: 2211840) >> HW
[2026-09-09 16:29:03.961] [2517] [HailoRT] [info] [edge_elements.cpp:287] [create] Created (HwReadEl3yolo26n/conv61 | hw_frame_size: 92160)
[2026-09-09 16:29:03.961] [2517] [HailoRT] [info] [queue_elements.cpp:657] [create] Created (PullQEl_hw_read3yolo26n/conv61)
[2026-09-09 16:29:03.961] [2517] [HailoRT] [info] [filter_elements.cpp:372] [create] Created (PostInferEl3yolo26n/conv61 | Quantization - src_type: UINT16, dst_type FLOAT32, limvals_min: -0.881752, limvals_max: 6.27869)
[2026-09-09 16:29:03.962] [2517] [HailoRT] [info] [queue_elements.cpp:800] [create] Created (UserBuffQEl3yolo26n/conv61 | timeout: 10s)
[2026-09-09 16:29:03.962] [2517] [HailoRT] [info] [vstream.cpp:1114] [OutputVStreamImpl] Creating yolo26n/conv61...
[2026-09-09 16:29:03.962] [2517] [HailoRT] [info] [vstream_builder.cpp:220] [create_outputs] Output pipeline 'yolo26n/conv61': HW >> (HwReadEl3yolo26n/conv61 | hw_frame_size: 92160) >> (PullQEl_hw_read3yolo26n/conv61) >> (PostInferEl3yolo26n/conv61 | Quantization - src_type: UINT16, dst_type FLOAT32, limvals_min: -0.881752, limvals_max: 6.27869) >> (UserBuffQEl3yolo26n/conv61 | timeout: 10s)
[2026-09-09 16:29:03.962] [2517] [HailoRT] [info] [edge_elements.cpp:287] [create] Created (HwReadEl2yolo26n/conv64 | hw_frame_size: 23040)
[2026-09-09 16:29:03.962] [2517] [HailoRT] [info] [queue_elements.cpp:657] [create] Created (PullQEl_hw_read2yolo26n/conv64)
[2026-09-09 16:29:03.962] [2517] [HailoRT] [info] [filter_elements.cpp:372] [create] Created (PostInferEl2yolo26n/conv64 | Quantization - src_type: UINT16, dst_type FLOAT32, limvals_min: -164.817, limvals_max: 3.19963)
[2026-09-09 16:29:03.962] [2517] [HailoRT] [info] [queue_elements.cpp:800] [create] Created (UserBuffQEl2yolo26n/conv64 | timeout: 10s)
[2026-09-09 16:29:03.962] [2517] [HailoRT] [info] [vstream.cpp:1114] [OutputVStreamImpl] Creating yolo26n/conv64...
[2026-09-09 16:29:03.963] [2517] [HailoRT] [info] [vstream_builder.cpp:220] [create_outputs] Output pipeline 'yolo26n/conv64': HW >> (HwReadEl2yolo26n/conv64 | hw_frame_size: 23040) >> (PullQEl_hw_read2yolo26n/conv64) >> (PostInferEl2yolo26n/conv64 | Quantization - src_type: UINT16, dst_type FLOAT32, limvals_min: -164.817, limvals_max: 3.19963) >> (UserBuffQEl2yolo26n/conv64 | timeout: 10s)
[2026-09-09 16:29:03.964] [2517] [HailoRT] [info] [edge_elements.cpp:287] [create] Created (HwReadEl2yolo26n/conv77 | hw_frame_size: 23040)
[2026-09-09 16:29:03.965] [2517] [HailoRT] [info] [queue_elements.cpp:657] [create] Created (PullQEl_hw_read2yolo26n/conv77)
[2026-09-09 16:29:03.965] [2517] [HailoRT] [info] [filter_elements.cpp:372] [create] Created (PostInferEl2yolo26n/conv77 | Quantization - src_type: UINT16, dst_type FLOAT32, limvals_min: -0.67052, limvals_max: 17.2357)
[2026-09-09 16:29:03.965] [2517] [HailoRT] [info] [queue_elements.cpp:800] [create] Created (UserBuffQEl2yolo26n/conv77 | timeout: 10s)
[2026-09-09 16:29:03.965] [2517] [HailoRT] [info] [vstream.cpp:1114] [OutputVStreamImpl] Creating yolo26n/conv77...
[2026-09-09 16:29:03.965] [2517] [HailoRT] [info] [vstream_builder.cpp:220] [create_outputs] Output pipeline 'yolo26n/conv77': HW >> (HwReadEl2yolo26n/conv77 | hw_frame_size: 23040) >> (PullQEl_hw_read2yolo26n/conv77) >> (PostInferEl2yolo26n/conv77 | Quantization - src_type: UINT16, dst_type FLOAT32, limvals_min: -0.67052, limvals_max: 17.2357) >> (UserBuffQEl2yolo26n/conv77 | timeout: 10s)
[2026-09-09 16:29:03.965] [2517] [HailoRT] [info] [edge_elements.cpp:287] [create] Created (HwReadEl0yolo26n/conv80 | hw_frame_size: 5760)
[2026-09-09 16:29:03.965] [2517] [HailoRT] [info] [queue_elements.cpp:657] [create] Created (PullQEl_hw_read0yolo26n/conv80)
[2026-09-09 16:29:03.965] [2517] [HailoRT] [info] [filter_elements.cpp:372] [create] Created (PostInferEl0yolo26n/conv80 | Quantization - src_type: UINT16, dst_type FLOAT32, limvals_min: -67.4827, limvals_max: 0)
[2026-09-09 16:29:03.965] [2517] [HailoRT] [info] [queue_elements.cpp:800] [create] Created (UserBuffQEl0yolo26n/conv80 | timeout: 10s)
[2026-09-09 16:29:03.965] [2517] [HailoRT] [info] [vstream.cpp:1114] [OutputVStreamImpl] Creating yolo26n/conv80...
[2026-09-09 16:29:03.965] [2517] [HailoRT] [info] [vstream_builder.cpp:220] [create_outputs] Output pipeline 'yolo26n/conv80': HW >> (HwReadEl0yolo26n/conv80 | hw_frame_size: 5760) >> (PullQEl_hw_read0yolo26n/conv80) >> (PostInferEl0yolo26n/conv80 | Quantization - src_type: UINT16, dst_type FLOAT32, limvals_min: -67.4827, limvals_max: 0) >> (UserBuffQEl0yolo26n/conv80 | timeout: 10s)
[2026-09-09 16:29:03.965] [2517] [HailoRT] [info] [edge_elements.cpp:287] [create] Created (HwReadEl3yolo26n/conv91 | hw_frame_size: 11520)
[2026-09-09 16:29:03.965] [2517] [HailoRT] [info] [queue_elements.cpp:657] [create] Created (PullQEl_hw_read3yolo26n/conv91)
[2026-09-09 16:29:03.965] [2517] [HailoRT] [info] [filter_elements.cpp:372] [create] Created (PostInferEl3yolo26n/conv91 | Quantization - src_type: UINT16, dst_type FLOAT32, limvals_min: 0, limvals_max: 8.46146 | Reorder - src_order: FCR, src_shape: (20, 36, 8), dst_order: FCR, dst_shape: (20, 36, 4))
[2026-09-09 16:29:03.965] [2517] [HailoRT] [info] [queue_elements.cpp:800] [create] Created (UserBuffQEl3yolo26n/conv91 | timeout: 10s)
[2026-09-09 16:29:03.965] [2517] [HailoRT] [info] [vstream.cpp:1114] [OutputVStreamImpl] Creating yolo26n/conv91...
[2026-09-09 16:29:03.965] [2517] [HailoRT] [info] [vstream_builder.cpp:220] [create_outputs] Output pipeline 'yolo26n/conv91': HW >> (HwReadEl3yolo26n/conv91 | hw_frame_size: 11520) >> (PullQEl_hw_read3yolo26n/conv91) >> (PostInferEl3yolo26n/conv91 | Quantization - src_type: UINT16, dst_type FLOAT32, limvals_min: 0, limvals_max: 8.46146 | Reorder - src_order: FCR, src_shape: (20, 36, 8), dst_order: FCR, dst_shape: (20, 36, 4)) >> (UserBuffQEl3yolo26n/conv91 | timeout: 10s)
[2026-09-09 16:29:03.965] [2517] [HailoRT] [info] [edge_elements.cpp:287] [create] Created (HwReadEl0yolo26n/conv94 | hw_frame_size: 11520)
[2026-09-09 16:29:03.965] [2517] [HailoRT] [info] [queue_elements.cpp:657] [create] Created (PullQEl_hw_read0yolo26n/conv94)
[2026-09-09 16:29:03.965] [2517] [HailoRT] [info] [filter_elements.cpp:372] [create] Created (PostInferEl0yolo26n/conv94 | Quantization - src_type: UINT16, dst_type FLOAT32, limvals_min: -64.0772, limvals_max: 0 | Reorder - src_order: FCR, src_shape: (20, 36, 8), dst_order: FCR, dst_shape: (20, 36, 1))
[2026-09-09 16:29:03.965] [2517] [HailoRT] [info] [queue_elements.cpp:800] [create] Created (UserBuffQEl0yolo26n/conv94 | timeout: 10s)
[2026-09-09 16:29:03.965] [2517] [HailoRT] [info] [vstream.cpp:1114] [OutputVStreamImpl] Creating yolo26n/conv94...
[2026-09-09 16:29:03.965] [2517] [HailoRT] [info] [vstream_builder.cpp:220] [create_outputs] Output pipeline 'yolo26n/conv94': HW >> (HwReadEl0yolo26n/conv94 | hw_frame_size: 11520) >> (PullQEl_hw_read0yolo26n/conv94) >> (PostInferEl0yolo26n/conv94 | Quantization - src_type: UINT16, dst_type FLOAT32, limvals_min: -64.0772, limvals_max: 0 | Reorder - src_order: FCR, src_shape: (20, 36, 8), dst_order: FCR, dst_shape: (20, 36, 1)) >> (UserBuffQEl0yolo26n/conv94 | timeout: 10s)
[2026-09-09 16:29:03.966] [2517] [HailoRT] [info] [core_op.cpp:156] [activate] Activating yolo26n took 0.564535 milliseconds. Note that the function is asynchronous and thus the network is not fully activated yet.
[2026-09-09 16:29:03.966] [2517] [HailoRT] [info] [core_op.cpp:156] [activate] Activating yolo26n took 0.576127 milliseconds. Note that the function is asynchronous and thus the network is not fully activated yet.
[2026-09-09 16:30:50.419] [2546] [HailoRT] [info] [vdevice_native_stream.cpp:331] [read_impl] Failed read from stream HAILO_STREAM_NOT_ACTIVATED(72) (device: 0001:01:00.0)
[2026-09-09 16:30:50.419] [2538] [HailoRT] [info] [vdevice_native_stream.cpp:331] [read_impl] Failed read from stream HAILO_STREAM_NOT_ACTIVATED(72) (device: 0001:01:00.0)
[2026-09-09 16:30:50.419] [2540] [HailoRT] [info] [vdevice_native_stream.cpp:331] [read_impl] Failed read from stream HAILO_STREAM_NOT_ACTIVATED(72) (device: 0001:01:00.0)
[2026-09-09 16:30:50.419] [2544] [HailoRT] [info] [vdevice_native_stream.cpp:331] [read_impl] Failed read from stream HAILO_STREAM_NOT_ACTIVATED(72) (device: 0001:01:00.0)
[2026-09-09 16:30:50.419] [2542] [HailoRT] [info] [vdevice_native_stream.cpp:331] [read_impl] Failed read from stream HAILO_STREAM_NOT_ACTIVATED(72) (device: 0001:01:00.0)
[2026-09-09 16:30:50.419] [2548] [HailoRT] [info] [vdevice_native_stream.cpp:331] [read_impl] Failed read from stream HAILO_STREAM_NOT_ACTIVATED(72) (device: 0001:01:00.0)
[2026-09-09 16:30:50.420] [2517] [HailoRT] [info] [core_op.cpp:186] [deactivate] Deactivating took 0.561409 ms
[2026-09-09 16:30:50.420] [2517] [HailoRT] [info] [core_op.cpp:186] [deactivate] Deactivating took 0.581075 ms
[2026-09-09 16:30:50.420] [2539] [HailoRT] [info] [queue_elements.cpp:855] [run_in_thread] Shutdown event was signaled in dequeue of UserBuffQEl3yolo26n/conv61!
[2026-09-09 16:30:50.420] [2538] [HailoRT] [info] [queue_elements.cpp:734] [run_in_thread] Shutdown event was signaled in run_pull of queue element PullQEl_hw_read3yolo26n/conv61!
[2026-09-09 16:30:50.420] [2538] [HailoRT] [info] [queue_elements.cpp:68] [operator()] Thread in element PullQEl_hw_read3yolo26n/conv61 is not running anymore, exiting..
[2026-09-09 16:30:50.420] [2517] [HailoRT] [info] [queue_elements.cpp:46] [~BaseQueueElement] Queue element PullQEl_hw_read3yolo26n/conv61 has 0 frames in his Queue on destruction
[2026-09-09 16:30:50.420] [2539] [HailoRT] [info] [queue_elements.cpp:68] [operator()] Thread in element UserBuffQEl3yolo26n/conv61 is not running anymore, exiting..
[2026-09-09 16:30:50.420] [2517] [HailoRT] [info] [queue_elements.cpp:46] [~BaseQueueElement] Queue element UserBuffQEl3yolo26n/conv61 has 0 frames in his Queue on destruction
[2026-09-09 16:30:50.420] [2541] [HailoRT] [info] [queue_elements.cpp:855] [run_in_thread] Shutdown event was signaled in dequeue of UserBuffQEl2yolo26n/conv64!
[2026-09-09 16:30:50.420] [2540] [HailoRT] [info] [queue_elements.cpp:734] [run_in_thread] Shutdown event was signaled in run_pull of queue element PullQEl_hw_read2yolo26n/conv64!
[2026-09-09 16:30:50.420] [2540] [HailoRT] [info] [queue_elements.cpp:68] [operator()] Thread in element PullQEl_hw_read2yolo26n/conv64 is not running anymore, exiting..
[2026-09-09 16:30:50.420] [2517] [HailoRT] [info] [queue_elements.cpp:46] [~BaseQueueElement] Queue element PullQEl_hw_read2yolo26n/conv64 has 0 frames in his Queue on destruction
[2026-09-09 16:30:50.420] [2541] [HailoRT] [info] [queue_elements.cpp:68] [operator()] Thread in element UserBuffQEl2yolo26n/conv64 is not running anymore, exiting..
[2026-09-09 16:30:50.420] [2517] [HailoRT] [info] [queue_elements.cpp:46] [~BaseQueueElement] Queue element UserBuffQEl2yolo26n/conv64 has 0 frames in his Queue on destruction
[2026-09-09 16:30:50.420] [2543] [HailoRT] [info] [queue_elements.cpp:855] [run_in_thread] Shutdown event was signaled in dequeue of UserBuffQEl2yolo26n/conv77!
[2026-09-09 16:30:50.420] [2542] [HailoRT] [info] [queue_elements.cpp:734] [run_in_thread] Shutdown event was signaled in run_pull of queue element PullQEl_hw_read2yolo26n/conv77!
[2026-09-09 16:30:50.420] [2542] [HailoRT] [info] [queue_elements.cpp:68] [operator()] Thread in element PullQEl_hw_read2yolo26n/conv77 is not running anymore, exiting..
[2026-09-09 16:30:50.420] [2517] [HailoRT] [info] [queue_elements.cpp:46] [~BaseQueueElement] Queue element PullQEl_hw_read2yolo26n/conv77 has 0 frames in his Queue on destruction
[2026-09-09 16:30:50.420] [2543] [HailoRT] [info] [queue_elements.cpp:68] [operator()] Thread in element UserBuffQEl2yolo26n/conv77 is not running anymore, exiting..
[2026-09-09 16:30:50.420] [2517] [HailoRT] [info] [queue_elements.cpp:46] [~BaseQueueElement] Queue element UserBuffQEl2yolo26n/conv77 has 0 frames in his Queue on destruction
[2026-09-09 16:30:50.420] [2544] [HailoRT] [info] [queue_elements.cpp:734] [run_in_thread] Shutdown event was signaled in run_pull of queue element PullQEl_hw_read0yolo26n/conv80!
[2026-09-09 16:30:50.420] [2545] [HailoRT] [info] [queue_elements.cpp:855] [run_in_thread] Shutdown event was signaled in dequeue of UserBuffQEl0yolo26n/conv80!
[2026-09-09 16:30:50.420] [2544] [HailoRT] [info] [queue_elements.cpp:68] [operator()] Thread in element PullQEl_hw_read0yolo26n/conv80 is not running anymore, exiting..
[2026-09-09 16:30:50.420] [2517] [HailoRT] [info] [queue_elements.cpp:46] [~BaseQueueElement] Queue element PullQEl_hw_read0yolo26n/conv80 has 0 frames in his Queue on destruction
[2026-09-09 16:30:50.420] [2545] [HailoRT] [info] [queue_elements.cpp:68] [operator()] Thread in element UserBuffQEl0yolo26n/conv80 is not running anymore, exiting..
[2026-09-09 16:30:50.420] [2517] [HailoRT] [info] [queue_elements.cpp:46] [~BaseQueueElement] Queue element UserBuffQEl0yolo26n/conv80 has 0 frames in his Queue on destruction
[2026-09-09 16:30:50.420] [2547] [HailoRT] [info] [queue_elements.cpp:855] [run_in_thread] Shutdown event was signaled in dequeue of UserBuffQEl3yolo26n/conv91!
[2026-09-09 16:30:50.420] [2546] [HailoRT] [info] [queue_elements.cpp:734] [run_in_thread] Shutdown event was signaled in run_pull of queue element PullQEl_hw_read3yolo26n/conv91!
[2026-09-09 16:30:50.420] [2546] [HailoRT] [info] [queue_elements.cpp:68] [operator()] Thread in element PullQEl_hw_read3yolo26n/conv91 is not running anymore, exiting..
[2026-09-09 16:30:50.421] [2517] [HailoRT] [info] [queue_elements.cpp:46] [~BaseQueueElement] Queue element PullQEl_hw_read3yolo26n/conv91 has 0 frames in his Queue on destruction
[2026-09-09 16:30:50.421] [2547] [HailoRT] [info] [queue_elements.cpp:68] [operator()] Thread in element UserBuffQEl3yolo26n/conv91 is not running anymore, exiting..
[2026-09-09 16:30:50.421] [2517] [HailoRT] [info] [queue_elements.cpp:46] [~BaseQueueElement] Queue element UserBuffQEl3yolo26n/conv91 has 0 frames in his Queue on destruction
[2026-09-09 16:30:50.421] [2549] [HailoRT] [info] [queue_elements.cpp:855] [run_in_thread] Shutdown event was signaled in dequeue of UserBuffQEl0yolo26n/conv94!
[2026-09-09 16:30:50.421] [2548] [HailoRT] [info] [queue_elements.cpp:734] [run_in_thread] Shutdown event was signaled in run_pull of queue element PullQEl_hw_read0yolo26n/conv94!
[2026-09-09 16:30:50.421] [2548] [HailoRT] [info] [queue_elements.cpp:68] [operator()] Thread in element PullQEl_hw_read0yolo26n/conv94 is not running anymore, exiting..
[2026-09-09 16:30:50.421] [2517] [HailoRT] [info] [queue_elements.cpp:46] [~BaseQueueElement] Queue element PullQEl_hw_read0yolo26n/conv94 has 0 frames in his Queue on destruction
[2026-09-09 16:30:50.421] [2549] [HailoRT] [info] [queue_elements.cpp:68] [operator()] Thread in element UserBuffQEl0yolo26n/conv94 is not running anymore, exiting..
[2026-09-09 16:30:50.421] [2517] [HailoRT] [info] [queue_elements.cpp:46] [~BaseQueueElement] Queue element UserBuffQEl0yolo26n/conv94 has 0 frames in his Queue on destruction
[2026-09-09 16:37:01.828] [29078] [HailoRT] [info] [vdevice.cpp:535] [create] Creating vdevice with params: device_count: 1, scheduling_algorithm: NONE, multi_process_service: false
[2026-09-09 16:37:01.840] [29078] [HailoRT] [info] [device.cpp:51] [Device] OS Version: Linux 6.18.39+rpt-rpi-2712 #1 SMP PREEMPT Debian 1:6.18.39-1+rpt1 (2026-07-29) aarch64
[2026-09-09 16:37:01.840] [29078] [HailoRT] [info] [control.cpp:113] [control__parse_identify_results] firmware_version is: 4.23.0
[2026-09-09 16:37:01.840] [29078] [HailoRT] [info] [vdevice.cpp:682] [create] VDevice Infos: 0001:01:00.0
[2026-09-09 16:37:01.847] [29078] [HailoRT] [info] [internal_buffer_manager.cpp:77] [print_execution_results] Planned internal buffer memory: CMA=0 CMA-Desc=917504 Pinned=2956800. memory to edge layer usage factor is 0.9621793
[2026-09-09 16:37:01.847] [29078] [HailoRT] [info] [internal_buffer_manager.cpp:86] [print_execution_results] Default Internal buffer planner executed successfully
[2026-09-09 16:37:01.874] [29078] [HailoRT] [info] [device_internal.cpp:57] [configure] Configuring HEF took 33.078085 milliseconds
[2026-09-09 16:37:01.874] [29078] [HailoRT] [info] [vdevice.cpp:780] [configure] Configuring HEF on VDevice took 33.381196 milliseconds
[2026-09-09 16:37:01.874] [29078] [HailoRT] [info] [hef.cpp:1994] [get_network_group_and_network_name] No name was given. Addressing all networks of default network_group: yolo26n
[2026-09-09 16:37:01.874] [29078] [HailoRT] [info] [hef.cpp:1994] [get_network_group_and_network_name] No name was given. Addressing all networks of default network_group: yolo26n
[2026-09-09 16:37:01.874] [29078] [HailoRT] [info] [edge_elements.cpp:52] [create] Created (HwWriteEl2yolo26n/input_layer1 | hw_frame_size: 2211840)
[2026-09-09 16:37:01.874] [29078] [HailoRT] [info] [vstream.cpp:754] [InputVStreamImpl] Creating yolo26n/input_layer1...
[2026-09-09 16:37:01.874] [29078] [HailoRT] [info] [vstream_builder.cpp:102] [create_inputs] Input pipeline 'yolo26n/input_layer1': (HwWriteEl2yolo26n/input_layer1 | hw_frame_size: 2211840) >> HW
[2026-09-09 16:37:01.874] [29078] [HailoRT] [info] [edge_elements.cpp:287] [create] Created (HwReadEl3yolo26n/conv61 | hw_frame_size: 92160)
[2026-09-09 16:37:01.874] [29078] [HailoRT] [info] [queue_elements.cpp:657] [create] Created (PullQEl_hw_read3yolo26n/conv61)
[2026-09-09 16:37:01.874] [29078] [HailoRT] [info] [filter_elements.cpp:372] [create] Created (PostInferEl3yolo26n/conv61 | Quantization - src_type: UINT16, dst_type FLOAT32, limvals_min: -0.881752, limvals_max: 6.27869)
[2026-09-09 16:37:01.874] [29078] [HailoRT] [info] [queue_elements.cpp:800] [create] Created (UserBuffQEl3yolo26n/conv61 | timeout: 10s)
[2026-09-09 16:37:01.874] [29078] [HailoRT] [info] [vstream.cpp:1114] [OutputVStreamImpl] Creating yolo26n/conv61...
[2026-09-09 16:37:01.874] [29078] [HailoRT] [info] [vstream_builder.cpp:220] [create_outputs] Output pipeline 'yolo26n/conv61': HW >> (HwReadEl3yolo26n/conv61 | hw_frame_size: 92160) >> (PullQEl_hw_read3yolo26n/conv61) >> (PostInferEl3yolo26n/conv61 | Quantization - src_type: UINT16, dst_type FLOAT32, limvals_min: -0.881752, limvals_max: 6.27869) >> (UserBuffQEl3yolo26n/conv61 | timeout: 10s)
[2026-09-09 16:37:01.874] [29078] [HailoRT] [info] [edge_elements.cpp:287] [create] Created (HwReadEl2yolo26n/conv64 | hw_frame_size: 23040)
[2026-09-09 16:37:01.874] [29078] [HailoRT] [info] [queue_elements.cpp:657] [create] Created (PullQEl_hw_read2yolo26n/conv64)
[2026-09-09 16:37:01.874] [29078] [HailoRT] [info] [filter_elements.cpp:372] [create] Created (PostInferEl2yolo26n/conv64 | Quantization - src_type: UINT16, dst_type FLOAT32, limvals_min: -164.817, limvals_max: 3.19963)
[2026-09-09 16:37:01.874] [29078] [HailoRT] [info] [queue_elements.cpp:800] [create] Created (UserBuffQEl2yolo26n/conv64 | timeout: 10s)
[2026-09-09 16:37:01.874] [29078] [HailoRT] [info] [vstream.cpp:1114] [OutputVStreamImpl] Creating yolo26n/conv64...
[2026-09-09 16:37:01.875] [29078] [HailoRT] [info] [vstream_builder.cpp:220] [create_outputs] Output pipeline 'yolo26n/conv64': HW >> (HwReadEl2yolo26n/conv64 | hw_frame_size: 23040) >> (PullQEl_hw_read2yolo26n/conv64) >> (PostInferEl2yolo26n/conv64 | Quantization - src_type: UINT16, dst_type FLOAT32, limvals_min: -164.817, limvals_max: 3.19963) >> (UserBuffQEl2yolo26n/conv64 | timeout: 10s)
[2026-09-09 16:37:01.875] [29078] [HailoRT] [info] [edge_elements.cpp:287] [create] Created (HwReadEl2yolo26n/conv77 | hw_frame_size: 23040)
[2026-09-09 16:37:01.875] [29078] [HailoRT] [info] [queue_elements.cpp:657] [create] Created (PullQEl_hw_read2yolo26n/conv77)
[2026-09-09 16:37:01.875] [29078] [HailoRT] [info] [filter_elements.cpp:372] [create] Created (PostInferEl2yolo26n/conv77 | Quantization - src_type: UINT16, dst_type FLOAT32, limvals_min: -0.67052, limvals_max: 17.2357)
[2026-09-09 16:37:01.875] [29078] [HailoRT] [info] [queue_elements.cpp:800] [create] Created (UserBuffQEl2yolo26n/conv77 | timeout: 10s)
[2026-09-09 16:37:01.875] [29078] [HailoRT] [info] [vstream.cpp:1114] [OutputVStreamImpl] Creating yolo26n/conv77...
[2026-09-09 16:37:01.875] [29078] [HailoRT] [info] [vstream_builder.cpp:220] [create_outputs] Output pipeline 'yolo26n/conv77': HW >> (HwReadEl2yolo26n/conv77 | hw_frame_size: 23040) >> (PullQEl_hw_read2yolo26n/conv77) >> (PostInferEl2yolo26n/conv77 | Quantization - src_type: UINT16, dst_type FLOAT32, limvals_min: -0.67052, limvals_max: 17.2357) >> (UserBuffQEl2yolo26n/conv77 | timeout: 10s)
[2026-09-09 16:37:01.875] [29078] [HailoRT] [info] [edge_elements.cpp:287] [create] Created (HwReadEl0yolo26n/conv80 | hw_frame_size: 5760)
[2026-09-09 16:37:01.875] [29078] [HailoRT] [info] [queue_elements.cpp:657] [create] Created (PullQEl_hw_read0yolo26n/conv80)
[2026-09-09 16:37:01.875] [29078] [HailoRT] [info] [filter_elements.cpp:372] [create] Created (PostInferEl0yolo26n/conv80 | Quantization - src_type: UINT16, dst_type FLOAT32, limvals_min: -67.4827, limvals_max: 0)
[2026-09-09 16:37:01.875] [29078] [HailoRT] [info] [queue_elements.cpp:800] [create] Created (UserBuffQEl0yolo26n/conv80 | timeout: 10s)
[2026-09-09 16:37:01.875] [29078] [HailoRT] [info] [vstream.cpp:1114] [OutputVStreamImpl] Creating yolo26n/conv80...
[2026-09-09 16:37:01.875] [29078] [HailoRT] [info] [vstream_builder.cpp:220] [create_outputs] Output pipeline 'yolo26n/conv80': HW >> (HwReadEl0yolo26n/conv80 | hw_frame_size: 5760) >> (PullQEl_hw_read0yolo26n/conv80) >> (PostInferEl0yolo26n/conv80 | Quantization - src_type: UINT16, dst_type FLOAT32, limvals_min: -67.4827, limvals_max: 0) >> (UserBuffQEl0yolo26n/conv80 | timeout: 10s)
[2026-09-09 16:37:01.875] [29078] [HailoRT] [info] [edge_elements.cpp:287] [create] Created (HwReadEl3yolo26n/conv91 | hw_frame_size: 11520)
[2026-09-09 16:37:01.875] [29078] [HailoRT] [info] [queue_elements.cpp:657] [create] Created (PullQEl_hw_read3yolo26n/conv91)
[2026-09-09 16:37:01.875] [29078] [HailoRT] [info] [filter_elements.cpp:372] [create] Created (PostInferEl3yolo26n/conv91 | Quantization - src_type: UINT16, dst_type FLOAT32, limvals_min: 0, limvals_max: 8.46146 | Reorder - src_order: FCR, src_shape: (20, 36, 8), dst_order: FCR, dst_shape: (20, 36, 4))
[2026-09-09 16:37:01.875] [29078] [HailoRT] [info] [queue_elements.cpp:800] [create] Created (UserBuffQEl3yolo26n/conv91 | timeout: 10s)
[2026-09-09 16:37:01.875] [29078] [HailoRT] [info] [vstream.cpp:1114] [OutputVStreamImpl] Creating yolo26n/conv91...
[2026-09-09 16:37:01.875] [29078] [HailoRT] [info] [vstream_builder.cpp:220] [create_outputs] Output pipeline 'yolo26n/conv91': HW >> (HwReadEl3yolo26n/conv91 | hw_frame_size: 11520) >> (PullQEl_hw_read3yolo26n/conv91) >> (PostInferEl3yolo26n/conv91 | Quantization - src_type: UINT16, dst_type FLOAT32, limvals_min: 0, limvals_max: 8.46146 | Reorder - src_order: FCR, src_shape: (20, 36, 8), dst_order: FCR, dst_shape: (20, 36, 4)) >> (UserBuffQEl3yolo26n/conv91 | timeout: 10s)
[2026-09-09 16:37:01.875] [29078] [HailoRT] [info] [edge_elements.cpp:287] [create] Created (HwReadEl0yolo26n/conv94 | hw_frame_size: 11520)
[2026-09-09 16:37:01.875] [29078] [HailoRT] [info] [queue_elements.cpp:657] [create] Created (PullQEl_hw_read0yolo26n/conv94)
[2026-09-09 16:37:01.875] [29078] [HailoRT] [info] [filter_elements.cpp:372] [create] Created (PostInferEl0yolo26n/conv94 | Quantization - src_type: UINT16, dst_type FLOAT32, limvals_min: -64.0772, limvals_max: 0 | Reorder - src_order: FCR, src_shape: (20, 36, 8), dst_order: FCR, dst_shape: (20, 36, 1))
[2026-09-09 16:37:01.875] [29078] [HailoRT] [info] [queue_elements.cpp:800] [create] Created (UserBuffQEl0yolo26n/conv94 | timeout: 10s)
[2026-09-09 16:37:01.875] [29078] [HailoRT] [info] [vstream.cpp:1114] [OutputVStreamImpl] Creating yolo26n/conv94...
[2026-09-09 16:37:01.875] [29078] [HailoRT] [info] [vstream_builder.cpp:220] [create_outputs] Output pipeline 'yolo26n/conv94': HW >> (HwReadEl0yolo26n/conv94 | hw_frame_size: 11520) >> (PullQEl_hw_read0yolo26n/conv94) >> (PostInferEl0yolo26n/conv94 | Quantization - src_type: UINT16, dst_type FLOAT32, limvals_min: -64.0772, limvals_max: 0 | Reorder - src_order: FCR, src_shape: (20, 36, 8), dst_order: FCR, dst_shape: (20, 36, 1)) >> (UserBuffQEl0yolo26n/conv94 | timeout: 10s)
[2026-09-09 16:37:01.876] [29078] [HailoRT] [info] [core_op.cpp:156] [activate] Activating yolo26n took 0.442574 milliseconds. Note that the function is asynchronous and thus the network is not fully activated yet.
[2026-09-09 16:37:01.876] [29078] [HailoRT] [info] [core_op.cpp:156] [activate] Activating yolo26n took 0.450481 milliseconds. Note that the function is asynchronous and thus the network is not fully activated yet.
[2026-09-09 16:40:10.288] [29104] [HailoRT] [info] [vdevice_native_stream.cpp:331] [read_impl] Failed read from stream HAILO_STREAM_NOT_ACTIVATED(72) (device: 0001:01:00.0)
[2026-09-09 16:40:10.288] [29106] [HailoRT] [info] [vdevice_native_stream.cpp:331] [read_impl] Failed read from stream HAILO_STREAM_NOT_ACTIVATED(72) (device: 0001:01:00.0)
[2026-09-09 16:40:10.288] [29108] [HailoRT] [info] [vdevice_native_stream.cpp:331] [read_impl] Failed read from stream HAILO_STREAM_NOT_ACTIVATED(72) (device: 0001:01:00.0)
[2026-09-09 16:40:10.288] [29110] [HailoRT] [info] [vdevice_native_stream.cpp:331] [read_impl] Failed read from stream HAILO_STREAM_NOT_ACTIVATED(72) (device: 0001:01:00.0)
[2026-09-09 16:40:10.288] [29114] [HailoRT] [info] [vdevice_native_stream.cpp:331] [read_impl] Failed read from stream HAILO_STREAM_NOT_ACTIVATED(72) (device: 0001:01:00.0)
[2026-09-09 16:40:10.288] [29112] [HailoRT] [info] [vdevice_native_stream.cpp:331] [read_impl] Failed read from stream HAILO_STREAM_NOT_ACTIVATED(72) (device: 0001:01:00.0)
[2026-09-09 16:40:10.288] [29078] [HailoRT] [info] [core_op.cpp:186] [deactivate] Deactivating took 0.490333 ms
[2026-09-09 16:40:10.288] [29078] [HailoRT] [info] [core_op.cpp:186] [deactivate] Deactivating took 0.50663 ms
[2026-09-09 16:40:10.288] [29105] [HailoRT] [info] [queue_elements.cpp:855] [run_in_thread] Shutdown event was signaled in dequeue of UserBuffQEl3yolo26n/conv61!
[2026-09-09 16:40:10.288] [29104] [HailoRT] [info] [queue_elements.cpp:734] [run_in_thread] Shutdown event was signaled in run_pull of queue element PullQEl_hw_read3yolo26n/conv61!
[2026-09-09 16:40:10.289] [29104] [HailoRT] [info] [queue_elements.cpp:68] [operator()] Thread in element PullQEl_hw_read3yolo26n/conv61 is not running anymore, exiting..
[2026-09-09 16:40:10.289] [29078] [HailoRT] [info] [queue_elements.cpp:46] [~BaseQueueElement] Queue element PullQEl_hw_read3yolo26n/conv61 has 0 frames in his Queue on destruction
[2026-09-09 16:40:10.289] [29105] [HailoRT] [info] [queue_elements.cpp:68] [operator()] Thread in element UserBuffQEl3yolo26n/conv61 is not running anymore, exiting..
[2026-09-09 16:40:10.289] [29078] [HailoRT] [info] [queue_elements.cpp:46] [~BaseQueueElement] Queue element UserBuffQEl3yolo26n/conv61 has 0 frames in his Queue on destruction
[2026-09-09 16:40:10.289] [29107] [HailoRT] [info] [queue_elements.cpp:855] [run_in_thread] Shutdown event was signaled in dequeue of UserBuffQEl2yolo26n/conv64!
[2026-09-09 16:40:10.289] [29106] [HailoRT] [info] [queue_elements.cpp:734] [run_in_thread] Shutdown event was signaled in run_pull of queue element PullQEl_hw_read2yolo26n/conv64!
[2026-09-09 16:40:10.289] [29106] [HailoRT] [info] [queue_elements.cpp:68] [operator()] Thread in element PullQEl_hw_read2yolo26n/conv64 is not running anymore, exiting..
[2026-09-09 16:40:10.289] [29078] [HailoRT] [info] [queue_elements.cpp:46] [~BaseQueueElement] Queue element PullQEl_hw_read2yolo26n/conv64 has 0 frames in his Queue on destruction
[2026-09-09 16:40:10.289] [29107] [HailoRT] [info] [queue_elements.cpp:68] [operator()] Thread in element UserBuffQEl2yolo26n/conv64 is not running anymore, exiting..
[2026-09-09 16:40:10.289] [29078] [HailoRT] [info] [queue_elements.cpp:46] [~BaseQueueElement] Queue element UserBuffQEl2yolo26n/conv64 has 0 frames in his Queue on destruction
[2026-09-09 16:40:10.289] [29109] [HailoRT] [info] [queue_elements.cpp:855] [run_in_thread] Shutdown event was signaled in dequeue of UserBuffQEl2yolo26n/conv77!
[2026-09-09 16:40:10.289] [29108] [HailoRT] [info] [queue_elements.cpp:734] [run_in_thread] Shutdown event was signaled in run_pull of queue element PullQEl_hw_read2yolo26n/conv77!
[2026-09-09 16:40:10.289] [29108] [HailoRT] [info] [queue_elements.cpp:68] [operator()] Thread in element PullQEl_hw_read2yolo26n/conv77 is not running anymore, exiting..
[2026-09-09 16:40:10.289] [29078] [HailoRT] [info] [queue_elements.cpp:46] [~BaseQueueElement] Queue element PullQEl_hw_read2yolo26n/conv77 has 0 frames in his Queue on destruction
[2026-09-09 16:40:10.289] [29109] [HailoRT] [info] [queue_elements.cpp:68] [operator()] Thread in element UserBuffQEl2yolo26n/conv77 is not running anymore, exiting..
[2026-09-09 16:40:10.289] [29078] [HailoRT] [info] [queue_elements.cpp:46] [~BaseQueueElement] Queue element UserBuffQEl2yolo26n/conv77 has 0 frames in his Queue on destruction
[2026-09-09 16:40:10.289] [29110] [HailoRT] [info] [queue_elements.cpp:734] [run_in_thread] Shutdown event was signaled in run_pull of queue element PullQEl_hw_read0yolo26n/conv80!
[2026-09-09 16:40:10.289] [29111] [HailoRT] [info] [queue_elements.cpp:855] [run_in_thread] Shutdown event was signaled in dequeue of UserBuffQEl0yolo26n/conv80!
[2026-09-09 16:40:10.289] [29110] [HailoRT] [info] [queue_elements.cpp:68] [operator()] Thread in element PullQEl_hw_read0yolo26n/conv80 is not running anymore, exiting..
[2026-09-09 16:40:10.289] [29078] [HailoRT] [info] [queue_elements.cpp:46] [~BaseQueueElement] Queue element PullQEl_hw_read0yolo26n/conv80 has 0 frames in his Queue on destruction
[2026-09-09 16:40:10.289] [29111] [HailoRT] [info] [queue_elements.cpp:68] [operator()] Thread in element UserBuffQEl0yolo26n/conv80 is not running anymore, exiting..
[2026-09-09 16:40:10.289] [29078] [HailoRT] [info] [queue_elements.cpp:46] [~BaseQueueElement] Queue element UserBuffQEl0yolo26n/conv80 has 0 frames in his Queue on destruction
[2026-09-09 16:40:10.289] [29112] [HailoRT] [info] [queue_elements.cpp:734] [run_in_thread] Shutdown event was signaled in run_pull of queue element PullQEl_hw_read3yolo26n/conv91!
[2026-09-09 16:40:10.289] [29113] [HailoRT] [info] [queue_elements.cpp:855] [run_in_thread] Shutdown event was signaled in dequeue of UserBuffQEl3yolo26n/conv91!
[2026-09-09 16:40:10.289] [29112] [HailoRT] [info] [queue_elements.cpp:68] [operator()] Thread in element PullQEl_hw_read3yolo26n/conv91 is not running anymore, exiting..
[2026-09-09 16:40:10.289] [29078] [HailoRT] [info] [queue_elements.cpp:46] [~BaseQueueElement] Queue element PullQEl_hw_read3yolo26n/conv91 has 0 frames in his Queue on destruction
[2026-09-09 16:40:10.289] [29113] [HailoRT] [info] [queue_elements.cpp:68] [operator()] Thread in element UserBuffQEl3yolo26n/conv91 is not running anymore, exiting..
[2026-09-09 16:40:10.289] [29078] [HailoRT] [info] [queue_elements.cpp:46] [~BaseQueueElement] Queue element UserBuffQEl3yolo26n/conv91 has 0 frames in his Queue on destruction
[2026-09-09 16:40:10.289] [29114] [HailoRT] [info] [queue_elements.cpp:734] [run_in_thread] Shutdown event was signaled in run_pull of queue element PullQEl_hw_read0yolo26n/conv94!
[2026-09-09 16:40:10.289] [29115] [HailoRT] [info] [queue_elements.cpp:855] [run_in_thread] Shutdown event was signaled in dequeue of UserBuffQEl0yolo26n/conv94!
[2026-09-09 16:40:10.289] [29114] [HailoRT] [info] [queue_elements.cpp:68] [operator()] Thread in element PullQEl_hw_read0yolo26n/conv94 is not running anymore, exiting..
[2026-09-09 16:40:10.289] [29078] [HailoRT] [info] [queue_elements.cpp:46] [~BaseQueueElement] Queue element PullQEl_hw_read0yolo26n/conv94 has 0 frames in his Queue on destruction
[2026-09-09 16:40:10.289] [29115] [HailoRT] [info] [queue_elements.cpp:68] [operator()] Thread in element UserBuffQEl0yolo26n/conv94 is not running anymore, exiting..
[2026-09-09 16:40:10.289] [29078] [HailoRT] [info] [queue_elements.cpp:46] [~BaseQueueElement] Queue element UserBuffQEl0yolo26n/conv94 has 0 frames in his Queue on destruction
[2026-09-09 16:46:41.688] [78215] [HailoRT] [info] [vdevice.cpp:535] [create] Creating vdevice with params: device_count: 1, scheduling_algorithm: NONE, multi_process_service: false
[2026-09-09 16:46:41.700] [78215] [HailoRT] [info] [device.cpp:51] [Device] OS Version: Linux 6.18.39+rpt-rpi-2712 #1 SMP PREEMPT Debian 1:6.18.39-1+rpt1 (2026-07-29) aarch64
[2026-09-09 16:46:41.700] [78215] [HailoRT] [info] [control.cpp:113] [control__parse_identify_results] firmware_version is: 4.23.0
[2026-09-09 16:46:41.700] [78215] [HailoRT] [info] [vdevice.cpp:682] [create] VDevice Infos: 0001:01:00.0
[2026-09-09 16:46:41.707] [78215] [HailoRT] [info] [internal_buffer_manager.cpp:77] [print_execution_results] Planned internal buffer memory: CMA=0 CMA-Desc=917504 Pinned=2956800. memory to edge layer usage factor is 0.9621793
[2026-09-09 16:46:41.707] [78215] [HailoRT] [info] [internal_buffer_manager.cpp:86] [print_execution_results] Default Internal buffer planner executed successfully
[2026-09-09 16:46:41.742] [78215] [HailoRT] [info] [device_internal.cpp:57] [configure] Configuring HEF took 40.991744 milliseconds
[2026-09-09 16:46:41.742] [78215] [HailoRT] [info] [vdevice.cpp:780] [configure] Configuring HEF on VDevice took 41.30291 milliseconds
[2026-09-09 16:46:41.742] [78215] [HailoRT] [info] [hef.cpp:1994] [get_network_group_and_network_name] No name was given. Addressing all networks of default network_group: yolo26n
[2026-09-09 16:46:41.742] [78215] [HailoRT] [info] [hef.cpp:1994] [get_network_group_and_network_name] No name was given. Addressing all networks of default network_group: yolo26n
[2026-09-09 16:46:41.742] [78215] [HailoRT] [info] [edge_elements.cpp:52] [create] Created (HwWriteEl2yolo26n/input_layer1 | hw_frame_size: 2211840)
[2026-09-09 16:46:41.742] [78215] [HailoRT] [info] [vstream.cpp:754] [InputVStreamImpl] Creating yolo26n/input_layer1...
[2026-09-09 16:46:41.742] [78215] [HailoRT] [info] [vstream_builder.cpp:102] [create_inputs] Input pipeline 'yolo26n/input_layer1': (HwWriteEl2yolo26n/input_layer1 | hw_frame_size: 2211840) >> HW
[2026-09-09 16:46:41.742] [78215] [HailoRT] [info] [edge_elements.cpp:287] [create] Created (HwReadEl3yolo26n/conv61 | hw_frame_size: 92160)
[2026-09-09 16:46:41.742] [78215] [HailoRT] [info] [queue_elements.cpp:657] [create] Created (PullQEl_hw_read3yolo26n/conv61)
[2026-09-09 16:46:41.742] [78215] [HailoRT] [info] [filter_elements.cpp:372] [create] Created (PostInferEl3yolo26n/conv61 | Quantization - src_type: UINT16, dst_type FLOAT32, limvals_min: -0.881752, limvals_max: 6.27869)
[2026-09-09 16:46:41.742] [78215] [HailoRT] [info] [queue_elements.cpp:800] [create] Created (UserBuffQEl3yolo26n/conv61 | timeout: 10s)
[2026-09-09 16:46:41.742] [78215] [HailoRT] [info] [vstream.cpp:1114] [OutputVStreamImpl] Creating yolo26n/conv61...
[2026-09-09 16:46:41.742] [78215] [HailoRT] [info] [vstream_builder.cpp:220] [create_outputs] Output pipeline 'yolo26n/conv61': HW >> (HwReadEl3yolo26n/conv61 | hw_frame_size: 92160) >> (PullQEl_hw_read3yolo26n/conv61) >> (PostInferEl3yolo26n/conv61 | Quantization - src_type: UINT16, dst_type FLOAT32, limvals_min: -0.881752, limvals_max: 6.27869) >> (UserBuffQEl3yolo26n/conv61 | timeout: 10s)
[2026-09-09 16:46:41.742] [78215] [HailoRT] [info] [edge_elements.cpp:287] [create] Created (HwReadEl2yolo26n/conv64 | hw_frame_size: 23040)
[2026-09-09 16:46:41.742] [78215] [HailoRT] [info] [queue_elements.cpp:657] [create] Created (PullQEl_hw_read2yolo26n/conv64)
[2026-09-09 16:46:41.743] [78215] [HailoRT] [info] [filter_elements.cpp:372] [create] Created (PostInferEl2yolo26n/conv64 | Quantization - src_type: UINT16, dst_type FLOAT32, limvals_min: -164.817, limvals_max: 3.19963)
[2026-09-09 16:46:41.743] [78215] [HailoRT] [info] [queue_elements.cpp:800] [create] Created (UserBuffQEl2yolo26n/conv64 | timeout: 10s)
[2026-09-09 16:46:41.743] [78215] [HailoRT] [info] [vstream.cpp:1114] [OutputVStreamImpl] Creating yolo26n/conv64...
[2026-09-09 16:46:41.743] [78215] [HailoRT] [info] [vstream_builder.cpp:220] [create_outputs] Output pipeline 'yolo26n/conv64': HW >> (HwReadEl2yolo26n/conv64 | hw_frame_size: 23040) >> (PullQEl_hw_read2yolo26n/conv64) >> (PostInferEl2yolo26n/conv64 | Quantization - src_type: UINT16, dst_type FLOAT32, limvals_min: -164.817, limvals_max: 3.19963) >> (UserBuffQEl2yolo26n/conv64 | timeout: 10s)
[2026-09-09 16:46:41.743] [78215] [HailoRT] [info] [edge_elements.cpp:287] [create] Created (HwReadEl2yolo26n/conv77 | hw_frame_size: 23040)
[2026-09-09 16:46:41.743] [78215] [HailoRT] [info] [queue_elements.cpp:657] [create] Created (PullQEl_hw_read2yolo26n/conv77)
[2026-09-09 16:46:41.743] [78215] [HailoRT] [info] [filter_elements.cpp:372] [create] Created (PostInferEl2yolo26n/conv77 | Quantization - src_type: UINT16, dst_type FLOAT32, limvals_min: -0.67052, limvals_max: 17.2357)
[2026-09-09 16:46:41.743] [78215] [HailoRT] [info] [queue_elements.cpp:800] [create] Created (UserBuffQEl2yolo26n/conv77 | timeout: 10s)
[2026-09-09 16:46:41.743] [78215] [HailoRT] [info] [vstream.cpp:1114] [OutputVStreamImpl] Creating yolo26n/conv77...
[2026-09-09 16:46:41.743] [78215] [HailoRT] [info] [vstream_builder.cpp:220] [create_outputs] Output pipeline 'yolo26n/conv77': HW >> (HwReadEl2yolo26n/conv77 | hw_frame_size: 23040) >> (PullQEl_hw_read2yolo26n/conv77) >> (PostInferEl2yolo26n/conv77 | Quantization - src_type: UINT16, dst_type FLOAT32, limvals_min: -0.67052, limvals_max: 17.2357) >> (UserBuffQEl2yolo26n/conv77 | timeout: 10s)
[2026-09-09 16:46:41.743] [78215] [HailoRT] [info] [edge_elements.cpp:287] [create] Created (HwReadEl0yolo26n/conv80 | hw_frame_size: 5760)
[2026-09-09 16:46:41.743] [78215] [HailoRT] [info] [queue_elements.cpp:657] [create] Created (PullQEl_hw_read0yolo26n/conv80)
[2026-09-09 16:46:41.743] [78215] [HailoRT] [info] [filter_elements.cpp:372] [create] Created (PostInferEl0yolo26n/conv80 | Quantization - src_type: UINT16, dst_type FLOAT32, limvals_min: -67.4827, limvals_max: 0)
[2026-09-09 16:46:41.743] [78215] [HailoRT] [info] [queue_elements.cpp:800] [create] Created (UserBuffQEl0yolo26n/conv80 | timeout: 10s)
[2026-09-09 16:46:41.743] [78215] [HailoRT] [info] [vstream.cpp:1114] [OutputVStreamImpl] Creating yolo26n/conv80...
[2026-09-09 16:46:41.743] [78215] [HailoRT] [info] [vstream_builder.cpp:220] [create_outputs] Output pipeline 'yolo26n/conv80': HW >> (HwReadEl0yolo26n/conv80 | hw_frame_size: 5760) >> (PullQEl_hw_read0yolo26n/conv80) >> (PostInferEl0yolo26n/conv80 | Quantization - src_type: UINT16, dst_type FLOAT32, limvals_min: -67.4827, limvals_max: 0) >> (UserBuffQEl0yolo26n/conv80 | timeout: 10s)
[2026-09-09 16:46:41.743] [78215] [HailoRT] [info] [edge_elements.cpp:287] [create] Created (HwReadEl3yolo26n/conv91 | hw_frame_size: 11520)
[2026-09-09 16:46:41.743] [78215] [HailoRT] [info] [queue_elements.cpp:657] [create] Created (PullQEl_hw_read3yolo26n/conv91)
[2026-09-09 16:46:41.743] [78215] [HailoRT] [info] [filter_elements.cpp:372] [create] Created (PostInferEl3yolo26n/conv91 | Quantization - src_type: UINT16, dst_type FLOAT32, limvals_min: 0, limvals_max: 8.46146 | Reorder - src_order: FCR, src_shape: (20, 36, 8), dst_order: FCR, dst_shape: (20, 36, 4))
[2026-09-09 16:46:41.743] [78215] [HailoRT] [info] [queue_elements.cpp:800] [create] Created (UserBuffQEl3yolo26n/conv91 | timeout: 10s)
[2026-09-09 16:46:41.743] [78215] [HailoRT] [info] [vstream.cpp:1114] [OutputVStreamImpl] Creating yolo26n/conv91...
[2026-09-09 16:46:41.743] [78215] [HailoRT] [info] [vstream_builder.cpp:220] [create_outputs] Output pipeline 'yolo26n/conv91': HW >> (HwReadEl3yolo26n/conv91 | hw_frame_size: 11520) >> (PullQEl_hw_read3yolo26n/conv91) >> (PostInferEl3yolo26n/conv91 | Quantization - src_type: UINT16, dst_type FLOAT32, limvals_min: 0, limvals_max: 8.46146 | Reorder - src_order: FCR, src_shape: (20, 36, 8), dst_order: FCR, dst_shape: (20, 36, 4)) >> (UserBuffQEl3yolo26n/conv91 | timeout: 10s)
[2026-09-09 16:46:41.743] [78215] [HailoRT] [info] [edge_elements.cpp:287] [create] Created (HwReadEl0yolo26n/conv94 | hw_frame_size: 11520)
[2026-09-09 16:46:41.743] [78215] [HailoRT] [info] [queue_elements.cpp:657] [create] Created (PullQEl_hw_read0yolo26n/conv94)
[2026-09-09 16:46:41.743] [78215] [HailoRT] [info] [filter_elements.cpp:372] [create] Created (PostInferEl0yolo26n/conv94 | Quantization - src_type: UINT16, dst_type FLOAT32, limvals_min: -64.0772, limvals_max: 0 | Reorder - src_order: FCR, src_shape: (20, 36, 8), dst_order: FCR, dst_shape: (20, 36, 1))
[2026-09-09 16:46:41.743] [78215] [HailoRT] [info] [queue_elements.cpp:800] [create] Created (UserBuffQEl0yolo26n/conv94 | timeout: 10s)
[2026-09-09 16:46:41.743] [78215] [HailoRT] [info] [vstream.cpp:1114] [OutputVStreamImpl] Creating yolo26n/conv94...
[2026-09-09 16:46:41.743] [78215] [HailoRT] [info] [vstream_builder.cpp:220] [create_outputs] Output pipeline 'yolo26n/conv94': HW >> (HwReadEl0yolo26n/conv94 | hw_frame_size: 11520) >> (PullQEl_hw_read0yolo26n/conv94) >> (PostInferEl0yolo26n/conv94 | Quantization - src_type: UINT16, dst_type FLOAT32, limvals_min: -64.0772, limvals_max: 0 | Reorder - src_order: FCR, src_shape: (20, 36, 8), dst_order: FCR, dst_shape: (20, 36, 1)) >> (UserBuffQEl0yolo26n/conv94 | timeout: 10s)
[2026-09-09 16:46:41.744] [78215] [HailoRT] [info] [core_op.cpp:156] [activate] Activating yolo26n took 0.533592 milliseconds. Note that the function is asynchronous and thus the network is not fully activated yet.
[2026-09-09 16:46:41.744] [78215] [HailoRT] [info] [core_op.cpp:156] [activate] Activating yolo26n took 0.548425 milliseconds. Note that the function is asynchronous and thus the network is not fully activated yet.
[2026-09-09 16:49:25.770] [78240] [HailoRT] [info] [vdevice_native_stream.cpp:331] [read_impl] Failed read from stream HAILO_STREAM_NOT_ACTIVATED(72) (device: 0001:01:00.0)
[2026-09-09 16:49:25.770] [78238] [HailoRT] [info] [vdevice_native_stream.cpp:331] [read_impl] Failed read from stream HAILO_STREAM_NOT_ACTIVATED(72) (device: 0001:01:00.0)
[2026-09-09 16:49:25.770] [78248] [HailoRT] [info] [vdevice_native_stream.cpp:331] [read_impl] Failed read from stream HAILO_STREAM_NOT_ACTIVATED(72) (device: 0001:01:00.0)
[2026-09-09 16:49:25.770] [78236] [HailoRT] [info] [vdevice_native_stream.cpp:331] [read_impl] Failed read from stream HAILO_STREAM_NOT_ACTIVATED(72) (device: 0001:01:00.0)
[2026-09-09 16:49:25.770] [78245] [HailoRT] [info] [vdevice_native_stream.cpp:331] [read_impl] Failed read from stream HAILO_STREAM_NOT_ACTIVATED(72) (device: 0001:01:00.0)
[2026-09-09 16:49:25.770] [78243] [HailoRT] [info] [vdevice_native_stream.cpp:331] [read_impl] Failed read from stream HAILO_STREAM_NOT_ACTIVATED(72) (device: 0001:01:00.0)
[2026-09-09 16:49:25.770] [78215] [HailoRT] [info] [core_op.cpp:186] [deactivate] Deactivating took 0.543814 ms
[2026-09-09 16:49:25.770] [78215] [HailoRT] [info] [core_op.cpp:186] [deactivate] Deactivating took 0.563222 ms
[2026-09-09 16:49:25.770] [78237] [HailoRT] [info] [queue_elements.cpp:855] [run_in_thread] Shutdown event was signaled in dequeue of UserBuffQEl3yolo26n/conv61!
[2026-09-09 16:49:25.770] [78236] [HailoRT] [info] [queue_elements.cpp:734] [run_in_thread] Shutdown event was signaled in run_pull of queue element PullQEl_hw_read3yolo26n/conv61!
[2026-09-09 16:49:25.770] [78236] [HailoRT] [info] [queue_elements.cpp:68] [operator()] Thread in element PullQEl_hw_read3yolo26n/conv61 is not running anymore, exiting..
[2026-09-09 16:49:25.770] [78215] [HailoRT] [info] [queue_elements.cpp:46] [~BaseQueueElement] Queue element PullQEl_hw_read3yolo26n/conv61 has 0 frames in his Queue on destruction
[2026-09-09 16:49:25.770] [78237] [HailoRT] [info] [queue_elements.cpp:68] [operator()] Thread in element UserBuffQEl3yolo26n/conv61 is not running anymore, exiting..
[2026-09-09 16:49:25.770] [78215] [HailoRT] [info] [queue_elements.cpp:46] [~BaseQueueElement] Queue element UserBuffQEl3yolo26n/conv61 has 0 frames in his Queue on destruction
[2026-09-09 16:49:25.770] [78238] [HailoRT] [info] [queue_elements.cpp:734] [run_in_thread] Shutdown event was signaled in run_pull of queue element PullQEl_hw_read2yolo26n/conv64!
[2026-09-09 16:49:25.770] [78239] [HailoRT] [info] [queue_elements.cpp:855] [run_in_thread] Shutdown event was signaled in dequeue of UserBuffQEl2yolo26n/conv64!
[2026-09-09 16:49:25.770] [78238] [HailoRT] [info] [queue_elements.cpp:68] [operator()] Thread in element PullQEl_hw_read2yolo26n/conv64 is not running anymore, exiting..
[2026-09-09 16:49:25.770] [78215] [HailoRT] [info] [queue_elements.cpp:46] [~BaseQueueElement] Queue element PullQEl_hw_read2yolo26n/conv64 has 0 frames in his Queue on destruction
[2026-09-09 16:49:25.770] [78239] [HailoRT] [info] [queue_elements.cpp:68] [operator()] Thread in element UserBuffQEl2yolo26n/conv64 is not running anymore, exiting..
[2026-09-09 16:49:25.770] [78215] [HailoRT] [info] [queue_elements.cpp:46] [~BaseQueueElement] Queue element UserBuffQEl2yolo26n/conv64 has 0 frames in his Queue on destruction
[2026-09-09 16:49:25.770] [78240] [HailoRT] [info] [queue_elements.cpp:734] [run_in_thread] Shutdown event was signaled in run_pull of queue element PullQEl_hw_read2yolo26n/conv77!
[2026-09-09 16:49:25.770] [78241] [HailoRT] [info] [queue_elements.cpp:855] [run_in_thread] Shutdown event was signaled in dequeue of UserBuffQEl2yolo26n/conv77!
[2026-09-09 16:49:25.770] [78240] [HailoRT] [info] [queue_elements.cpp:68] [operator()] Thread in element PullQEl_hw_read2yolo26n/conv77 is not running anymore, exiting..
[2026-09-09 16:49:25.771] [78215] [HailoRT] [info] [queue_elements.cpp:46] [~BaseQueueElement] Queue element PullQEl_hw_read2yolo26n/conv77 has 0 frames in his Queue on destruction
[2026-09-09 16:49:25.771] [78241] [HailoRT] [info] [queue_elements.cpp:68] [operator()] Thread in element UserBuffQEl2yolo26n/conv77 is not running anymore, exiting..
[2026-09-09 16:49:25.771] [78215] [HailoRT] [info] [queue_elements.cpp:46] [~BaseQueueElement] Queue element UserBuffQEl2yolo26n/conv77 has 0 frames in his Queue on destruction
[2026-09-09 16:49:25.771] [78244] [HailoRT] [info] [queue_elements.cpp:855] [run_in_thread] Shutdown event was signaled in dequeue of UserBuffQEl0yolo26n/conv80!
[2026-09-09 16:49:25.771] [78243] [HailoRT] [info] [queue_elements.cpp:734] [run_in_thread] Shutdown event was signaled in run_pull of queue element PullQEl_hw_read0yolo26n/conv80!
[2026-09-09 16:49:25.771] [78243] [HailoRT] [info] [queue_elements.cpp:68] [operator()] Thread in element PullQEl_hw_read0yolo26n/conv80 is not running anymore, exiting..
[2026-09-09 16:49:25.771] [78215] [HailoRT] [info] [queue_elements.cpp:46] [~BaseQueueElement] Queue element PullQEl_hw_read0yolo26n/conv80 has 0 frames in his Queue on destruction
[2026-09-09 16:49:25.771] [78244] [HailoRT] [info] [queue_elements.cpp:68] [operator()] Thread in element UserBuffQEl0yolo26n/conv80 is not running anymore, exiting..
[2026-09-09 16:49:25.771] [78215] [HailoRT] [info] [queue_elements.cpp:46] [~BaseQueueElement] Queue element UserBuffQEl0yolo26n/conv80 has 0 frames in his Queue on destruction
[2026-09-09 16:49:25.771] [78245] [HailoRT] [info] [queue_elements.cpp:734] [run_in_thread] Shutdown event was signaled in run_pull of queue element PullQEl_hw_read3yolo26n/conv91!
[2026-09-09 16:49:25.771] [78247] [HailoRT] [info] [queue_elements.cpp:855] [run_in_thread] Shutdown event was signaled in dequeue of UserBuffQEl3yolo26n/conv91!
[2026-09-09 16:49:25.771] [78245] [HailoRT] [info] [queue_elements.cpp:68] [operator()] Thread in element PullQEl_hw_read3yolo26n/conv91 is not running anymore, exiting..
[2026-09-09 16:49:25.771] [78215] [HailoRT] [info] [queue_elements.cpp:46] [~BaseQueueElement] Queue element PullQEl_hw_read3yolo26n/conv91 has 0 frames in his Queue on destruction
[2026-09-09 16:49:25.771] [78247] [HailoRT] [info] [queue_elements.cpp:68] [operator()] Thread in element UserBuffQEl3yolo26n/conv91 is not running anymore, exiting..
[2026-09-09 16:49:25.771] [78215] [HailoRT] [info] [queue_elements.cpp:46] [~BaseQueueElement] Queue element UserBuffQEl3yolo26n/conv91 has 0 frames in his Queue on destruction
[2026-09-09 16:49:25.771] [78249] [HailoRT] [info] [queue_elements.cpp:855] [run_in_thread] Shutdown event was signaled in dequeue of UserBuffQEl0yolo26n/conv94!
[2026-09-09 16:49:25.771] [78248] [HailoRT] [info] [queue_elements.cpp:734] [run_in_thread] Shutdown event was signaled in run_pull of queue element PullQEl_hw_read0yolo26n/conv94!
[2026-09-09 16:49:25.772] [78248] [HailoRT] [info] [queue_elements.cpp:68] [operator()] Thread in element PullQEl_hw_read0yolo26n/conv94 is not running anymore, exiting..
[2026-09-09 16:49:25.772] [78215] [HailoRT] [info] [queue_elements.cpp:46] [~BaseQueueElement] Queue element PullQEl_hw_read0yolo26n/conv94 has 0 frames in his Queue on destruction
[2026-09-09 16:49:25.772] [78249] [HailoRT] [info] [queue_elements.cpp:68] [operator()] Thread in element UserBuffQEl0yolo26n/conv94 is not running anymore, exiting..
[2026-09-09 16:49:25.772] [78215] [HailoRT] [info] [queue_elements.cpp:46] [~BaseQueueElement] Queue element UserBuffQEl0yolo26n/conv94 has 0 frames in his Queue on destruction
[2026-09-09 16:53:58.826] [121137] [HailoRT] [info] [vdevice.cpp:535] [create] Creating vdevice with params: device_count: 1, scheduling_algorithm: NONE, multi_process_service: false
[2026-09-09 16:53:58.839] [121137] [HailoRT] [info] [device.cpp:51] [Device] OS Version: Linux 6.18.39+rpt-rpi-2712 #1 SMP PREEMPT Debian 1:6.18.39-1+rpt1 (2026-07-29) aarch64
[2026-09-09 16:53:58.839] [121137] [HailoRT] [info] [control.cpp:113] [control__parse_identify_results] firmware_version is: 4.23.0
[2026-09-09 16:53:58.839] [121137] [HailoRT] [info] [vdevice.cpp:682] [create] VDevice Infos: 0001:01:00.0
[2026-09-09 16:53:58.846] [121137] [HailoRT] [info] [internal_buffer_manager.cpp:77] [print_execution_results] Planned internal buffer memory: CMA=0 CMA-Desc=917504 Pinned=2956800. memory to edge layer usage factor is 0.9621793
[2026-09-09 16:53:58.846] [121137] [HailoRT] [info] [internal_buffer_manager.cpp:86] [print_execution_results] Default Internal buffer planner executed successfully
[2026-09-09 16:53:58.873] [121137] [HailoRT] [info] [device_internal.cpp:57] [configure] Configuring HEF took 33.721769 milliseconds
[2026-09-09 16:53:58.873] [121137] [HailoRT] [info] [vdevice.cpp:780] [configure] Configuring HEF on VDevice took 34.032491 milliseconds
[2026-09-09 16:53:58.873] [121137] [HailoRT] [info] [hef.cpp:1994] [get_network_group_and_network_name] No name was given. Addressing all networks of default network_group: yolo26n
[2026-09-09 16:53:58.874] [121137] [HailoRT] [info] [hef.cpp:1994] [get_network_group_and_network_name] No name was given. Addressing all networks of default network_group: yolo26n
[2026-09-09 16:53:58.874] [121137] [HailoRT] [info] [edge_elements.cpp:52] [create] Created (HwWriteEl2yolo26n/input_layer1 | hw_frame_size: 2211840)
[2026-09-09 16:53:58.874] [121137] [HailoRT] [info] [vstream.cpp:754] [InputVStreamImpl] Creating yolo26n/input_layer1...
[2026-09-09 16:53:58.874] [121137] [HailoRT] [info] [vstream_builder.cpp:102] [create_inputs] Input pipeline 'yolo26n/input_layer1': (HwWriteEl2yolo26n/input_layer1 | hw_frame_size: 2211840) >> HW
[2026-09-09 16:53:58.874] [121137] [HailoRT] [info] [edge_elements.cpp:287] [create] Created (HwReadEl3yolo26n/conv61 | hw_frame_size: 92160)
[2026-09-09 16:53:58.874] [121137] [HailoRT] [info] [queue_elements.cpp:657] [create] Created (PullQEl_hw_read3yolo26n/conv61)
[2026-09-09 16:53:58.874] [121137] [HailoRT] [info] [filter_elements.cpp:372] [create] Created (PostInferEl3yolo26n/conv61 | Quantization - src_type: UINT16, dst_type FLOAT32, limvals_min: -0.881752, limvals_max: 6.27869)
[2026-09-09 16:53:58.874] [121137] [HailoRT] [info] [queue_elements.cpp:800] [create] Created (UserBuffQEl3yolo26n/conv61 | timeout: 10s)
[2026-09-09 16:53:58.874] [121137] [HailoRT] [info] [vstream.cpp:1114] [OutputVStreamImpl] Creating yolo26n/conv61...
[2026-09-09 16:53:58.874] [121137] [HailoRT] [info] [vstream_builder.cpp:220] [create_outputs] Output pipeline 'yolo26n/conv61': HW >> (HwReadEl3yolo26n/conv61 | hw_frame_size: 92160) >> (PullQEl_hw_read3yolo26n/conv61) >> (PostInferEl3yolo26n/conv61 | Quantization - src_type: UINT16, dst_type FLOAT32, limvals_min: -0.881752, limvals_max: 6.27869) >> (UserBuffQEl3yolo26n/conv61 | timeout: 10s)
[2026-09-09 16:53:58.874] [121137] [HailoRT] [info] [edge_elements.cpp:287] [create] Created (HwReadEl2yolo26n/conv64 | hw_frame_size: 23040)
[2026-09-09 16:53:58.874] [121137] [HailoRT] [info] [queue_elements.cpp:657] [create] Created (PullQEl_hw_read2yolo26n/conv64)
[2026-09-09 16:53:58.874] [121137] [HailoRT] [info] [filter_elements.cpp:372] [create] Created (PostInferEl2yolo26n/conv64 | Quantization - src_type: UINT16, dst_type FLOAT32, limvals_min: -164.817, limvals_max: 3.19963)
[2026-09-09 16:53:58.874] [121137] [HailoRT] [info] [queue_elements.cpp:800] [create] Created (UserBuffQEl2yolo26n/conv64 | timeout: 10s)
[2026-09-09 16:53:58.874] [121137] [HailoRT] [info] [vstream.cpp:1114] [OutputVStreamImpl] Creating yolo26n/conv64...
[2026-09-09 16:53:58.874] [121137] [HailoRT] [info] [vstream_builder.cpp:220] [create_outputs] Output pipeline 'yolo26n/conv64': HW >> (HwReadEl2yolo26n/conv64 | hw_frame_size: 23040) >> (PullQEl_hw_read2yolo26n/conv64) >> (PostInferEl2yolo26n/conv64 | Quantization - src_type: UINT16, dst_type FLOAT32, limvals_min: -164.817, limvals_max: 3.19963) >> (UserBuffQEl2yolo26n/conv64 | timeout: 10s)
[2026-09-09 16:53:58.874] [121137] [HailoRT] [info] [edge_elements.cpp:287] [create] Created (HwReadEl2yolo26n/conv77 | hw_frame_size: 23040)
[2026-09-09 16:53:58.874] [121137] [HailoRT] [info] [queue_elements.cpp:657] [create] Created (PullQEl_hw_read2yolo26n/conv77)
[2026-09-09 16:53:58.874] [121137] [HailoRT] [info] [filter_elements.cpp:372] [create] Created (PostInferEl2yolo26n/conv77 | Quantization - src_type: UINT16, dst_type FLOAT32, limvals_min: -0.67052, limvals_max: 17.2357)
[2026-09-09 16:53:58.874] [121137] [HailoRT] [info] [queue_elements.cpp:800] [create] Created (UserBuffQEl2yolo26n/conv77 | timeout: 10s)
[2026-09-09 16:53:58.874] [121137] [HailoRT] [info] [vstream.cpp:1114] [OutputVStreamImpl] Creating yolo26n/conv77...
[2026-09-09 16:53:58.874] [121137] [HailoRT] [info] [vstream_builder.cpp:220] [create_outputs] Output pipeline 'yolo26n/conv77': HW >> (HwReadEl2yolo26n/conv77 | hw_frame_size: 23040) >> (PullQEl_hw_read2yolo26n/conv77) >> (PostInferEl2yolo26n/conv77 | Quantization - src_type: UINT16, dst_type FLOAT32, limvals_min: -0.67052, limvals_max: 17.2357) >> (UserBuffQEl2yolo26n/conv77 | timeout: 10s)
[2026-09-09 16:53:58.874] [121137] [HailoRT] [info] [edge_elements.cpp:287] [create] Created (HwReadEl0yolo26n/conv80 | hw_frame_size: 5760)
[2026-09-09 16:53:58.874] [121137] [HailoRT] [info] [queue_elements.cpp:657] [create] Created (PullQEl_hw_read0yolo26n/conv80)
[2026-09-09 16:53:58.874] [121137] [HailoRT] [info] [filter_elements.cpp:372] [create] Created (PostInferEl0yolo26n/conv80 | Quantization - src_type: UINT16, dst_type FLOAT32, limvals_min: -67.4827, limvals_max: 0)
[2026-09-09 16:53:58.874] [121137] [HailoRT] [info] [queue_elements.cpp:800] [create] Created (UserBuffQEl0yolo26n/conv80 | timeout: 10s)
[2026-09-09 16:53:58.874] [121137] [HailoRT] [info] [vstream.cpp:1114] [OutputVStreamImpl] Creating yolo26n/conv80...
[2026-09-09 16:53:58.874] [121137] [HailoRT] [info] [vstream_builder.cpp:220] [create_outputs] Output pipeline 'yolo26n/conv80': HW >> (HwReadEl0yolo26n/conv80 | hw_frame_size: 5760) >> (PullQEl_hw_read0yolo26n/conv80) >> (PostInferEl0yolo26n/conv80 | Quantization - src_type: UINT16, dst_type FLOAT32, limvals_min: -67.4827, limvals_max: 0) >> (UserBuffQEl0yolo26n/conv80 | timeout: 10s)
[2026-09-09 16:53:58.874] [121137] [HailoRT] [info] [edge_elements.cpp:287] [create] Created (HwReadEl3yolo26n/conv91 | hw_frame_size: 11520)
[2026-09-09 16:53:58.875] [121137] [HailoRT] [info] [queue_elements.cpp:657] [create] Created (PullQEl_hw_read3yolo26n/conv91)
[2026-09-09 16:53:58.875] [121137] [HailoRT] [info] [filter_elements.cpp:372] [create] Created (PostInferEl3yolo26n/conv91 | Quantization - src_type: UINT16, dst_type FLOAT32, limvals_min: 0, limvals_max: 8.46146 | Reorder - src_order: FCR, src_shape: (20, 36, 8), dst_order: FCR, dst_shape: (20, 36, 4))
[2026-09-09 16:53:58.875] [121137] [HailoRT] [info] [queue_elements.cpp:800] [create] Created (UserBuffQEl3yolo26n/conv91 | timeout: 10s)
[2026-09-09 16:53:58.875] [121137] [HailoRT] [info] [vstream.cpp:1114] [OutputVStreamImpl] Creating yolo26n/conv91...
[2026-09-09 16:53:58.875] [121137] [HailoRT] [info] [vstream_builder.cpp:220] [create_outputs] Output pipeline 'yolo26n/conv91': HW >> (HwReadEl3yolo26n/conv91 | hw_frame_size: 11520) >> (PullQEl_hw_read3yolo26n/conv91) >> (PostInferEl3yolo26n/conv91 | Quantization - src_type: UINT16, dst_type FLOAT32, limvals_min: 0, limvals_max: 8.46146 | Reorder - src_order: FCR, src_shape: (20, 36, 8), dst_order: FCR, dst_shape: (20, 36, 4)) >> (UserBuffQEl3yolo26n/conv91 | timeout: 10s)
[2026-09-09 16:53:58.875] [121137] [HailoRT] [info] [edge_elements.cpp:287] [create] Created (HwReadEl0yolo26n/conv94 | hw_frame_size: 11520)
[2026-09-09 16:53:58.875] [121137] [HailoRT] [info] [queue_elements.cpp:657] [create] Created (PullQEl_hw_read0yolo26n/conv94)
[2026-09-09 16:53:58.875] [121137] [HailoRT] [info] [filter_elements.cpp:372] [create] Created (PostInferEl0yolo26n/conv94 | Quantization - src_type: UINT16, dst_type FLOAT32, limvals_min: -64.0772, limvals_max: 0 | Reorder - src_order: FCR, src_shape: (20, 36, 8), dst_order: FCR, dst_shape: (20, 36, 1))
[2026-09-09 16:53:58.875] [121137] [HailoRT] [info] [queue_elements.cpp:800] [create] Created (UserBuffQEl0yolo26n/conv94 | timeout: 10s)
[2026-09-09 16:53:58.875] [121137] [HailoRT] [info] [vstream.cpp:1114] [OutputVStreamImpl] Creating yolo26n/conv94...
[2026-09-09 16:53:58.875] [121137] [HailoRT] [info] [vstream_builder.cpp:220] [create_outputs] Output pipeline 'yolo26n/conv94': HW >> (HwReadEl0yolo26n/conv94 | hw_frame_size: 11520) >> (PullQEl_hw_read0yolo26n/conv94) >> (PostInferEl0yolo26n/conv94 | Quantization - src_type: UINT16, dst_type FLOAT32, limvals_min: -64.0772, limvals_max: 0 | Reorder - src_order: FCR, src_shape: (20, 36, 8), dst_order: FCR, dst_shape: (20, 36, 1)) >> (UserBuffQEl0yolo26n/conv94 | timeout: 10s)
[2026-09-09 16:53:58.875] [121137] [HailoRT] [info] [core_op.cpp:156] [activate] Activating yolo26n took 0.462703 milliseconds. Note that the function is asynchronous and thus the network is not fully activated yet.
[2026-09-09 16:53:58.875] [121137] [HailoRT] [info] [core_op.cpp:156] [activate] Activating yolo26n took 0.47263 milliseconds. Note that the function is asynchronous and thus the network is not fully activated yet.
[2026-09-09 16:56:53.207] [121160] [HailoRT] [info] [vdevice_native_stream.cpp:331] [read_impl] Failed read from stream HAILO_STREAM_NOT_ACTIVATED(72) (device: 0001:01:00.0)
[2026-09-09 16:56:53.207] [121158] [HailoRT] [info] [vdevice_native_stream.cpp:331] [read_impl] Failed read from stream HAILO_STREAM_NOT_ACTIVATED(72) (device: 0001:01:00.0)
[2026-09-09 16:56:53.207] [121167] [HailoRT] [info] [vdevice_native_stream.cpp:331] [read_impl] Failed read from stream HAILO_STREAM_NOT_ACTIVATED(72) (device: 0001:01:00.0)
[2026-09-09 16:56:53.207] [121162] [HailoRT] [info] [vdevice_native_stream.cpp:331] [read_impl] Failed read from stream HAILO_STREAM_NOT_ACTIVATED(72) (device: 0001:01:00.0)
[2026-09-09 16:56:53.207] [121170] [HailoRT] [info] [vdevice_native_stream.cpp:331] [read_impl] Failed read from stream HAILO_STREAM_NOT_ACTIVATED(72) (device: 0001:01:00.0)
[2026-09-09 16:56:53.207] [121165] [HailoRT] [info] [vdevice_native_stream.cpp:331] [read_impl] Failed read from stream HAILO_STREAM_NOT_ACTIVATED(72) (device: 0001:01:00.0)
[2026-09-09 16:56:53.207] [121137] [HailoRT] [info] [core_op.cpp:186] [deactivate] Deactivating took 0.523629 ms
[2026-09-09 16:56:53.207] [121137] [HailoRT] [info] [core_op.cpp:186] [deactivate] Deactivating took 0.543611 ms
[2026-09-09 16:56:53.207] [121159] [HailoRT] [info] [queue_elements.cpp:855] [run_in_thread] Shutdown event was signaled in dequeue of UserBuffQEl3yolo26n/conv61!
[2026-09-09 16:56:53.207] [121158] [HailoRT] [info] [queue_elements.cpp:734] [run_in_thread] Shutdown event was signaled in run_pull of queue element PullQEl_hw_read3yolo26n/conv61!
[2026-09-09 16:56:53.207] [121158] [HailoRT] [info] [queue_elements.cpp:68] [operator()] Thread in element PullQEl_hw_read3yolo26n/conv61 is not running anymore, exiting..
[2026-09-09 16:56:53.207] [121137] [HailoRT] [info] [queue_elements.cpp:46] [~BaseQueueElement] Queue element PullQEl_hw_read3yolo26n/conv61 has 0 frames in his Queue on destruction
[2026-09-09 16:56:53.207] [121159] [HailoRT] [info] [queue_elements.cpp:68] [operator()] Thread in element UserBuffQEl3yolo26n/conv61 is not running anymore, exiting..
[2026-09-09 16:56:53.207] [121137] [HailoRT] [info] [queue_elements.cpp:46] [~BaseQueueElement] Queue element UserBuffQEl3yolo26n/conv61 has 0 frames in his Queue on destruction
[2026-09-09 16:56:53.207] [121160] [HailoRT] [info] [queue_elements.cpp:734] [run_in_thread] Shutdown event was signaled in run_pull of queue element PullQEl_hw_read2yolo26n/conv64!
[2026-09-09 16:56:53.207] [121161] [HailoRT] [info] [queue_elements.cpp:855] [run_in_thread] Shutdown event was signaled in dequeue of UserBuffQEl2yolo26n/conv64!
[2026-09-09 16:56:53.207] [121160] [HailoRT] [info] [queue_elements.cpp:68] [operator()] Thread in element PullQEl_hw_read2yolo26n/conv64 is not running anymore, exiting..
[2026-09-09 16:56:53.207] [121137] [HailoRT] [info] [queue_elements.cpp:46] [~BaseQueueElement] Queue element PullQEl_hw_read2yolo26n/conv64 has 0 frames in his Queue on destruction
[2026-09-09 16:56:53.207] [121161] [HailoRT] [info] [queue_elements.cpp:68] [operator()] Thread in element UserBuffQEl2yolo26n/conv64 is not running anymore, exiting..
[2026-09-09 16:56:53.207] [121137] [HailoRT] [info] [queue_elements.cpp:46] [~BaseQueueElement] Queue element UserBuffQEl2yolo26n/conv64 has 0 frames in his Queue on destruction
[2026-09-09 16:56:53.207] [121162] [HailoRT] [info] [queue_elements.cpp:734] [run_in_thread] Shutdown event was signaled in run_pull of queue element PullQEl_hw_read2yolo26n/conv77!
[2026-09-09 16:56:53.207] [121163] [HailoRT] [info] [queue_elements.cpp:855] [run_in_thread] Shutdown event was signaled in dequeue of UserBuffQEl2yolo26n/conv77!
[2026-09-09 16:56:53.207] [121162] [HailoRT] [info] [queue_elements.cpp:68] [operator()] Thread in element PullQEl_hw_read2yolo26n/conv77 is not running anymore, exiting..
[2026-09-09 16:56:53.207] [121137] [HailoRT] [info] [queue_elements.cpp:46] [~BaseQueueElement] Queue element PullQEl_hw_read2yolo26n/conv77 has 0 frames in his Queue on destruction
[2026-09-09 16:56:53.208] [121163] [HailoRT] [info] [queue_elements.cpp:68] [operator()] Thread in element UserBuffQEl2yolo26n/conv77 is not running anymore, exiting..
[2026-09-09 16:56:53.208] [121137] [HailoRT] [info] [queue_elements.cpp:46] [~BaseQueueElement] Queue element UserBuffQEl2yolo26n/conv77 has 0 frames in his Queue on destruction
[2026-09-09 16:56:53.208] [121165] [HailoRT] [info] [queue_elements.cpp:734] [run_in_thread] Shutdown event was signaled in run_pull of queue element PullQEl_hw_read0yolo26n/conv80!
[2026-09-09 16:56:53.208] [121166] [HailoRT] [info] [queue_elements.cpp:855] [run_in_thread] Shutdown event was signaled in dequeue of UserBuffQEl0yolo26n/conv80!
[2026-09-09 16:56:53.208] [121165] [HailoRT] [info] [queue_elements.cpp:68] [operator()] Thread in element PullQEl_hw_read0yolo26n/conv80 is not running anymore, exiting..
[2026-09-09 16:56:53.208] [121137] [HailoRT] [info] [queue_elements.cpp:46] [~BaseQueueElement] Queue element PullQEl_hw_read0yolo26n/conv80 has 0 frames in his Queue on destruction
[2026-09-09 16:56:53.208] [121166] [HailoRT] [info] [queue_elements.cpp:68] [operator()] Thread in element UserBuffQEl0yolo26n/conv80 is not running anymore, exiting..
[2026-09-09 16:56:53.208] [121137] [HailoRT] [info] [queue_elements.cpp:46] [~BaseQueueElement] Queue element UserBuffQEl0yolo26n/conv80 has 0 frames in his Queue on destruction
[2026-09-09 16:56:53.208] [121169] [HailoRT] [info] [queue_elements.cpp:855] [run_in_thread] Shutdown event was signaled in dequeue of UserBuffQEl3yolo26n/conv91!
[2026-09-09 16:56:53.208] [121167] [HailoRT] [info] [queue_elements.cpp:734] [run_in_thread] Shutdown event was signaled in run_pull of queue element PullQEl_hw_read3yolo26n/conv91!
[2026-09-09 16:56:53.208] [121167] [HailoRT] [info] [queue_elements.cpp:68] [operator()] Thread in element PullQEl_hw_read3yolo26n/conv91 is not running anymore, exiting..
[2026-09-09 16:56:53.208] [121137] [HailoRT] [info] [queue_elements.cpp:46] [~BaseQueueElement] Queue element PullQEl_hw_read3yolo26n/conv91 has 0 frames in his Queue on destruction
[2026-09-09 16:56:53.208] [121169] [HailoRT] [info] [queue_elements.cpp:68] [operator()] Thread in element UserBuffQEl3yolo26n/conv91 is not running anymore, exiting..
[2026-09-09 16:56:53.208] [121137] [HailoRT] [info] [queue_elements.cpp:46] [~BaseQueueElement] Queue element UserBuffQEl3yolo26n/conv91 has 0 frames in his Queue on destruction
[2026-09-09 16:56:53.208] [121171] [HailoRT] [info] [queue_elements.cpp:855] [run_in_thread] Shutdown event was signaled in dequeue of UserBuffQEl0yolo26n/conv94!
[2026-09-09 16:56:53.208] [121170] [HailoRT] [info] [queue_elements.cpp:734] [run_in_thread] Shutdown event was signaled in run_pull of queue element PullQEl_hw_read0yolo26n/conv94!
[2026-09-09 16:56:53.208] [121170] [HailoRT] [info] [queue_elements.cpp:68] [operator()] Thread in element PullQEl_hw_read0yolo26n/conv94 is not running anymore, exiting..
[2026-09-09 16:56:53.208] [121137] [HailoRT] [info] [queue_elements.cpp:46] [~BaseQueueElement] Queue element PullQEl_hw_read0yolo26n/conv94 has 0 frames in his Queue on destruction
[2026-09-09 16:56:53.208] [121171] [HailoRT] [info] [queue_elements.cpp:68] [operator()] Thread in element UserBuffQEl0yolo26n/conv94 is not running anymore, exiting..
[2026-09-09 16:56:53.208] [121137] [HailoRT] [info] [queue_elements.cpp:46] [~BaseQueueElement] Queue element UserBuffQEl0yolo26n/conv94 has 0 frames in his Queue on destruction
[2026-09-09 16:59:23.846] [162123] [HailoRT] [info] [vdevice.cpp:535] [create] Creating vdevice with params: device_count: 1, scheduling_algorithm: NONE, multi_process_service: false
[2026-09-09 16:59:23.859] [162123] [HailoRT] [info] [device.cpp:51] [Device] OS Version: Linux 6.18.39+rpt-rpi-2712 #1 SMP PREEMPT Debian 1:6.18.39-1+rpt1 (2026-07-29) aarch64
[2026-09-09 16:59:23.859] [162123] [HailoRT] [info] [control.cpp:113] [control__parse_identify_results] firmware_version is: 4.23.0
[2026-09-09 16:59:23.859] [162123] [HailoRT] [info] [vdevice.cpp:682] [create] VDevice Infos: 0001:01:00.0
[2026-09-09 16:59:23.868] [162123] [HailoRT] [info] [internal_buffer_manager.cpp:77] [print_execution_results] Planned internal buffer memory: CMA=0 CMA-Desc=917504 Pinned=2956800. memory to edge layer usage factor is 0.9621793
[2026-09-09 16:59:23.868] [162123] [HailoRT] [info] [internal_buffer_manager.cpp:86] [print_execution_results] Default Internal buffer planner executed successfully
[2026-09-09 16:59:23.899] [162123] [HailoRT] [info] [device_internal.cpp:57] [configure] Configuring HEF took 39.812746 milliseconds
[2026-09-09 16:59:23.899] [162123] [HailoRT] [info] [vdevice.cpp:780] [configure] Configuring HEF on VDevice took 40.136004 milliseconds
[2026-09-09 16:59:23.899] [162123] [HailoRT] [info] [hef.cpp:1994] [get_network_group_and_network_name] No name was given. Addressing all networks of default network_group: yolo26n
[2026-09-09 16:59:23.899] [162123] [HailoRT] [info] [hef.cpp:1994] [get_network_group_and_network_name] No name was given. Addressing all networks of default network_group: yolo26n
[2026-09-09 16:59:23.900] [162123] [HailoRT] [info] [edge_elements.cpp:52] [create] Created (HwWriteEl2yolo26n/input_layer1 | hw_frame_size: 2211840)
[2026-09-09 16:59:23.900] [162123] [HailoRT] [info] [vstream.cpp:754] [InputVStreamImpl] Creating yolo26n/input_layer1...
[2026-09-09 16:59:23.900] [162123] [HailoRT] [info] [vstream_builder.cpp:102] [create_inputs] Input pipeline 'yolo26n/input_layer1': (HwWriteEl2yolo26n/input_layer1 | hw_frame_size: 2211840) >> HW
[2026-09-09 16:59:23.900] [162123] [HailoRT] [info] [edge_elements.cpp:287] [create] Created (HwReadEl3yolo26n/conv61 | hw_frame_size: 92160)
[2026-09-09 16:59:23.900] [162123] [HailoRT] [info] [queue_elements.cpp:657] [create] Created (PullQEl_hw_read3yolo26n/conv61)
[2026-09-09 16:59:23.900] [162123] [HailoRT] [info] [filter_elements.cpp:372] [create] Created (PostInferEl3yolo26n/conv61 | Quantization - src_type: UINT16, dst_type FLOAT32, limvals_min: -0.881752, limvals_max: 6.27869)
[2026-09-09 16:59:23.900] [162123] [HailoRT] [info] [queue_elements.cpp:800] [create] Created (UserBuffQEl3yolo26n/conv61 | timeout: 10s)
[2026-09-09 16:59:23.900] [162123] [HailoRT] [info] [vstream.cpp:1114] [OutputVStreamImpl] Creating yolo26n/conv61...
[2026-09-09 16:59:23.900] [162123] [HailoRT] [info] [vstream_builder.cpp:220] [create_outputs] Output pipeline 'yolo26n/conv61': HW >> (HwReadEl3yolo26n/conv61 | hw_frame_size: 92160) >> (PullQEl_hw_read3yolo26n/conv61) >> (PostInferEl3yolo26n/conv61 | Quantization - src_type: UINT16, dst_type FLOAT32, limvals_min: -0.881752, limvals_max: 6.27869) >> (UserBuffQEl3yolo26n/conv61 | timeout: 10s)
[2026-09-09 16:59:23.900] [162123] [HailoRT] [info] [edge_elements.cpp:287] [create] Created (HwReadEl2yolo26n/conv64 | hw_frame_size: 23040)
[2026-09-09 16:59:23.900] [162123] [HailoRT] [info] [queue_elements.cpp:657] [create] Created (PullQEl_hw_read2yolo26n/conv64)
[2026-09-09 16:59:23.900] [162123] [HailoRT] [info] [filter_elements.cpp:372] [create] Created (PostInferEl2yolo26n/conv64 | Quantization - src_type: UINT16, dst_type FLOAT32, limvals_min: -164.817, limvals_max: 3.19963)
[2026-09-09 16:59:23.900] [162123] [HailoRT] [info] [queue_elements.cpp:800] [create] Created (UserBuffQEl2yolo26n/conv64 | timeout: 10s)
[2026-09-09 16:59:23.900] [162123] [HailoRT] [info] [vstream.cpp:1114] [OutputVStreamImpl] Creating yolo26n/conv64...
[2026-09-09 16:59:23.900] [162123] [HailoRT] [info] [vstream_builder.cpp:220] [create_outputs] Output pipeline 'yolo26n/conv64': HW >> (HwReadEl2yolo26n/conv64 | hw_frame_size: 23040) >> (PullQEl_hw_read2yolo26n/conv64) >> (PostInferEl2yolo26n/conv64 | Quantization - src_type: UINT16, dst_type FLOAT32, limvals_min: -164.817, limvals_max: 3.19963) >> (UserBuffQEl2yolo26n/conv64 | timeout: 10s)
[2026-09-09 16:59:23.900] [162123] [HailoRT] [info] [edge_elements.cpp:287] [create] Created (HwReadEl2yolo26n/conv77 | hw_frame_size: 23040)
[2026-09-09 16:59:23.900] [162123] [HailoRT] [info] [queue_elements.cpp:657] [create] Created (PullQEl_hw_read2yolo26n/conv77)
[2026-09-09 16:59:23.900] [162123] [HailoRT] [info] [filter_elements.cpp:372] [create] Created (PostInferEl2yolo26n/conv77 | Quantization - src_type: UINT16, dst_type FLOAT32, limvals_min: -0.67052, limvals_max: 17.2357)
[2026-09-09 16:59:23.900] [162123] [HailoRT] [info] [queue_elements.cpp:800] [create] Created (UserBuffQEl2yolo26n/conv77 | timeout: 10s)
[2026-09-09 16:59:23.900] [162123] [HailoRT] [info] [vstream.cpp:1114] [OutputVStreamImpl] Creating yolo26n/conv77...
[2026-09-09 16:59:23.900] [162123] [HailoRT] [info] [vstream_builder.cpp:220] [create_outputs] Output pipeline 'yolo26n/conv77': HW >> (HwReadEl2yolo26n/conv77 | hw_frame_size: 23040) >> (PullQEl_hw_read2yolo26n/conv77) >> (PostInferEl2yolo26n/conv77 | Quantization - src_type: UINT16, dst_type FLOAT32, limvals_min: -0.67052, limvals_max: 17.2357) >> (UserBuffQEl2yolo26n/conv77 | timeout: 10s)
[2026-09-09 16:59:23.900] [162123] [HailoRT] [info] [edge_elements.cpp:287] [create] Created (HwReadEl0yolo26n/conv80 | hw_frame_size: 5760)
[2026-09-09 16:59:23.900] [162123] [HailoRT] [info] [queue_elements.cpp:657] [create] Created (PullQEl_hw_read0yolo26n/conv80)
[2026-09-09 16:59:23.900] [162123] [HailoRT] [info] [filter_elements.cpp:372] [create] Created (PostInferEl0yolo26n/conv80 | Quantization - src_type: UINT16, dst_type FLOAT32, limvals_min: -67.4827, limvals_max: 0)
[2026-09-09 16:59:23.901] [162123] [HailoRT] [info] [queue_elements.cpp:800] [create] Created (UserBuffQEl0yolo26n/conv80 | timeout: 10s)
[2026-09-09 16:59:23.901] [162123] [HailoRT] [info] [vstream.cpp:1114] [OutputVStreamImpl] Creating yolo26n/conv80...
[2026-09-09 16:59:23.901] [162123] [HailoRT] [info] [vstream_builder.cpp:220] [create_outputs] Output pipeline 'yolo26n/conv80': HW >> (HwReadEl0yolo26n/conv80 | hw_frame_size: 5760) >> (PullQEl_hw_read0yolo26n/conv80) >> (PostInferEl0yolo26n/conv80 | Quantization - src_type: UINT16, dst_type FLOAT32, limvals_min: -67.4827, limvals_max: 0) >> (UserBuffQEl0yolo26n/conv80 | timeout: 10s)
[2026-09-09 16:59:23.901] [162123] [HailoRT] [info] [edge_elements.cpp:287] [create] Created (HwReadEl3yolo26n/conv91 | hw_frame_size: 11520)
[2026-09-09 16:59:23.901] [162123] [HailoRT] [info] [queue_elements.cpp:657] [create] Created (PullQEl_hw_read3yolo26n/conv91)
[2026-09-09 16:59:23.901] [162123] [HailoRT] [info] [filter_elements.cpp:372] [create] Created (PostInferEl3yolo26n/conv91 | Quantization - src_type: UINT16, dst_type FLOAT32, limvals_min: 0, limvals_max: 8.46146 | Reorder - src_order: FCR, src_shape: (20, 36, 8), dst_order: FCR, dst_shape: (20, 36, 4))
[2026-09-09 16:59:23.901] [162123] [HailoRT] [info] [queue_elements.cpp:800] [create] Created (UserBuffQEl3yolo26n/conv91 | timeout: 10s)
[2026-09-09 16:59:23.901] [162123] [HailoRT] [info] [vstream.cpp:1114] [OutputVStreamImpl] Creating yolo26n/conv91...
[2026-09-09 16:59:23.901] [162123] [HailoRT] [info] [vstream_builder.cpp:220] [create_outputs] Output pipeline 'yolo26n/conv91': HW >> (HwReadEl3yolo26n/conv91 | hw_frame_size: 11520) >> (PullQEl_hw_read3yolo26n/conv91) >> (PostInferEl3yolo26n/conv91 | Quantization - src_type: UINT16, dst_type FLOAT32, limvals_min: 0, limvals_max: 8.46146 | Reorder - src_order: FCR, src_shape: (20, 36, 8), dst_order: FCR, dst_shape: (20, 36, 4)) >> (UserBuffQEl3yolo26n/conv91 | timeout: 10s)
[2026-09-09 16:59:23.901] [162123] [HailoRT] [info] [edge_elements.cpp:287] [create] Created (HwReadEl0yolo26n/conv94 | hw_frame_size: 11520)
[2026-09-09 16:59:23.901] [162123] [HailoRT] [info] [queue_elements.cpp:657] [create] Created (PullQEl_hw_read0yolo26n/conv94)
[2026-09-09 16:59:23.901] [162123] [HailoRT] [info] [filter_elements.cpp:372] [create] Created (PostInferEl0yolo26n/conv94 | Quantization - src_type: UINT16, dst_type FLOAT32, limvals_min: -64.0772, limvals_max: 0 | Reorder - src_order: FCR, src_shape: (20, 36, 8), dst_order: FCR, dst_shape: (20, 36, 1))
[2026-09-09 16:59:23.901] [162123] [HailoRT] [info] [queue_elements.cpp:800] [create] Created (UserBuffQEl0yolo26n/conv94 | timeout: 10s)
[2026-09-09 16:59:23.901] [162123] [HailoRT] [info] [vstream.cpp:1114] [OutputVStreamImpl] Creating yolo26n/conv94...
[2026-09-09 16:59:23.901] [162123] [HailoRT] [info] [vstream_builder.cpp:220] [create_outputs] Output pipeline 'yolo26n/conv94': HW >> (HwReadEl0yolo26n/conv94 | hw_frame_size: 11520) >> (PullQEl_hw_read0yolo26n/conv94) >> (PostInferEl0yolo26n/conv94 | Quantization - src_type: UINT16, dst_type FLOAT32, limvals_min: -64.0772, limvals_max: 0 | Reorder - src_order: FCR, src_shape: (20, 36, 8), dst_order: FCR, dst_shape: (20, 36, 1)) >> (UserBuffQEl0yolo26n/conv94 | timeout: 10s)
[2026-09-09 16:59:23.902] [162123] [HailoRT] [info] [core_op.cpp:156] [activate] Activating yolo26n took 0.513944 milliseconds. Note that the function is asynchronous and thus the network is not fully activated yet.
[2026-09-09 16:59:23.902] [162123] [HailoRT] [info] [core_op.cpp:156] [activate] Activating yolo26n took 0.524444 milliseconds. Note that the function is asynchronous and thus the network is not fully activated yet.
[2026-09-09 17:00:21.122] [162159] [HailoRT] [info] [vdevice_native_stream.cpp:331] [read_impl] Failed read from stream HAILO_STREAM_NOT_ACTIVATED(72) (device: 0001:01:00.0)
[2026-09-09 17:00:21.122] [162169] [HailoRT] [info] [vdevice_native_stream.cpp:331] [read_impl] Failed read from stream HAILO_STREAM_NOT_ACTIVATED(72) (device: 0001:01:00.0)
[2026-09-09 17:00:21.122] [162161] [HailoRT] [info] [vdevice_native_stream.cpp:331] [read_impl] Failed read from stream HAILO_STREAM_NOT_ACTIVATED(72) (device: 0001:01:00.0)
[2026-09-09 17:00:21.122] [162157] [HailoRT] [info] [vdevice_native_stream.cpp:331] [read_impl] Failed read from stream HAILO_STREAM_NOT_ACTIVATED(72) (device: 0001:01:00.0)
[2026-09-09 17:00:21.122] [162164] [HailoRT] [info] [vdevice_native_stream.cpp:331] [read_impl] Failed read from stream HAILO_STREAM_NOT_ACTIVATED(72) (device: 0001:01:00.0)
[2026-09-09 17:00:21.122] [162167] [HailoRT] [info] [vdevice_native_stream.cpp:331] [read_impl] Failed read from stream HAILO_STREAM_NOT_ACTIVATED(72) (device: 0001:01:00.0)
[2026-09-09 17:00:21.123] [162123] [HailoRT] [info] [core_op.cpp:186] [deactivate] Deactivating took 0.48437 ms
[2026-09-09 17:00:21.123] [162123] [HailoRT] [info] [core_op.cpp:186] [deactivate] Deactivating took 0.500167 ms
[2026-09-09 17:00:21.123] [162158] [HailoRT] [info] [queue_elements.cpp:855] [run_in_thread] Shutdown event was signaled in dequeue of UserBuffQEl3yolo26n/conv61!
[2026-09-09 17:00:21.123] [162157] [HailoRT] [info] [queue_elements.cpp:734] [run_in_thread] Shutdown event was signaled in run_pull of queue element PullQEl_hw_read3yolo26n/conv61!
[2026-09-09 17:00:21.123] [162157] [HailoRT] [info] [queue_elements.cpp:68] [operator()] Thread in element PullQEl_hw_read3yolo26n/conv61 is not running anymore, exiting..
[2026-09-09 17:00:21.123] [162123] [HailoRT] [info] [queue_elements.cpp:46] [~BaseQueueElement] Queue element PullQEl_hw_read3yolo26n/conv61 has 0 frames in his Queue on destruction
[2026-09-09 17:00:21.123] [162158] [HailoRT] [info] [queue_elements.cpp:68] [operator()] Thread in element UserBuffQEl3yolo26n/conv61 is not running anymore, exiting..
[2026-09-09 17:00:21.123] [162123] [HailoRT] [info] [queue_elements.cpp:46] [~BaseQueueElement] Queue element UserBuffQEl3yolo26n/conv61 has 0 frames in his Queue on destruction
[2026-09-09 17:00:21.123] [162159] [HailoRT] [info] [queue_elements.cpp:734] [run_in_thread] Shutdown event was signaled in run_pull of queue element PullQEl_hw_read2yolo26n/conv64!
[2026-09-09 17:00:21.123] [162160] [HailoRT] [info] [queue_elements.cpp:855] [run_in_thread] Shutdown event was signaled in dequeue of UserBuffQEl2yolo26n/conv64!
[2026-09-09 17:00:21.123] [162159] [HailoRT] [info] [queue_elements.cpp:68] [operator()] Thread in element PullQEl_hw_read2yolo26n/conv64 is not running anymore, exiting..
[2026-09-09 17:00:21.123] [162123] [HailoRT] [info] [queue_elements.cpp:46] [~BaseQueueElement] Queue element PullQEl_hw_read2yolo26n/conv64 has 0 frames in his Queue on destruction
[2026-09-09 17:00:21.123] [162160] [HailoRT] [info] [queue_elements.cpp:68] [operator()] Thread in element UserBuffQEl2yolo26n/conv64 is not running anymore, exiting..
[2026-09-09 17:00:21.123] [162123] [HailoRT] [info] [queue_elements.cpp:46] [~BaseQueueElement] Queue element UserBuffQEl2yolo26n/conv64 has 0 frames in his Queue on destruction
[2026-09-09 17:00:21.123] [162161] [HailoRT] [info] [queue_elements.cpp:734] [run_in_thread] Shutdown event was signaled in run_pull of queue element PullQEl_hw_read2yolo26n/conv77!
[2026-09-09 17:00:21.123] [162162] [HailoRT] [info] [queue_elements.cpp:855] [run_in_thread] Shutdown event was signaled in dequeue of UserBuffQEl2yolo26n/conv77!
[2026-09-09 17:00:21.123] [162161] [HailoRT] [info] [queue_elements.cpp:68] [operator()] Thread in element PullQEl_hw_read2yolo26n/conv77 is not running anymore, exiting..
[2026-09-09 17:00:21.123] [162123] [HailoRT] [info] [queue_elements.cpp:46] [~BaseQueueElement] Queue element PullQEl_hw_read2yolo26n/conv77 has 0 frames in his Queue on destruction
[2026-09-09 17:00:21.123] [162162] [HailoRT] [info] [queue_elements.cpp:68] [operator()] Thread in element UserBuffQEl2yolo26n/conv77 is not running anymore, exiting..
[2026-09-09 17:00:21.123] [162123] [HailoRT] [info] [queue_elements.cpp:46] [~BaseQueueElement] Queue element UserBuffQEl2yolo26n/conv77 has 0 frames in his Queue on destruction
[2026-09-09 17:00:21.123] [162165] [HailoRT] [info] [queue_elements.cpp:855] [run_in_thread] Shutdown event was signaled in dequeue of UserBuffQEl0yolo26n/conv80!
[2026-09-09 17:00:21.123] [162164] [HailoRT] [info] [queue_elements.cpp:734] [run_in_thread] Shutdown event was signaled in run_pull of queue element PullQEl_hw_read0yolo26n/conv80!
[2026-09-09 17:00:21.123] [162164] [HailoRT] [info] [queue_elements.cpp:68] [operator()] Thread in element PullQEl_hw_read0yolo26n/conv80 is not running anymore, exiting..
[2026-09-09 17:00:21.123] [162123] [HailoRT] [info] [queue_elements.cpp:46] [~BaseQueueElement] Queue element PullQEl_hw_read0yolo26n/conv80 has 0 frames in his Queue on destruction
[2026-09-09 17:00:21.123] [162165] [HailoRT] [info] [queue_elements.cpp:68] [operator()] Thread in element UserBuffQEl0yolo26n/conv80 is not running anymore, exiting..
[2026-09-09 17:00:21.123] [162123] [HailoRT] [info] [queue_elements.cpp:46] [~BaseQueueElement] Queue element UserBuffQEl0yolo26n/conv80 has 0 frames in his Queue on destruction
[2026-09-09 17:00:21.123] [162168] [HailoRT] [info] [queue_elements.cpp:855] [run_in_thread] Shutdown event was signaled in dequeue of UserBuffQEl3yolo26n/conv91!
[2026-09-09 17:00:21.123] [162167] [HailoRT] [info] [queue_elements.cpp:734] [run_in_thread] Shutdown event was signaled in run_pull of queue element PullQEl_hw_read3yolo26n/conv91!
[2026-09-09 17:00:21.123] [162167] [HailoRT] [info] [queue_elements.cpp:68] [operator()] Thread in element PullQEl_hw_read3yolo26n/conv91 is not running anymore, exiting..
[2026-09-09 17:00:21.123] [162123] [HailoRT] [info] [queue_elements.cpp:46] [~BaseQueueElement] Queue element PullQEl_hw_read3yolo26n/conv91 has 0 frames in his Queue on destruction
[2026-09-09 17:00:21.123] [162168] [HailoRT] [info] [queue_elements.cpp:68] [operator()] Thread in element UserBuffQEl3yolo26n/conv91 is not running anymore, exiting..
[2026-09-09 17:00:21.123] [162123] [HailoRT] [info] [queue_elements.cpp:46] [~BaseQueueElement] Queue element UserBuffQEl3yolo26n/conv91 has 0 frames in his Queue on destruction
[2026-09-09 17:00:21.123] [162169] [HailoRT] [info] [queue_elements.cpp:734] [run_in_thread] Shutdown event was signaled in run_pull of queue element PullQEl_hw_read0yolo26n/conv94!
[2026-09-09 17:00:21.123] [162170] [HailoRT] [info] [queue_elements.cpp:855] [run_in_thread] Shutdown event was signaled in dequeue of UserBuffQEl0yolo26n/conv94!
[2026-09-09 17:00:21.123] [162169] [HailoRT] [info] [queue_elements.cpp:68] [operator()] Thread in element PullQEl_hw_read0yolo26n/conv94 is not running anymore, exiting..
[2026-09-09 17:00:21.123] [162123] [HailoRT] [info] [queue_elements.cpp:46] [~BaseQueueElement] Queue element PullQEl_hw_read0yolo26n/conv94 has 0 frames in his Queue on destruction
[2026-09-09 17:00:21.123] [162170] [HailoRT] [info] [queue_elements.cpp:68] [operator()] Thread in element UserBuffQEl0yolo26n/conv94 is not running anymore, exiting..
[2026-09-09 17:00:21.123] [162123] [HailoRT] [info] [queue_elements.cpp:46] [~BaseQueueElement] Queue element UserBuffQEl0yolo26n/conv94 has 0 frames in his Queue on destruction
